Dim_1,Dim_2,label,fit
-0.18872661804674765,0.15452383925468066,H000,1.0
-0.18872661804674765,0.15452383925468066,H001,0.9844472003322131
0.04258474191279335,0.42527312502713727,H002,0.9618830286879517
0.04258474191279335,0.42527312502713727,H003,0.946330229020165
0.5334460034790377,0.37637224210401504,H004,0.9292349291259611
0.5334460034790377,0.37637224210401504,H005,0.9136821294581742
-0.3663142776160254,-0.17359848564858743,H006,0.8992125144545016
-0.07494745511483228,0.3042389316667868,H007,0.8987230899143819
0.7647573634385786,0.6471215278764718,H008,0.8911179578139131
0.22234762812620448,-0.0035093134038906987,H009,0.8874674351420327
-0.3663142776160254,-0.17359848564858743,H010,0.8836597147867145
-0.07494745511483228,0.3042389316667868,H011,0.883170290246595
0.4196668405471222,0.22665714969190892,H012,0.8825178357672802
0.7647573634385786,0.6471215278764718,H013,0.8755651581461261
0.22234762812620448,-0.0035093134038906987,H014,0.8719146354742457
0.4196668405471222,0.22665714969190892,H015,0.866965036099493
-0.1350029176564844,0.09715080012386917,H016,0.8610955431424534
0.15636390484470872,0.5749882174392434,H017,0.8606061186023339
0.45365898808574545,0.26723997236856595,H018,0.8493504638299847
-0.4970050336012253,0.23883604016342502,H019,0.8472801884498115
-0.1350029176564844,0.09715080012386917,H020,0.8455427434746665
0.15636390484470872,0.5749882174392434,H021,0.845053318934547
0.6509782005066632,0.4974064354643655,H022,0.844400864455232
0.45365898808574545,0.26723997236856595,H023,0.8337976641621978
0.6509782005066632,0.4974064354643655,H024,0.8288480647874453
0.3558583439097599,0.04824991720074705,H025,0.8284474435804627
-0.4970050336012253,0.23883604016342502,H026,0.8190494570374185
0.9445202496519899,0.21833908944544372,H027,0.8167023642679939
0.3558583439097599,0.04824991720074705,H028,0.8128946439126759
-0.3194173740319476,0.5669583650666931,H029,0.8104284733393573
-0.2656936736416843,0.5095853259358817,H030,0.8091632171377633
0.9445202496519899,0.21833908944544372,H031,0.8011495646002071
-0.25253511468411005,-0.023883393236481268,H032,0.7979356043688836
-0.04258474191279335,-0.42527312502713727,H033,0.7937988266700488
0.587169703869301,0.31899920297320367,H034,0.7903304722684148
0.2656936736416843,-0.5095853259358817,H035,0.7887165344745345
0.04475996855692674,-0.33163163830715875,H036,0.7866799495965344
0.3361267910581198,0.1462057790082154,H037,0.7861905250564147
0.6586900474260086,-0.3423744854212338,H038,0.7854433280523733
-0.45365898808574545,-0.26723997236856595,H039,0.7847703822693546
-0.25253511468411005,-0.023883393236481268,H040,0.7823828047010967
-0.3194173740319476,0.5669583650666931,H041,0.782197741926964
0.24207918097784456,-0.1014651752113591,H042,0.7817303502217816
-0.2656936736416843,0.5095853259358817,H043,0.7809324857253702
-0.14538057253126782,-0.3515521732773103,H044,0.7796880900738403
1.1758316096115307,0.48908837521790044,H045,0.7785853929559459
0.18872661804674765,-0.15452383925468066,H046,0.7781356992118051
0.22516758792456001,0.4606844430127595,H047,0.7765151175757726
0.587169703869301,0.31899920297320367,H048,0.7747776726006277
0.2656936736416843,-0.5095853259358817,H049,0.7731637348067474
0.4970050336012253,-0.23883604016342502,H050,0.7730534070162909
-0.7647573634385786,-0.6471215278764718,H051,0.7727443762159222
-0.08810601407240662,0.8377076508391496,H052,0.7723115020273094
0.04475996855692674,-0.33163163830715875,H053,0.7711271499287474
0.3361267910581198,0.1462057790082154,H054,0.7706377253886281
-0.4294151858213441,0.27583499946164586,H055,0.7706281040445683
0.8307410867200744,0.06862399703333756,H056,0.769985270909313
0.6586900474260086,-0.3423744854212338,H057,0.7698905283845865
-0.22234762812620448,0.0035093134038906987,H058,0.769107254811111
-0.45647894788410104,-0.7314337287852163,H059,0.7676620840204079
0.24207918097784456,-0.1014651752113591,H060,0.7661775505539947
-0.04258474191279335,-0.42527312502713727,H061,0.7655680952576557
-0.1211367702668665,0.1915227985529015,H062,0.765545811849054
-0.06348257409977684,-0.5642228882705681,H063,0.7643888775982467
-0.14538057253126782,-0.3515521732773103,H064,0.7641352904060534
0.08593078742827318,-0.08080288750485366,H065,0.7640249626155967
-1.1758316096115307,-0.48908837521790044,H066,0.7637159318152282
1.1758316096115307,0.48908837521790044,H067,0.763032593288159
-0.8404894319942963,0.4338681521202172,H068,0.7615996596438743
-0.021223754724569027,0.24686589253597535,H069,0.7598186330568356
-0.8675531940570532,-0.5734005761266449,H070,0.7586336396197138
0.4970050336012253,-0.23883604016342502,H071,0.757500607348504
-0.5334460034790377,-0.37637224210401504,H072,0.7570812487576788
0.1350029176564844,-0.09715080012386917,H073,0.7569471115595946
-0.45365898808574545,-0.26723997236856595,H074,0.7565396508569615
-0.5322110164398186,0.3495559512114728,H075,0.7565173674483601
-0.19810382586180317,0.5465842852341024,H076,0.7549649765863249
0.8307410867200744,0.06862399703333756,H077,0.7544324712415261
-0.45647894788410104,-0.7314337287852163,H078,0.752109284352621
-0.22516758792456001,-0.4606844430127595,H079,0.7519989565621645
-0.1211367702668665,0.1915227985529015,H080,0.7499930121812669
0.18872661804674765,-0.15452383925468066,H081,0.7499049677994121
0.1101745896926745,0.4622720843253581,H082,0.7498826843908106
-0.06348257409977684,-0.5642228882705681,H083,0.7488360779304601
0.27607132851646776,-0.06088235253470217,H084,0.7485629782844864
0.08593078742827318,-0.08080288750485366,H085,0.7484721629478097
0.22516758792456001,0.4606844430127595,H086,0.7482843861633797
0.5674381510176608,0.41695506478067207,H087,0.7480735537443668
-0.9445202496519899,-0.21833908944544372,H088,0.7480528043569846
-0.27607132851646776,0.06088235253470217,H089,0.7479186671589004
0.8900014073855494,-0.07162519964877719,H090,0.7473263567403254
-0.15636390484470872,-0.5749882174392434,H091,0.7470817333113677
-0.3832258706693099,0.38855113257553114,H092,0.7460032783641936
-0.6091780720347553,0.7046174378926738,H093,0.7459365321856307
-0.7647573634385786,-0.6471215278764718,H094,0.7445136448035291
-0.021223754724569027,0.24686589253597535,H095,0.7442658333890485
-0.08810601407240662,0.8377076508391496,H096,0.7440807706149163
0.47339054093738564,0.1692841105610975,H097,0.7436133789097337
-0.8675531940570532,-0.5734005761266449,H098,0.7430808399519269
-0.6362418340975121,-0.3026512903541882,H099,0.7429705121614704
-0.4294151858213441,0.27583499946164586,H100,0.7423973726321752
0.15191451070976894,-0.6593004183479879,H101,0.7419994411158535
0.3663142776160254,0.17359848564858743,H102,0.7412839841013512
-0.5322110164398186,0.3495559512114728,H103,0.740964567780573
-0.22234762812620448,0.0035093134038906987,H104,0.7408765233987179
-0.3008996564802776,0.6203052369839295,H105,0.7408542399901165
0.4027552474938376,0.7888067679160277,H106,0.7396634024653185
0.5449108844940932,-0.4920895778333399,H107,0.7387262346936924
0.45647894788410104,0.7314337287852163,H108,0.7383981462637247
-0.5674381510176608,-0.41695506478067207,H109,0.7380532889106735
-0.22516758792456001,-0.4606844430127595,H110,0.7364461568943776
-0.587169703869301,-0.31899920297320367,H111,0.7358926611054682
-1.1758316096115307,-0.48908837521790044,H112,0.7354852004028349
-0.08593078742827318,0.08080288750485366,H113,0.7347476235918443
0.1101745896926745,0.4622720843253581,H114,0.7343298847230235
-0.2518275262520665,0.6039573243649138,H115,0.7337763889341141
-0.8404894319942963,0.4338681521202172,H116,0.7333689282314813
0.27607132851646776,-0.06088235253470217,H117,0.7330101786166993
-0.25915973546318316,-0.5012672656894165,H118,0.7329709967151592
0.5674381510176608,0.41695506478067207,H119,0.7325207540765798
-0.04475996855692674,0.33163163830715875,H120,0.7322555397006569
1.0620524466796153,0.3393732828057942,H121,0.7318682995972651
0.8900014073855494,-0.07162519964877719,H122,0.7317735570725383
0.07494745511483228,-0.3042389316667868,H123,0.731418605853124
0.11138842499264465,0.3109693506006534,H124,0.7297980242170916
-0.5334460034790377,-0.37637224210401504,H125,0.7288505173452857
0.1350029176564844,-0.09715080012386917,H126,0.7287163801472015
0.47339054093738564,0.1692841105610975,H127,0.7280605792419468
-0.6362418340975121,-0.3026512903541882,H128,0.7274177124936834
-0.9982439500422532,-0.1609660503146323,H129,0.726864216704774
-0.19810382586180317,0.5465842852341024,H130,0.7267342451739318
0.15191451070976894,-0.6593004183479879,H131,0.7264466414480667
0.3832258706693099,-0.38855113257553114,H132,0.7263363136576098
0.16782878585976416,-0.29347360249811155,H133,0.7262719062861989
-0.3008996564802776,0.6203052369839295,H134,0.7253014403223295
-0.6629017724250186,0.7619904770234852,H135,0.7247479445334202
0.5449108844940932,-0.4920895778333399,H136,0.7231734350259055
-0.3361267910581198,-0.1462057790082154,H137,0.7223901614524301
-0.3558583439097599,-0.04824991720074705,H138,0.7202295336472244
-0.9445202496519899,-0.21833908944544372,H139,0.7198220729445916
-0.27607132851646776,0.06088235253470217,H140,0.7196879357465074
-0.15636390484470872,-0.5749882174392434,H141,0.7188510018989747
-0.02051616629252548,0.8747066101373703,H142,0.7181132614758707
-0.3832258706693099,0.38855113257553114,H143,0.7177725469518005
-0.6091780720347553,0.7046174378926738,H144,0.7177058007732376
-0.25915973546318316,-0.5012672656894165,H145,0.7174181970473725
-0.027848375503642192,-0.23051797991695983,H146,0.7173078692569156
1.0620524466796153,0.3393732828057942,H147,0.7163154999294781
0.7669325900827121,-0.1097832354578243,H148,0.7159148787224956
0.19810382586180317,-0.5465842852341024,H149,0.7132120901902168
0.3663142776160254,0.17359848564858743,H150,0.7130532526889577
0.4027552474938376,0.7888067679160277,H151,0.7114326710529254
-0.7669325900827121,0.1097832354578243,H152,0.7112010892465304
0.3832258706693099,-0.38855113257553114,H153,0.7107835139898229
0.16782878585976416,-0.29347360249811155,H154,0.710719106618412
0.021223754724569027,-0.24686589253597535,H155,0.7102300182009135
0.45647894788410104,0.7314337287852163,H156,0.7101674148513316
-0.5674381510176608,-0.41695506478067207,H157,0.7098225574982805
-0.20563821110003225,0.7166734574787993,H158,0.7091515632537393
-0.4315904124654776,1.0327397627959416,H159,0.7090848170751765
-0.15191451070976894,0.6593004183479879,H160,0.7078863070521455
-0.587169703869301,-0.31899920297320367,H161,0.7076619296930752
-0.08593078742827318,0.08080288750485366,H162,0.7065168921794512
-0.2518275262520665,0.6039573243649138,H163,0.705545657521721
-0.04475996855692674,0.33163163830715875,H164,0.7040248082882637
0.07494745511483228,-0.3042389316667868,H165,0.703187874440731
-0.027848375503642192,-0.23051797991695983,H166,0.7017550695891289
0.11138842499264465,0.3109693506006534,H167,0.7015672928046985
0.6340666074533786,1.059556053688484,H168,0.7015464311532705
-0.38985049144838313,-0.08883273987740399,H169,0.7012015738002193
0.7762222444536341,-0.2213402920608833,H170,0.7006092633816444
0.7669325900827121,-0.1097832354578243,H171,0.7003620790547086
0.2927574357044411,0.49768340231098046,H172,0.6998630331705294
-0.9982439500422532,-0.1609660503146323,H173,0.698633485292381
0.09165687214100451,0.4089252124081217,H174,0.69789590848139
0.19810382586180317,-0.5465842852341024,H175,0.6976592905224297
0.14538057253126782,0.3515521732773103,H176,0.6966306522797964
-0.6629017724250186,0.7619904770234852,H177,0.6965172131210269
0.6010358512589188,0.413371201402236,H178,0.6947807409750152
0.25253511468411005,0.023883393236481268,H179,0.6945668907426701
-0.3361267910581198,-0.1462057790082154,H180,0.6941594300400368
0.28897608456192236,0.6390916755039214,H181,0.6929463091066373
-0.5240687956639821,-0.768432688083437,H182,0.6921576397360902
-0.3558583439097599,-0.04824991720074705,H183,0.6919988022348313
0.34269978495218567,0.58171863637311,H184,0.6916810529050436
-0.11831681046851097,0.6557165549695518,H185,0.6908345887698355
-0.02051616629252548,0.8747066101373703,H186,0.6898825300634772
0.08810601407240662,-0.8377076508391496,H187,0.687929048929036
0.18996160508596668,0.5714043540608074,H188,0.685752296574321
-0.1585391314888421,0.18191654589505263,H189,0.6855384463419759
0.1585391314888421,-0.18191654589505263,H190,0.6854030395109164
0.7762222444536341,-0.2213402920608833,H191,0.6850564637138574
0.48110238785673076,-0.6704968103245016,H192,0.684655842506875
0.5240687956639821,0.768432688083437,H193,0.6841999057122861
-0.7669325900827121,0.1097832354578243,H194,0.6829703578341372
0.021223754724569027,-0.24686589253597535,H195,0.6819992867885205
-0.20563821110003225,0.7166734574787993,H196,0.6809208318413463
-0.4315904124654776,1.0327397627959416,H197,0.6808540856627833
-0.15191451070976894,0.6593004183479879,H198,0.6796555756397525
0.6010358512589188,0.413371201402236,H199,0.6792279413072283
0.8323472112184597,0.6841204871746925,H200,0.6791176135167718
-0.3229682321005455,-0.6796744981805781,H201,0.6789006045283418
0.9982439500422532,0.1609660503146323,H202,0.6777979074104475
-0.5240687956639821,-0.768432688083437,H203,0.6766048400683032
0.11299454949103002,0.9264658407420084,H204,0.6751714613115921
0.4294151858213441,-0.27583499946164586,H205,0.6750951188781686
0.6340666074533786,1.059556053688484,H206,0.6733156997408772
-0.38985049144838313,-0.08883273987740399,H207,0.6729708423878262
1.0697642935989606,-0.5004076380798052,H208,0.6729107631944062
0.08810601407240662,-0.8377076508391496,H209,0.6723762492612493
0.3194173740319476,-0.5669583650666931,H210,0.6722659214707926
0.2927574357044411,0.49768340231098046,H211,0.6716323017581364
-0.6509782005066632,-0.4974064354643655,H212,0.6714674661303044
0.02567314885950875,0.9874227432512558,H213,0.6710345919416913
0.18996160508596668,0.5714043540608074,H214,0.6701994969065341
0.4212729650455075,0.842153639833264,H215,0.6700891691160776
0.1585391314888421,-0.18191654589505263,H216,0.6698502398431295
0.09165687214100451,0.4089252124081217,H217,0.6696651770689971
-0.3156360228894287,0.4255500918737521,H218,0.6693511939589503
0.6531534271507967,-0.25949832786993043,H219,0.6691977853638145
0.48110238785673076,-0.6704968103245016,H220,0.669103042839088
0.14538057253126782,0.3515521732773103,H221,0.6683999208674033
-0.6340666074533786,-1.059556053688484,H222,0.6668745984749096
0.0843246629298878,-0.6962993776462086,H223,0.6664949968315357
-0.34269978495218567,-0.58171863637311,H224,0.6663851739347901
0.25253511468411005,0.023883393236481268,H225,0.666336159330277
-0.2987244298361442,-0.1365995263503666,H226,0.6647583263035555
0.28897608456192236,0.6390916755039214,H227,0.6647155776942444
-0.007357607334951138,0.3412378909650076,H228,0.664268901763436
0.6362418340975121,0.3026512903541882,H229,0.6639825527178055
-0.24107023366905453,-0.8923452131738362,H230,0.6636013920527484
0.8323472112184597,0.6841204871746925,H231,0.6635648138489847
0.34269978495218567,0.58171863637311,H232,0.6634503214926506
-0.3229682321005455,-0.6796744981805781,H233,0.6633478048605551
-0.09165687214100451,-0.4089252124081217,H234,0.6632374770700984
0.05029658883213853,-0.41450779585846204,H235,0.6631119675126289
0.4703450952737188,0.8258057272142484,H236,0.6630113180600753
-0.11831681046851097,0.6557165549695518,H237,0.6626038573574424
-1.0620524466796153,-0.3393732828057942,H238,0.6624390217296102
0.9982439500422532,0.1609660503146323,H239,0.6622451077426604
-0.7267102690623809,0.5835832445323235,H240,0.6603227495582563
0.3229682321005455,0.6796744981805781,H241,0.6597789371693421
0.4294151858213441,-0.27583499946164586,H242,0.6595423192103819
-1.0451408536263307,-0.9015229010299127,H243,0.6578461540742154
1.0697642935989606,-0.5004076380798052,H244,0.6573579635266193
-0.7537740311251379,-0.4236854837145387,H245,0.657356729534096
-0.1585391314888421,0.18191654589505263,H246,0.6573077149295828
0.3194173740319476,-0.5669583650666931,H247,0.6567131218030055
0.5240687956639821,0.768432688083437,H248,0.655969174299893
-0.4196668405471222,-0.22665714969190892,H249,0.6558043386720608
-0.7097986760090964,0.021433626308204765,H250,0.6557298819028615
-0.41843185350790324,0.49927104362357894,H251,0.6552404573627418
0.5202874445214632,0.9098409612763779,H252,0.6548293377945894
0.4212729650455075,0.842153639833264,H253,0.6545363694482906
-0.2927574357044411,-0.49768340231098046,H254,0.6540406684240423
0.05927084910076666,0.9838388798728198,H255,0.6539828736593813
-0.0843246629298878,0.6962993776462086,H256,0.6536880665007069
0.6531534271507967,-0.25949832786993043,H257,0.6536449856960278
0.1789782727725258,0.34796830989887423,H258,0.6531459398118484
0.3475916720731753,-0.7222560409291395,H259,0.6518563127402797
-0.6340666074533786,-1.059556053688484,H260,0.6513217988071225
-0.4027552474938376,-0.7888067679160277,H261,0.651211471016666
0.0843246629298878,-0.6962993776462086,H262,0.6509421971637488
-0.34269978495218567,-0.58171863637311,H263,0.650832374267003
-0.11138842499264465,-0.3109693506006534,H264,0.6507220464765465
-0.2987244298361442,-0.1365995263503666,H265,0.6492055266357688
-0.06741306987660325,0.13414975942209006,H266,0.6490951988453121
-0.007357607334951138,0.3412378909650076,H267,0.6487161020956491
0.22395375262458986,0.6119871767374642,H268,0.6486057743051926
0.4872566883270034,0.26365610899012976,H269,0.6480636476163342
-0.24107023366905453,-0.8923452131738362,H270,0.6480485923849616
-0.09165687214100451,-0.4089252124081217,H271,0.6476846774023114
0.05029658883213853,-0.41450779585846204,H272,0.6475591678448419
0.7016564552332597,1.096555012986705,H273,0.6473481906018319
0.38985049144838313,0.08883273987740399,H274,0.6472860681988685
0.11299454949103002,0.9264658407420084,H275,0.646940729899199
-0.8307410867200744,-0.06862399703333756,H276,0.6467758942713666
0.7124137478162719,-0.39974752455204515,H277,0.6465388711948269
-0.4953989091028399,0.8543325303047801,H278,0.6446596221000129
-0.23209597340042634,0.5060014625574456,H279,0.6441174954111544
-0.6509782005066632,-0.4974064354643655,H280,0.6432367347179114
0.02567314885950875,0.9874227432512558,H281,0.642803860529298
-1.0451408536263307,-0.9015229010299127,H282,0.6422933544064285
-0.8138294936667898,-0.6307736152574562,H283,0.6421830266159718
-0.7537740311251379,-0.4236854837145387,H284,0.6418039298663089
-0.5224626711655967,-0.15293619794208202,H285,0.6416936020758524
-0.02567314885950875,-0.9874227432512558,H286,0.6412119555703549
-0.3156360228894287,0.4255500918737521,H287,0.6411204625465573
-0.7097986760090964,0.021433626308204765,H288,0.6401770822350746
-0.4784873160495554,0.2921829120806614,H289,0.6400667544446181
-0.41843185350790324,0.49927104362357894,H290,0.639687657694955
-0.18712049354836227,0.7700203293960356,H291,0.6395773299044984
0.07618244215405126,0.4216892616487011,H292,0.6390352032156401
-0.2927574357044411,-0.49768340231098046,H293,0.6384878687562553
0.29058220906030763,1.2545881656452762,H294,0.6383197462011376
0.3673232249248154,-0.8202119027366078,H295,0.6379387491481938
0.41028963273206676,0.6187175956713308,H296,0.6374828123536049
0.3475916720731753,-0.7222560409291395,H297,0.636303513072493
0.6362418340975121,0.3026512903541882,H298,0.6357518213054124
-0.4027552474938376,-0.7888067679160277,H299,0.6356586713488791
-0.11138842499264465,-0.3109693506006534,H300,0.6351692468087596
1.3010756535585015,-0.22965835230734855,H301,0.6347937918823583
0.4703450952737188,0.8258057272142484,H302,0.6347805866476822
-0.47339054093738564,-0.1692841105610975,H303,0.6346157510198502
-1.0620524466796153,-0.3393732828057942,H304,0.6342082903172171
-0.06741306987660325,0.13414975942209006,H305,0.633542399177525
0.027848375503642192,0.23051797991695983,H306,0.6334707135062263
0.22395375262458986,0.6119871767374642,H307,0.6330529746374055
0.3504116318715308,-0.2580622845124894,H308,0.6327235165021848
0.4872566883270034,0.26365610899012976,H309,0.6325108479485474
-0.1380483633201511,0.75367241677702,H310,0.6324994788484961
0.7185680482865443,0.5344053947625863,H311,0.6324005201580907
-0.43674739503246085,-0.8293895905926844,H312,0.6321835111696609
-0.7267102690623809,0.5835832445323235,H313,0.6320920181458634
0.38985049144838313,0.08883273987740399,H314,0.6317332685310812
0.3229682321005455,0.6796744981805781,H315,0.6315482057569491
0.8844647871103378,0.01125095790252613,H316,0.6310808140517667
0.7124137478162719,-0.39974752455204515,H317,0.63098607152704
-0.0007846134408853456,0.7767507483299022,H318,0.628454367952911
0.3156360228894287,-0.4255500918737521,H319,0.6283780255194877
-0.4196668405471222,-0.22665714969190892,H320,0.6275736072596677
0.8138294936667898,0.6307736152574562,H321,0.6271308376073514
-0.8138294936667898,-0.6307736152574562,H322,0.626630226948185
0.5202874445214632,0.9098409612763779,H323,0.6265986063821963
0.9559851306670454,-0.6501227304919113,H324,0.6261936698357251
-0.5224626711655967,-0.15293619794208202,H325,0.6261408024080655
0.8675531940570532,0.5734005761266449,H326,0.6258655814057574
0.05927084910076666,0.9838388798728198,H327,0.625752142246988
-0.02567314885950875,-0.9874227432512558,H328,0.6256591559025682
-0.8844647871103378,-0.01125095790252613,H329,0.6255873066191561
0.20563821110003225,-0.7166734574787993,H330,0.6255488281121114
-0.009758873709513533,-0.6215959274013797,H331,0.6254844207407005
-0.0843246629298878,0.6962993776462086,H332,0.6254573350883139
0.2816079487916795,-0.14375851008600543,H333,0.624994996200581
0.1789782727725258,0.34796830989887423,H334,0.6249152083994554
-0.4784873160495554,0.2921829120806614,H335,0.6245139547768309
-0.18712049354836227,0.7700203293960356,H336,0.6240245302367116
0.07618244215405126,0.4216892616487011,H337,0.6234824035478532
-0.5491226094931032,0.9117055694355914,H338,0.6234710344478022
0.3074938021135921,0.6924385474211577,H339,0.6233720757573967
0.3673232249248154,-0.8202119027366078,H340,0.6223859494804072
1.3010756535585015,-0.22965835230734855,H341,0.6192409922145714
0.7016564552332597,1.096555012986705,H342,0.6191174591894386
-0.24207918097784456,0.1014651752113591,H343,0.6189526235616064
-0.8307410867200744,-0.06862399703333756,H344,0.6185451628589735
0.5224626711655967,0.15293619794208202,H345,0.6172654593591244
0.7185680482865443,0.5344053947625863,H346,0.6168477204903036
0.09326299663938988,1.0244217025494766,H347,0.6168363513902527
-0.43674739503246085,-0.8293895905926844,H348,0.616630711501874
-0.20543603507291988,-0.5586403048202279,H349,0.6165203837114173
-0.4953989091028399,0.8543325303047801,H350,0.6164288906876199
0.35656593234180345,0.6760906348021422,H351,0.6162942247013942
-0.23209597340042634,0.5060014625574456,H352,0.6158867639987614
0.8844647871103378,0.01125095790252613,H353,0.6155280143839795
0.5789030320327163,-0.45150675515668287,H354,0.6137393414282317
0.3156360228894287,-0.4255500918737521,H355,0.6128252258517008
0.02051616629252548,-0.8747066101373703,H356,0.6124246046447183
-0.3717609896542545,-0.4799106873618238,H357,0.6116690660480585
0.9559851306670454,-0.6501227304919113,H358,0.6106408701679382
0.29058220906030763,1.2545881656452762,H359,0.6100890147887444
0.20563821110003225,-0.7166734574787993,H360,0.6099960284443243
-0.009758873709513533,-0.6215959274013797,H361,0.6099316210729134
-0.6531534271507967,0.25949832786993043,H362,0.6099241791609125
0.2816079487916795,-0.14375851008600543,H363,0.609442196532794
0.41028963273206676,0.6187175956713308,H364,0.609252080941212
0.3074938021135921,0.6924385474211577,H365,0.6078192760896096
-0.31781124953356227,1.1824548552080478,H366,0.6078079069895586
-0.05450831383114865,0.8341237874607136,H367,0.6072657803007002
-0.47339054093738564,-0.1692841105610975,H368,0.6063850196074567
0.027848375503642192,0.23051797991695983,H369,0.6052399820938332
0.3504116318715308,-0.2580622845124894,H370,0.6044927850897918
-0.1380483633201511,0.75367241677702,H371,0.6042687474361031
-0.20543603507291988,-0.5586403048202279,H372,0.6009675840436304
0.6091780720347553,-0.7046174378926738,H373,0.6006795253322496
0.5878772923013444,0.9468399205745986,H374,0.6006310972431508
-0.0007846134408853456,0.7767507483299022,H375,0.6002236365405179
0.5986345848843565,-0.5494626169641513,H376,0.5998217778361461
0.8138294936667898,0.6307736152574562,H377,0.5989001061949583
0.5789030320327163,-0.45150675515668287,H378,0.5981865417604447
0.8675531940570532,0.5734005761266449,H379,0.5976348499933645
-0.8844647871103378,-0.01125095790252613,H380,0.5973565752067628
0.02051616629252548,-0.8747066101373703,H381,0.5968718049769314
0.20543603507291988,0.5586403048202279,H382,0.5966189983957724
0.5279992914408086,0.07006004039077866,H383,0.5958718013917306
0.25915973546318316,0.5012672656894165,H384,0.5953537421941784
-0.5491226094931032,0.9117055694355914,H385,0.5952403030354089
0.5817229918310719,0.012687001259967218,H386,0.594606545190137
0.4234481916896411,0.08524887649896791,H387,0.5939932554295166
0.17680304612839234,1.10487307323317,H388,0.5916026528424568
-0.7016564552332597,-1.096555012986705,H389,0.5913701541905919
-0.41028963273206676,-0.6187175956713308,H390,0.5908807296504724
-0.24207918097784456,0.1014651752113591,H391,0.5907218921492133
0.5224626711655967,0.15293619794208202,H392,0.5890347279467314
1.0451408536263307,0.9015229010299127,H393,0.5890138662953033
0.09326299663938988,1.0244217025494766,H394,0.5886056199778594
1.1872964906265862,-0.3793734447194546,H395,0.5880766985236772
0.35656593234180345,0.6760906348021422,H396,0.5880634932890012
0.23663246893961545,-0.40777737692459554,H397,0.5860064231435039
0.6091780720347553,-0.7046174378926738,H398,0.5851267256644624
0.012373945516688939,0.24328202915753927,H399,0.5849648110288227
0.5986345848843565,-0.5494626169641513,H400,0.5842689781683589
-0.3717609896542545,-0.4799106873618238,H401,0.5834383346356652
-0.6531534271507967,0.25949832786993043,H402,0.5816934477485192
0.7000503307348744,0.48105852284535006,H403,0.5804137442486704
-0.11299454949103002,-0.9264658407420084,H404,0.5796250748781232
-0.31781124953356227,1.1824548552080478,H405,0.5795771755771653
0.7537740311251379,0.4236854837145387,H406,0.5791484880470766
-0.05450831383114865,0.8341237874607136,H407,0.5790350488883071
0.4234481916896411,0.08524887649896791,H408,0.5784404557617298
0.6547595516491821,0.3559981622714245,H409,0.5783301279712733
-0.7016564552332597,-1.096555012986705,H410,0.5758173545228048
-0.41028963273206676,-0.6187175956713308,H411,0.5753279299826853
-0.1941733300849768,-0.15178836245855576,H412,0.5748173509376042
0.2518275262520665,-0.6039573243649138,H413,0.5743076333326701
-0.1404496296947135,-0.2091614015893672,H414,0.5735520947360104
1.1872964906265862,-0.3793734447194546,H415,0.5725238988558903
0.5878772923013444,0.9468399205745986,H416,0.5724003658307577
0.892176634029683,-0.828529962983073,H417,0.5721232776489079
0.012373945516688939,0.24328202915753927,H418,0.5694120113610358
0.24368530547623,0.5140313149299959,H419,0.5693016835705793
0.20543603507291988,0.5586403048202279,H420,0.5683882669833791
0.5279992914408086,0.07006004039077866,H421,0.5676410699793376
0.25915973546318316,0.5012672656894165,H422,0.5671230107817853
-0.8900014073855494,0.07162519964877719,H423,0.5665206949556025
0.5817229918310719,0.012687001259967218,H424,0.5663758137777438
-0.09326299663938988,-1.0244217025494766,H425,0.5657075112860371
-0.5202874445214632,-0.9098409612763779,H426,0.5655976883892916
-0.11299454949103002,-0.9264658407420084,H427,0.5640722752103361
-0.18494526690422888,0.013115566061739595,H428,0.5634814162179376
0.17680304612839234,1.10487307323317,H429,0.5633719214300635
0.6547595516491821,0.3559981622714245,H430,0.5627773283034864
0.8404894319942963,-0.4338681521202172,H431,0.5625625540202014
-0.1272910707371392,-0.74263012076173,H432,0.5623244819671306
-0.5817229918310719,-0.012687001259967218,H433,0.5614384027600883
1.0451408536263307,0.9015229010299127,H434,0.5607831348829101
-0.1101745896926745,-0.4622720843253581,H435,0.5604922786400284
0.2518275262520665,-0.6039573243649138,H436,0.5587548336648835
0.43674739503246085,0.8293895905926844,H437,0.5585020270837242
0.23663246893961545,-0.40777737692459554,H438,0.5577756917311106
0.7593106514003495,0.3408093261632353,H439,0.5577548300796826
-1.3010756535585015,0.22965835230734855,H440,0.5574922505549086
0.892176634029683,-0.828529962983073,H441,0.5565704779811208
-0.9313616906944154,-0.7518078086178065,H442,0.5565692439885974
0.418001479651412,-0.22106332521426852,H443,0.5560714320969417
-0.596019513077181,0.17114871872031096,H444,0.5544529718172435
0.4953989091028399,-0.8543325303047801,H445,0.5539624319735685
0.24368530547623,0.5140313149299959,H446,0.5537488839027921
-0.4703450952737188,-0.8258057272142484,H447,0.5532531828785437
-0.1789782727725258,-0.34796830989887423,H448,0.5527637583384243
-0.9927972380040241,0.14534615139860413,H449,0.5524099583593941
0.7000503307348744,0.48105852284535006,H450,0.5521830128362771
0.1700040125038976,-1.0503783658324075,H451,0.5510688271947813
0.7262798952058896,-0.30537552612301294,H452,0.5509891399014274
0.7537740311251379,0.4236854837145387,H453,0.5509177566346836
-0.6586900474260086,0.3423744854212338,H454,0.5508575674973591
0.4613708350050907,-0.5725409485170334,H455,0.5505794026546617
-0.09326299663938988,-1.0244217025494766,H456,0.5501547116182505
-0.5202874445214632,-0.9098409612763779,H457,0.5500448887215045
-0.28897608456192236,-0.6390916755039214,H458,0.5499345609310482
0.4142201285088931,-0.07965505202132749,H459,0.5491547080330498
-0.18494526690422888,0.013115566061739595,H460,0.5479286165501508
0.46794382889915653,-0.13702809115213893,H461,0.547889451831456
0.04636609305531211,0.28386485183419624,H462,0.5478182887596941
0.30966902875772573,-0.06446621591313825,H463,0.5472761620708361
0.006927233478459832,-0.06303017255569716,H464,0.5470429876962476
0.8404894319942963,-0.4338681521202172,H465,0.5470097543524147
-0.1272910707371392,-0.74263012076173,H466,0.5467716822993437
-0.1941733300849768,-0.15178836245855576,H467,0.546586619525211
-0.5817229918310719,-0.012687001259967218,H468,0.5458856030923014
-0.3504116318715308,0.2580622845124894,H469,0.5457752753018449
-0.1404496296947135,-0.2091614015893672,H470,0.5453213633236175
0.9313616906944154,0.7518078086178065,H471,0.5422967729366223
0.31520564903293746,-0.14734237346444157,H472,0.5419606955007333
-1.0697642935989606,0.5004076380798052,H473,0.541829123096665
0.11831681046851097,-0.6557165549695518,H474,0.541508103566075
-0.9313616906944154,-0.7518078086178065,H475,0.5410164443208105
-0.7000503307348744,-0.48105852284535006,H476,0.540906116530354
0.649312839610953,0.049685960558188066,H477,0.5404083046386982
-0.8323472112184597,-0.6841204871746925,H478,0.5394378281859018
-0.596019513077181,0.17114871872031096,H479,0.5389001721494566
-0.36470815311764004,0.44189800449276756,H480,0.5387898443590001
0.4953989091028399,-0.8543325303047801,H481,0.5384096323057815
-0.8900014073855494,0.07162519964877719,H482,0.5382899635432096
-0.10140521741522643,0.0935669367454331,H483,0.5382477176701418
-0.4703450952737188,-0.8258057272142484,H484,0.537700383210757
-0.1789782727725258,-0.34796830989887423,H485,0.5372109586706374
-0.9927972380040241,0.14534615139860413,H486,0.5368571586916074
-0.761485878044483,0.41609543717106073,H487,0.5367468309011507
0.03713802987456419,0.11896092331390083,H488,0.5367003796255561
0.1700040125038976,-1.0503783658324075,H489,0.5355160275269945
0.7262798952058896,-0.30537552612301294,H490,0.5354363402336404
0.9575912551654305,-0.03462624035055632,H491,0.5353260124431839
0.4613708350050907,-0.5725409485170334,H492,0.5350266029868748
-0.30417114187437333,-0.44291172806360296,H493,0.5350169816428153
-0.28897608456192236,-0.6390916755039214,H494,0.5343817612632611
1.123487993989224,-0.5577806772106165,H495,0.5340063063368597
0.04636609305531211,0.28386485183419624,H496,0.5322654890919072
-0.1101745896926745,-0.4622720843253581,H497,0.5322615472276351
0.30966902875772573,-0.06446621591313825,H498,0.5317233624030488
0.5409803887172667,0.20628306985931838,H499,0.5316130346125921
0.23823859343800088,0.2077191132167594,H500,0.5313798602380042
0.43674739503246085,0.8293895905926844,H501,0.530271295671331
-0.3504116318715308,0.2580622845124894,H502,0.5302224756340579
0.004107273680104301,-0.5272239289723474,H503,0.529934689447301
-0.7124137478162719,0.39974752455204515,H504,0.5296689798451485
0.7593106514003495,0.3408093261632353,H505,0.5295240986672896
-1.3010756535585015,0.22965835230734855,H506,0.5292615191425154
0.418001479651412,-0.22106332521426852,H507,0.5278407006845487
0.1380483633201511,-0.75367241677702,H508,0.5275905399739892
0.31520564903293746,-0.14734237346444157,H509,0.5264078958329464
0.5465170089924783,0.12340691230801502,H510,0.5262975680424897
-0.7152453880473255,-0.28487857540503164,H511,0.5259885372421212
0.11831681046851097,-0.6557165549695518,H512,0.5259553038982882
0.7783974710977676,-0.9782450553951793,H513,0.5254061842902268
-0.7000503307348744,-0.48105852284535006,H514,0.5253533168625671
0.10402028922240183,-0.4718808349892735,H515,0.5242075106550826
0.06741306987660325,-0.13414975942209006,H516,0.523640563529574
-0.36470815311764004,0.44189800449276756,H517,0.5232370446912131
-0.10140521741522643,0.0935669367454331,H518,0.5226949180023549
-0.6586900474260086,0.3423744854212338,H519,0.5226268360849661
0.12990614254431462,0.3643162225178897,H520,0.5225845902118982
0.1211367702668665,-0.1915227985529015,H521,0.5223753073279802
-0.761485878044483,0.41609543717106073,H522,0.5211940312333639
0.4142201285088931,-0.07965505202132749,H523,0.5209239766206565
-0.40696697249284786,-0.369190776313776,H524,0.5209062450466068
-1.123487993989224,0.5577806772106165,H525,0.5206405354444543
0.761485878044483,-0.41609543717106073,H526,0.5201909516442177
0.9575912551654305,-0.03462624035055632,H527,0.519773212775397
0.46794382889915653,-0.13702809115213893,H528,0.5196587204190629
-0.07285978191483236,-0.17216244229114636,H529,0.5193538541845718
0.5955891392206897,0.10705899968899953,H530,0.5192197169864876
0.006927233478459832,-0.06303017255569716,H531,0.5188122562838546
1.123487993989224,-0.5577806772106165,H532,0.518453506669073
0.5409803887172667,0.20628306985931838,H533,0.5160602349448055
0.7267102690623809,-0.5835832445323235,H534,0.5158454606615206
0.004107273680104301,-0.5272239289723474,H535,0.514381889779514
0.2354186336396453,-0.2564746431998907,H536,0.5142715619890575
0.9313616906944154,0.7518078086178065,H537,0.5140660415242292
-0.48110238785673076,0.6704968103245016,H538,0.5140058523869051
-0.22395375262458986,-0.6119871767374642,H539,0.5137751852813471
-1.0697642935989606,0.5004076380798052,H540,0.5135983916842719
0.4013153724634386,-0.7796290800599511,H541,0.5129518558827334
0.6926821949646317,-0.3017916627445768,H542,0.5124624313426137
0.649312839610953,0.049685960558188066,H543,0.5121775732263052
0.1380483633201511,-0.75367241677702,H544,0.5120377403062024
-0.8323472112184597,-0.6841204871746925,H545,0.5112070967735086
0.6455314884684341,0.19109423375112916,H546,0.5110377367210017
0.5465170089924783,0.12340691230801502,H547,0.510744768374703
-0.25798182672233916,-0.3301955949497177,H548,0.5103921559624406
-0.4839340280877845,-0.014129289632574996,H549,0.5103254097838776
0.18451489304773758,0.2650921523475709,H550,0.5101912725857936
0.7783974710977676,-0.9782450553951793,H551,0.5098533846224399
0.3042223167194966,-0.3707784176263747,H552,0.509354338738261
0.10402028922240183,-0.4718808349892735,H553,0.5086547109872955
0.03713802987456419,0.11896092331390083,H554,0.5084696482131631
0.12990614254431462,0.3643162225178897,H555,0.5070317905441113
-0.30417114187437333,-0.44291172806360296,H556,0.5067862502304222
-0.40696697249284786,-0.369190776313776,H557,0.50535344537882
-0.17565561253330683,-0.09844149054131936,H558,0.5052431175883634
-0.892176634029683,0.828529962983073,H559,0.5049774079862109
0.6125007322739743,-0.45509061853511906,H560,0.5042720465427464
0.8269004991802306,0.3778082854614561,H561,0.5035565895282441
0.23823859343800088,0.2077191132167594,H562,0.5031491288256111
-0.6547595516491821,-0.3559981622714245,H563,0.5025861130754476
-0.7124137478162719,0.39974752455204515,H564,0.5014382484327554
-0.6010358512589188,-0.413371201402236,H565,0.5013208568738539
-0.10685192945345554,-0.21274526496780338,H566,0.5003258943375668
0.7267102690623809,-0.5835832445323235,H567,0.5002926609937337
0.4315904124654776,-1.0327397627959416,H568,0.49989203978675106
0.03931325651869763,-0.6379438400203952,H569,0.49913650119009134
0.2354186336396453,-0.2564746431998907,H570,0.49871876232127055
-0.12658348230509567,-0.11478940316033491,H571,0.49816526653236115
-0.7152453880473255,-0.28487857540503164,H572,0.49775780582972823
0.4013153724634386,-0.7796290800599511,H573,0.49739905621494634
0.6926821949646317,-0.3017916627445768,H574,0.49690963167482693
-0.16782878585976416,0.29347360249811155,H575,0.4957556240815639
0.06741306987660325,-0.13414975942209006,H576,0.4954098321171809
0.20142648610102218,-0.29705746587654774,H577,0.4952436021420523
0.4158262530072784,0.5358414381200275,H578,0.49452814512754995
0.1211367702668665,-0.1915227985529015,H579,0.49414457591558714
0.5355336766790376,-0.10002913185391808,H580,0.49369121128001714
-1.123487993989224,0.5577806772106165,H581,0.49240980403206125
0.761485878044483,-0.41609543717106073,H582,0.4919602202318247
-0.07285978191483236,-0.17216244229114636,H583,0.4911231227721788
0.5955891392206897,0.10705899968899953,H584,0.4909889855740946
0.1404496296947135,0.2091614015893672,H585,0.4906733318860496
-0.5878772923013444,-0.9468399205745986,H586,0.4900932441049739
-0.17565561253330683,-0.09844149054131936,H587,0.48969031792057655
-0.5376577284780478,0.043243749498236436,H588,0.4891368221316672
0.6125007322739743,-0.45509061853511906,H589,0.48871924687495966
0.8438120922335152,-0.18434133276266246,H590,0.4886089190845029
1.0097088310573086,-0.7074957696227228,H591,0.4872892129781789
-0.5789030320327163,0.45150675515668287,H592,0.48672717968086976
-0.649312839610953,-0.049685960558188066,H593,0.4859339584757706
-0.48110238785673076,0.6704968103245016,H594,0.4857751209745117
-0.22395375262458986,-0.6119871767374642,H595,0.4855444538689542
0.2987244298361442,0.1365995263503666,H596,0.4855235922175261
0.12445943050608552,0.058004020804653264,H597,0.48466276687932314
0.4315904124654776,-1.0327397627959416,H598,0.48433924011896423
0.9390735376137608,-0.08797311226779268,H599,0.48333923653376343
0.6455314884684341,0.19109423375112916,H600,0.48280700530860865
0.10472787765444534,0.15595988261212168,H601,0.48250213907411776
-0.25798182672233916,-0.3301955949497177,H602,0.48216142455004735
-0.4839340280877845,-0.014129289632574996,H603,0.4820946783714846
0.9927972380040241,-0.14534615139860413,H604,0.48207398033216986
0.18451489304773758,0.2650921523475709,H605,0.4819605411734004
-0.27062461647823866,0.3671945542479385,H606,0.4816448874853554
0.3042223167194966,-0.3707784176263747,H607,0.48112360732586795
0.06348257409977684,0.5642228882705681,H608,0.4800924966233203
0.20142648610102218,-0.29705746587654774,H609,0.4796908024742655
0.432737846060563,-0.026308180104091097,H610,0.4795804746838089
-0.29058220906030763,-1.2545881656452762,H611,0.4788375893326247
0.0007846134408853456,-0.7767507483299022,H612,0.47834816479250525
-0.04636609305531211,-0.28386485183419624,H613,0.4769234701708931
-0.892176634029683,0.828529962983073,H614,0.47674667657381764
0.007357607334951138,-0.3412378909650076,H615,0.4756582139692993
0.8269004991802306,0.3778082854614561,H616,0.4753258581158511
0.1404496296947135,0.2091614015893672,H617,0.47512053221826256
0.3717609896542545,0.4799106873618238,H618,0.47501020442780606
-0.5878772923013444,-0.9468399205745986,H619,0.474540444437187
-0.6547595516491821,-0.3559981622714245,H620,0.47435538166305435
-0.08039416715306144,-0.002073270046449624,H621,0.47354044085198627
0.6477067151125676,-0.5658105295831669,H622,0.47347385828553684
-0.3063463685185068,0.31399303527069305,H623,0.47347369467342354
-0.6010358512589188,-0.413371201402236,H624,0.4730901254614608
0.8438120922335152,-0.18434133276266246,H625,0.47305611941671627
0.4818099762887743,-0.04265609272310661,H626,0.47250262362780654
-0.026670466762798134,-0.059446309177261084,H627,0.4722751846503925
-0.10685192945345554,-0.21274526496780338,H628,0.47209516292517373
1.0097088310573086,-0.7074957696227228,H629,0.47173641331039184
-0.3475916720731753,0.7222560409291395,H630,0.47106405222262615
0.03931325651869763,-0.6379438400203952,H631,0.4709057697776981
-0.649312839610953,-0.049685960558188066,H632,0.4703811588079838
-0.12658348230509567,-0.11478940316033491,H633,0.46993453511996813
-0.16782878585976416,0.29347360249811155,H634,0.4675248926691708
0.4158262530072784,0.5358414381200275,H635,0.46629741371515687
-0.27062461647823866,0.3671945542479385,H636,0.4660920878175686
-0.03931325651869763,0.6379438400203952,H637,0.4659817600271119
0.5355336766790376,-0.10002913185391808,H638,0.4654604798676243
-0.7762222444536341,0.2213402920608833,H639,0.4652437848699847
-0.4234481916896411,-0.08524887649896791,H640,0.46446914176339954
0.432737846060563,-0.026308180104091097,H641,0.46402767501602205
0.07073573011582215,0.11537705993546474,H642,0.4634741792271125
-0.29058220906030763,-1.2545881656452762,H643,0.46328478966483766
0.0007846134408853456,-0.7767507483299022,H644,0.46279536512471825
0.21690091608797532,-0.30982151511712713,H645,0.4622847860796371
0.6629017724250186,-0.7619904770234852,H646,0.461775068474703
0.27062461647823866,-0.3671945542479385,H647,0.4610195298780433
-0.5376577284780478,0.043243749498236436,H648,0.4609060907192742
-0.7593106514003495,-0.3408093261632353,H649,0.4606509172145899
-0.46794382889915653,0.13702809115213893,H650,0.46016149267447043
0.3717609896542545,0.4799106873618238,H651,0.4594574047600192
0.009758873709513533,0.6215959274013797,H652,0.4589039089711098
-0.5789030320327163,0.45150675515668287,H653,0.45849644826847674
0.2987244298361442,0.1365995263503666,H654,0.457292860805133
0.7131213362483152,0.22809319304935,H655,0.45683949616956304
0.12445943050608552,0.058004020804653264,H656,0.4564320354669301
-1.1872964906265862,0.3793734447194546,H657,0.45621534046929063
0.9390735376137608,-0.08797311226779268,H658,0.4551085051213704
0.10472787765444534,0.15595988261212168,H659,0.4542714076617245
0.9927972380040241,-0.14534615139860413,H660,0.4538432489197766
0.31781124953356227,-1.1824548552080478,H661,0.45317494642807
-0.35656593234180345,-0.6760906348021422,H662,0.45197627279292585
0.06348257409977684,0.5642228882705681,H663,0.4518617652109273
-1.1703848975733016,-0.18277617350466396,H664,0.4516224728138958
-0.8790180750721087,0.2950612438107103,H665,0.45113304827377626
-0.03931325651869763,0.6379438400203952,H666,0.45042896035932506
0.5486922356366118,-0.6334978510262809,H667,0.4502016543559291
-0.4013153724634386,0.7796290800599511,H668,0.4498754645704156
0.28378317543581294,-0.9006632734203014,H669,0.4497919171091634
-0.5449108844940932,0.4920895778333399,H670,0.4495806574117412
-0.2816079487916795,0.14375851008600543,H671,0.4490385307228829
-0.04636609305531211,-0.28386485183419624,H672,0.44869273875849985
0.3008996564802776,-0.6203052369839295,H673,0.4479597137820612
-0.418001479651412,0.22106332521426852,H674,0.44781698716372265
0.302047090075363,0.3861263457079213,H675,0.44781105176886904
0.007357607334951138,-0.3412378909650076,H676,0.4474274825569063
0.6629017724250186,-0.7619904770234852,H677,0.4462222688069164
-0.08039416715306144,-0.002073270046449624,H678,0.445309709439593
0.6477067151125676,-0.5658105295831669,H679,0.4452431268731436
-0.3063463685185068,0.31399303527069305,H680,0.4452429632610303
1.1703848975733016,0.18277617350466396,H681,0.44522226522171554
-0.7593106514003495,-0.3408093261632353,H682,0.4450981175468032
-0.5279992914408086,-0.07006004039077866,H683,0.4449877897563464
-0.46794382889915653,0.13702809115213893,H684,0.44460869300668343
-0.23663246893961545,0.40777737692459554,H685,0.44449836521622693
0.4818099762887743,-0.04265609272310661,H686,0.4442718922154135
-0.026670466762798134,-0.059446309177261084,H687,0.44404445323799946
0.026670466762798134,0.059446309177261084,H688,0.44395623852736854
0.24107023366905453,0.8923452131738362,H689,0.4432407815128663
-0.3475916720731753,0.7222560409291395,H690,0.4428333208102331
0.13761798946365975,-0.4754646983677095,H691,0.44117320995523496
-0.05927084910076666,-0.9838388798728198,H692,0.4407206180205766
-0.9559851306670454,0.6501227304919113,H693,0.4405522130110472
0.23209597340042634,-0.5060014625574456,H694,0.4402311934804572
-0.6926821949646317,0.3017916627445768,H695,0.4400100863221887
0.18494526690422888,-0.013115566061739595,H696,0.43880649885884504
-0.7185680482865443,-0.5344053947625863,H697,0.4381609181002838
0.31781124953356227,-1.1824548552080478,H698,0.43762214676028327
-0.7762222444536341,0.2213402920608833,H699,0.43701305345759167
0.8252943746818453,-0.23768820467989882,H700,0.4366221431750826
-0.35656593234180345,-0.6760906348021422,H701,0.436423473125139
-0.4234481916896411,-0.08524887649896791,H702,0.43623841035100647
-1.1703848975733016,-0.18277617350466396,H703,0.436069673146109
-0.9390735376137608,0.08797311226779268,H704,0.4359593453556524
-0.8790180750721087,0.2950612438107103,H705,0.43558024860598943
-0.6477067151125676,0.5658105295831669,H706,0.4354699208155327
0.15091719280647956,0.268676015726007,H707,0.4354234695399382
0.8790180750721087,-0.2950612438107103,H708,0.4353568869734888
0.07073573011582215,0.11537705993546474,H709,0.43524344781471946
-0.384403779410154,0.21747946183583244,H710,0.4349277941266744
0.5486922356366118,-0.6334978510262809,H711,0.43464885468814235
0.780003595596153,-0.3627485652538242,H712,0.43453852689768563
0.28378317543581294,-0.9006632734203014,H713,0.43423911744137644
-0.1700040125038976,1.0503783658324075,H714,0.43421233711217205
0.21690091608797532,-0.30982151511712713,H715,0.43405405466724384
-0.190391978942458,-0.29319663565149684,H716,0.4337400715571975
-0.05029658883213853,0.41450779585846204,H717,0.43337540326463925
0.27062461647823866,-0.3671945542479385,H718,0.43278879846565027
-0.418001479651412,0.22106332521426852,H719,0.4322641874959357
0.009758873709513533,0.6215959274013797,H720,0.43067317755871676
-0.5279992914408086,-0.07006004039077866,H721,0.42943499008855957
-0.1734803858891734,-0.8553462538756155,H722,0.42914720390180267
-0.23663246893961545,0.40777737692459554,H723,0.42894556554844
0.11788643661201967,-0.3775088365602412,H724,0.42865777936168314
0.7131213362483152,0.22809319304935,H725,0.42860876475717
0.026670466762798134,0.059446309177261084,H726,0.4284034388595818
-0.5986345848843565,0.5494626169641513,H727,0.42839206975953065
0.25798182672233916,0.3301955949497177,H728,0.428293111069125
-1.1872964906265862,0.3793734447194546,H729,0.4279846090568976
-0.4212729650455075,-0.842153639833264,H730,0.4269052633279346
0.13761798946365975,-0.4754646983677095,H731,0.42562041028744824
0.36892934942320077,-0.2047154125952529,H732,0.4255100824969914
-0.05927084910076666,-0.9838388798728198,H733,0.42516781835278983
-0.6014662251154101,-0.13516348299292547,H734,0.4247116271565033
0.23209597340042634,-0.5060014625574456,H735,0.42467839381267014
-0.4613708350050907,0.5725409485170334,H736,0.42434695886394524
0.44821227604751634,-0.039072229344670514,H737,0.42416781476758897
-0.4013153724634386,0.7796290800599511,H738,0.42164473315802253
-0.5449108844940932,0.4920895778333399,H739,0.4213499259993482
-0.2816079487916795,0.14375851008600543,H740,0.4208077993104897
-0.9390735376137608,0.08797311226779268,H741,0.42040654568786534
-0.5845546320621255,-0.697313101217044,H742,0.4201187595011085
-0.6477067151125676,0.5658105295831669,H743,0.41991712114774593
0.3008996564802776,-0.6203052369839295,H744,0.41972898236966794
-0.2931878095609325,-0.21947568390166988,H745,0.41962933496098903
0.302047090075363,0.3861263457079213,H746,0.419580320356476
-0.384403779410154,0.21747946183583244,H747,0.4193749944588876
-1.0097088310573086,0.7074957696227228,H748,0.4193636253588364
-0.153092419450613,0.488228747608289,H749,0.419264666668431
0.780003595596153,-0.3627485652538242,H750,0.4189857272298988
0.040919381017083006,-0.02244734987904022,H751,0.41807694409895385
1.1703848975733016,0.18277617350466396,H752,0.4169915338093224
0.07285978191483236,0.17216244229114636,H753,0.4151688876017319
0.5491226094931032,-0.9117055694355914,H754,0.4150579751160221
0.24107023366905453,0.8923452131738362,H755,0.4150100501004731
-0.1734803858891734,-0.8553462538756155,H756,0.4135944042340159
0.05783097407036761,-0.584596968103159,H757,0.4134840764435593
0.11788643661201967,-0.3775088365602412,H758,0.4131049796938963
0.3491977965715607,-0.10675955078778458,H759,0.4129946519034396
0.25798182672233916,0.3301955949497177,H760,0.41274031140133804
-0.3673232249248154,0.8202119027366078,H761,0.4127289423012871
-0.9559851306670454,0.6501227304919113,H762,0.41232148159865395
-0.10402028922240183,0.4718808349892735,H763,0.4121868156124287
-0.6926821949646317,0.3017916627445768,H764,0.41177935490979567
0.515094535395354,-0.6299139876478449,H765,0.4116749457971154
0.4784873160495554,-0.2921829120806614,H766,0.4111079986716069
0.18494526690422888,-0.013115566061739595,H767,0.41057576744645197
0.36892934942320077,-0.2047154125952529,H768,0.40995728282920463
-0.7185680482865443,-0.5344053947625863,H769,0.4099301866878908
0.5322110164398186,-0.3495559512114728,H770,0.4098427424700131
-0.37015486515586915,0.13558580277953114,H771,0.4090484996982599
0.8252943746818453,-0.23768820467989882,H772,0.40839141176268934
0.15091719280647956,0.268676015726007,H773,0.4071927381275452
0.8790180750721087,-0.2950612438107103,H774,0.40712615556109577
-0.1700040125038976,1.0503783658324075,H775,0.4059816056997789
-0.190391978942458,-0.29319663565149684,H776,0.40550934014480433
-0.05029658883213853,0.41450779585846204,H777,0.40514467185224623
-0.5845546320621255,-0.697313101217044,H778,0.40456595983332166
-0.35324327210258455,-0.4265638154445876,H779,0.40445563204286505
-0.2931878095609325,-0.21947568390166988,H780,0.40407653529320214
-0.061876449601391464,0.051273601870786764,H781,0.40396620750274564
-0.153092419450613,0.488228747608289,H782,0.403711867000644
-0.7783974710977676,0.9782450553951793,H783,0.4037004979005929
0.4349130727046966,-0.7832129434383871,H784,0.40348456099724817
-0.515094535395354,0.6299139876478449,H785,0.4031583712117346
-0.5409803887172667,-0.20628306985931838,H786,0.40130920298982964
0.18712049354836227,-0.7700203293960356,H787,0.4012426204233801
-0.5986345848843565,0.5494626169641513,H788,0.4001613383471376
-0.4872566883270034,-0.26365610899012976,H789,0.40004394678823585
0.07285978191483236,0.17216244229114636,H790,0.39961608793394504
0.5491226094931032,-0.9117055694355914,H791,0.39950517544823533
-0.4212729650455075,-0.842153639833264,H792,0.3986745319155416
1.0566057346413862,0.0330610810925578,H793,0.39850517186303447
0.05783097407036761,-0.584596968103159,H794,0.39793127677577245
0.153092419450613,-0.488228747608289,H795,0.3978595911044734
0.3491977965715607,-0.10675955078778458,H796,0.3974418522356528
-0.0128043193731803,0.03492568925177124,H797,0.3968883564467433
0.1272910707371392,0.74263012076173,H798,0.39652368815418515
-0.6014662251154101,-0.13516348299292547,H799,0.3964808957441103
0.515094535395354,-0.6299139876478449,H800,0.3961221461293285
-0.4613708350050907,0.5725409485170334,H801,0.3961162274515522
0.44821227604751634,-0.039072229344670514,H802,0.39593708335519595
0.023838826531744434,-0.6251797907798157,H803,0.3944561165965542
-1.0097088310573086,0.7074957696227228,H804,0.3911328939464434
-0.24368530547623,-0.5140313149299959,H805,0.3900535482174804
-0.03713802987456419,-0.11896092331390083,H806,0.38988584634055107
0.040919381017083006,-0.02244734987904022,H807,0.38984621268656083
-0.35324327210258455,-0.4265638154445876,H808,0.3889028323750783
-0.18996160508596668,-0.5714043540608074,H809,0.3887882920158866
-0.061876449601391464,0.051273601870786764,H810,0.3884134078349586
0.4349130727046966,-0.7832129434383871,H811,0.3879317613294613
-0.42387856554613246,0.19295884191034257,H812,0.3878599120460492
0.6662244326642376,-0.5124636576659306,H813,0.38782143353900456
-0.28378317543581294,0.9006632734203014,H814,0.387495243753491
-0.8269004991802306,-0.3778082854614561,H815,0.38514647293027227
-0.5355336766790376,0.10002913185391808,H816,0.38465704839015274
-0.3673232249248154,0.8202119027366078,H817,0.38449821088889397
-0.10402028922240183,0.4718808349892735,H818,0.3839560842000357
0.4784873160495554,-0.2921829120806614,H819,0.38287726725921384
0.5322110164398186,-0.3495559512114728,H820,0.38161201105762005
0.2185070405863607,0.30567497502422786,H821,0.3812252289884998
-0.44821227604751634,0.039072229344670514,H822,0.38085740193985707
-0.37015486515586915,0.13558580277953114,H823,0.38081776828586683
0.023838826531744434,-0.6251797907798157,H824,0.37890331692876716
0.2551501864912855,-0.35443050500735923,H825,0.37879298913831033
-0.17680304612839234,-1.10487307323317,H826,0.3775606792470067
0.30417114187437333,0.44291172806360296,H827,0.3770519162896838
-0.7783974710977676,0.9782450553951793,H828,0.37546976648819974
-0.515094535395354,0.6299139876478449,H829,0.37492763979934157
-0.03713802987456419,-0.11896092331390083,H830,0.37433304667276424
0.1941733300849768,0.15178836245855576,H831,0.3742227188823076
-0.23823859343800088,-0.2077191132167594,H832,0.3734013936178035
-0.5409803887172667,-0.20628306985931838,H833,0.3730784715774365
0.18712049354836227,-0.7700203293960356,H834,0.3730118890109871
0.7097986760090964,-0.021433626308204765,H835,0.372991027359559
0.6662244326642376,-0.5124636576659306,H836,0.3722686338712177
-0.19256720558659143,0.4637081276827992,H837,0.3721967845878056
-0.4872566883270034,-0.26365610899012976,H838,0.37181321537584283
1.0566057346413862,0.0330610810925578,H839,0.37027444045064145
0.153092419450613,-0.488228747608289,H840,0.36962885969208026
-0.8269004991802306,-0.3778082854614561,H841,0.3695936732624855
-0.5355336766790376,0.10002913185391808,H842,0.3691042487223659
-0.0128043193731803,0.03492568925177124,H843,0.3686576250343503
-0.040919381017083006,0.02244734987904022,H844,0.3684517942430509
0.1272910707371392,0.74263012076173,H845,0.36829295674179213
-0.44821227604751634,0.039072229344670514,H846,0.36530460227207007
-0.21690091608797532,0.30982151511712713,H847,0.36519427448161357
0.36470815311764004,-0.44189800449276756,H848,0.3643909053129259
0.2551501864912855,-0.35443050500735923,H849,0.3632401894705237
-0.30966902875772573,0.06446621591313825,H850,0.36319223167778164
0.41843185350790324,-0.49927104362357894,H851,0.3631256491113321
-0.17680304612839234,-1.10487307323317,H852,0.3620078795792199
-0.24368530547623,-0.5140313149299959,H853,0.36182281680508727
0.30417114187437333,0.44291172806360296,H854,0.361499116621897
0.3306800790198907,-0.16010642270502096,H855,0.36100787599401907
-0.18996160508596668,-0.5714043540608074,H856,0.3605575606034936
0.384403779410154,-0.21747946183583244,H857,0.35974261979242533
-0.42387856554613246,0.19295884191034257,H858,0.35962918063365606
-0.6455314884684341,-0.19109423375112916,H859,0.35937400712897194
-0.28378317543581294,0.9006632734203014,H860,0.35926451234109796
0.1941733300849768,0.15178836245855576,H861,0.35866991921452085
-0.23823859343800088,-0.2077191132167594,H862,0.3578485939500167
0.2185070405863607,0.30567497502422786,H863,0.3529944975761066
-0.040919381017083006,0.02244734987904022,H864,0.35289899457526397
-0.012373945516688939,-0.24328202915753927,H865,0.35193657690543245
-1.0566057346413862,-0.0330610810925578,H866,0.35034556272827794
-0.21690091608797532,0.30982151511712713,H867,0.3496414748138266
-0.5955891392206897,-0.10705899968899953,H868,0.3470295016182243
-0.3042223167194966,0.3707784176263747,H869,0.34654007707810464
0.7097986760090964,-0.021433626308204765,H870,0.3447602959471658
-0.19256720558659143,0.4637081276827992,H871,0.34396605317541246
-0.6455314884684341,-0.19109423375112916,H872,0.3438212074611851
-0.4142201285088931,0.07965505202132749,H873,0.3437108796707285
-0.15091719280647956,-0.268676015726007,H874,0.3431687529818702
0.05450831383114865,-0.8341237874607136,H875,0.33944370793495865
0.36470815311764004,-0.44189800449276756,H876,0.33616017390053277
-0.006927233478459832,0.06303017255569716,H877,0.33528442230575545
-0.30966902875772573,0.06446621591313825,H878,0.3349615002653886
0.41843185350790324,-0.49927104362357894,H879,0.3348949176989391
-1.0566057346413862,-0.0330610810925578,H880,0.334792763060491
-0.8252943746818453,0.23768820467989882,H881,0.33468243527003444
-0.5619914389794317,-0.11064286306743566,H882,0.3341403085811761
-0.9575912551654305,0.03462624035055632,H883,0.3332141469255822
0.3306800790198907,-0.16010642270502096,H884,0.33277714458162594
0.384403779410154,-0.21747946183583244,H885,0.33151188838003226
-0.5955891392206897,-0.10705899968899953,H886,0.3314767019504374
-0.3042223167194966,0.3707784176263747,H887,0.33098727741031786
0.190391978942458,0.29319663565149684,H888,0.3303348229310029
-0.4142201285088931,0.07965505202132749,H889,0.32815808000294167
-0.05970122295725802,-0.7056311614635092,H890,0.3278702938161848
-0.15091719280647956,-0.268676015726007,H891,0.3276159533140834
0.08039416715306144,0.002073270046449624,H892,0.32750562552362666
0.596019513077181,-0.17114871872031096,H893,0.32627393400087795
-0.3074938021135921,-0.6924385474211577,H894,0.32562835324231665
0.05450831383114865,-0.8341237874607136,H895,0.3238909082671718
-0.012373945516688939,-0.24328202915753927,H896,0.32370584549303943
0.5619914389794317,0.11064286306743566,H897,0.3228909046819711
-0.006927233478459832,0.06303017255569716,H898,0.3197316226379686
-0.8252943746818453,0.23768820467989882,H899,0.3191296356022475
-0.4707754691302102,-0.5475980088049378,H900,0.3188418494154907
-0.5619914389794317,-0.11064286306743566,H901,0.31858750891338916
-0.3306800790198907,0.16010642270502096,H902,0.3184771811229325
0.190391978942458,0.29319663565149684,H903,0.314782023263216
-0.10472787765444534,-0.15595988261212168,H904,0.31438140205623355
-0.05970122295725802,-0.7056311614635092,H905,0.3123174941483979
0.17161013700228298,-0.4348818756910526,H906,0.31220716635794127
0.08039416715306144,0.002073270046449624,H907,0.3119528258558398
-0.9575912551654305,0.03462624035055632,H908,0.30498341551318914
-0.4707754691302102,-0.5475980088049378,H909,0.3032890497477038
-0.23946410917066915,-0.27684872303248126,H910,0.3031787219572471
-0.3306800790198907,0.16010642270502096,H911,0.30292438145514566
0.4839340280877845,0.014129289632574996,H912,0.3026363227437647
-0.10472787765444534,-0.15595988261212168,H913,0.2988286023884468
0.596019513077181,-0.17114871872031096,H914,0.2980432025884849
-0.3074938021135921,-0.6924385474211577,H915,0.2973976218299236
0.17161013700228298,-0.4348818756910526,H916,0.2966543666901544
-0.780003595596153,0.3627485652538242,H917,0.296362431815128
-0.7262798952058896,0.30537552612301294,H918,0.2950971756135343
0.5619914389794317,0.11064286306743566,H919,0.2946601732695781
-0.12990614254431462,-0.3643162225178897,H920,0.28877663813186255
-0.23946410917066915,-0.27684872303248126,H921,0.28762592228946016
-0.07618244215405126,-0.4216892616487011,H922,0.28751138193026876
0.4839340280877845,0.014129289632574996,H923,0.2870835230759779
-0.7131213362483152,-0.22809319304935,H924,0.2838695628446544
0.12658348230509567,0.11478940316033491,H925,0.2762644307441855
-0.4158262530072784,-0.5358414381200275,H926,0.2726139080723052
-0.12445943050608552,-0.058004020804653264,H927,0.27212448353218555
-0.7131213362483152,-0.22809319304935,H928,0.2683167631768676
-0.780003595596153,0.3627485652538242,H929,0.268131700402735
-0.2185070405863607,-0.30567497502422786,H930,0.2676643086975525
-0.7262798952058896,0.30537552612301294,H931,0.2668664442011412
0.7152453880473255,0.28487857540503164,H932,0.2645193514317166
-0.2354186336396453,0.2564746431998907,H933,0.26244907605154344
0.12658348230509567,0.11478940316033491,H934,0.26071163107639866
-0.12990614254431462,-0.3643162225178897,H935,0.2605459067194693
-0.07618244215405126,-0.4216892616487011,H936,0.25928065051787574
-0.5486922356366118,0.6334978510262809,H937,0.25824546050308
-0.4158262530072784,-0.5358414381200275,H938,0.2570611084045184
-0.12445943050608552,-0.058004020804653264,H939,0.2565716838643987
0.37015486515586915,-0.13558580277953114,H940,0.2559192293850838
-0.2185070405863607,-0.30567497502422786,H941,0.25211150902976565
0.10140521741522643,-0.0935669367454331,H942,0.2506596668198145
0.7152453880473255,0.28487857540503164,H943,0.2489665517639298
-0.4818099762887743,0.04265609272310661,H944,0.24575259153260634
0.37015486515586915,-0.13558580277953114,H945,0.2403664297172968
-0.18451489304773758,-0.2650921523475709,H946,0.23449693676025712
-0.2354186336396453,0.2564746431998907,H947,0.23421834463915042
0.10685192945345554,0.21274526496780338,H948,0.23400751222013746
-0.8438120922335152,0.18434133276266246,H949,0.2319372368399643
-0.4818099762887743,0.04265609272310661,H950,0.2301997918648195
-0.5486922356366118,0.6334978510262809,H951,0.230014729090687
0.0128043193731803,-0.03492568925177124,H952,0.2295473373855044
-0.05783097407036761,0.584596968103159,H953,0.22559736094108918
-0.004107273680104301,0.5272239289723474,H954,0.22433210473949539
0.10140521741522643,-0.0935669367454331,H955,0.22242893540742142
-0.5465170089924783,-0.12340691230801502,H956,0.2206815820676151
-0.18451489304773758,-0.2650921523475709,H957,0.2189441370924703
0.10685192945345554,0.21274526496780338,H958,0.21845471255235066
0.6014662251154101,0.13516348299292547,H959,0.21780225807303574
-0.3491977965715607,0.10675955078778458,H960,0.21573198269286248
0.0128043193731803,-0.03492568925177124,H961,0.2139945377177176
-0.8438120922335152,0.18434133276266246,H962,0.2037065054275713
0.6014662251154101,0.13516348299292547,H963,0.20224945840524894
0.3063463685185068,-0.31399303527069305,H964,0.20184883719826638
-0.05783097407036761,0.584596968103159,H965,0.19736662952869613
-0.004107273680104301,0.5272239289723474,H966,0.19610137332710234
-0.6662244326642376,0.5124636576659306,H967,0.19508552172951002
-0.6125007322739743,0.45509061853511906,H968,0.19382026552791645
-0.5465170089924783,-0.12340691230801502,H969,0.19245085065522208
-0.3491977965715607,0.10675955078778458,H970,0.18750125128046935
0.1734803858891734,0.8553462538756155,H971,0.18748038962904132
0.3063463685185068,-0.31399303527069305,H972,0.18629603753047955
-0.36892934942320077,0.2047154125952529,H973,0.1838298669571608
-0.31520564903293746,0.14734237346444157,H974,0.18256461075556724
-0.17161013700228298,0.4348818756910526,H975,0.1788802675824083
-0.11788643661201967,0.3775088365602412,H976,0.1776150113808145
-0.302047090075363,-0.3861263457079213,H977,0.17133699798668722
-0.6662244326642376,0.5124636576659306,H978,0.166854790317117
-0.6125007322739743,0.45509061853511906,H979,0.1655895341155232
0.5376577284780478,-0.043243749498236436,H980,0.1637318658862183
0.1734803858891734,0.8553462538756155,H981,0.15924965821664805
-0.4349130727046966,0.7832129434383871,H982,0.15696855041746216
-0.302047090075363,-0.3861263457079213,H983,0.15578419831890042
-0.36892934942320077,0.2047154125952529,H984,0.15559913554476779
0.19256720558659143,-0.4637081276827992,H985,0.15513174383958528
-0.31520564903293746,0.14734237346444157,H986,0.154333879343174
-0.17161013700228298,0.4348818756910526,H987,0.15064953617001528
0.17565561253330683,0.09844149054131936,H988,0.14991651119357627
-0.11788643661201967,0.3775088365602412,H989,0.1493842799684215
0.5376577284780478,-0.043243749498236436,H990,0.14817906621843147
-0.13761798946365975,0.4754646983677095,H991,0.14571289564511294
0.05970122295725802,0.7056311614635092,H992,0.14076329627036022
0.19256720558659143,-0.4637081276827992,H993,0.13957894417179847
-0.07073573011582215,-0.11537705993546474,H994,0.13322002667463914
-0.4349130727046966,0.7832129434383871,H995,0.12873781900506912
0.17565561253330683,0.09844149054131936,H996,0.12168577978118324
-0.432737846060563,0.026308180104091097,H997,0.11940467198199713
-0.07073573011582215,-0.11537705993546474,H998,0.11766722700685234
-0.13761798946365975,0.4754646983677095,H999,0.11748216423271991
0.42387856554613246,-0.19295884191034257,H1000,0.11701477252753721
0.35324327210258455,0.4265638154445876,H1001,0.11306479608312198
0.05970122295725802,0.7056311614635092,H1002,0.11253256485796719
0.40696697249284786,0.369190776313776,H1003,0.1117995398815282
0.061876449601391464,-0.051273601870786764,H1004,0.1031994178348954
0.42387856554613246,-0.19295884191034257,H1005,0.1014619728597504
-0.432737846060563,0.026308180104091097,H1006,0.0911739405696041
0.35324327210258455,0.4265638154445876,H1007,0.08483406467072895
0.40696697249284786,0.369190776313776,H1008,0.08356880846913516
-0.2551501864912855,0.35443050500735923,H1009,0.08255295687154283
-0.20142648610102218,0.29705746587654774,H1010,0.08128770066994927
0.061876449601391464,-0.051273601870786764,H1011,0.07496868642250216
0.5845546320621255,0.697313101217044,H1012,0.07494782477107412
0.23946410917066915,0.27684872303248126,H1013,0.06634770272444111
0.2931878095609325,0.21947568390166988,H1014,0.06508244652284732
-0.2551501864912855,0.35443050500735923,H1015,0.054322225459149796
-0.20142648610102218,0.29705746587654774,H1016,0.053056969257556014
0.5845546320621255,0.697313101217044,H1017,0.046717093358680975
-0.023838826531744434,0.6251797907798157,H1018,0.04443598555949497
0.23946410917066915,0.27684872303248126,H1019,0.03811697131204808
0.2931878095609325,0.21947568390166988,H1020,0.0368517151104543
0.4707754691302102,0.5475980088049378,H1021,0.028230731412393035
-0.023838826531744434,0.6251797907798157,H1022,0.016205254147101934
0.4707754691302102,0.5475980088049378,H1023,0.0
