ranked_id	hap	fit	model	N_max	r/s
H000	000000000000000000000000000000000000000000000000000000000000000000000000000000000000000000000000000000000000000000000000000000000000000000000000000000000000000000000000000000000000000000000000000000000	9.955030000000033	cov-n501y	103	2.8964578871472917e-15
H001	100000000000000000000000000000000000000000000000000000000000000000000000000000000000000000000000000000000000000000000000000000000000000000000000000000000000000000000000000000000000000000000000000000000	9.734328666666666	cov-n501y	103	2.8964578871472917e-15
H002	010000000000000000000000000000000000000000000000000000000000000000000000000000000000000000000000000000000000000000000000000000000000000000000000000000000000000000000000000000000000000000000000000000000	10.00637375	cov-n501y	103	2.8964578871472917e-15
H003	001000000000000000000000000000000000000000000000000000000000000000000000000000000000000000000000000000000000000000000000000000000000000000000000000000000000000000000000000000000000000000000000000000000	9.843487894736842	cov-n501y	103	2.8964578871472917e-15
H004	000100000000000000000000000000000000000000000000000000000000000000000000000000000000000000000000000000000000000000000000000000000000000000000000000000000000000000000000000000000000000000000000000000000	9.810955	cov-n501y	103	2.8964578871472917e-15
H005	000010000000000000000000000000000000000000000000000000000000000000000000000000000000000000000000000000000000000000000000000000000000000000000000000000000000000000000000000000000000000000000000000000000	9.954267368421052	cov-n501y	103	2.8964578871472917e-15
H006	000001000000000000000000000000000000000000000000000000000000000000000000000000000000000000000000000000000000000000000000000000000000000000000000000000000000000000000000000000000000000000000000000000000	9.050304736842106	cov-n501y	103	2.8964578871472917e-15
H007	000000100000000000000000000000000000000000000000000000000000000000000000000000000000000000000000000000000000000000000000000000000000000000000000000000000000000000000000000000000000000000000000000000000	9.637104210526317	cov-n501y	103	2.8964578871472917e-15
H008	000000010000000000000000000000000000000000000000000000000000000000000000000000000000000000000000000000000000000000000000000000000000000000000000000000000000000000000000000000000000000000000000000000000	9.067341578947369	cov-n501y	103	2.8964578871472917e-15
H009	000000001000000000000000000000000000000000000000000000000000000000000000000000000000000000000000000000000000000000000000000000000000000000000000000000000000000000000000000000000000000000000000000000000	9.838387777777777	cov-n501y	103	2.8964578871472917e-15
H010	000000000100000000000000000000000000000000000000000000000000000000000000000000000000000000000000000000000000000000000000000000000000000000000000000000000000000000000000000000000000000000000000000000000	9.54267375	cov-n501y	103	2.8964578871472917e-15
H011	000000000010000000000000000000000000000000000000000000000000000000000000000000000000000000000000000000000000000000000000000000000000000000000000000000000000000000000000000000000000000000000000000000000	9.091596315789474	cov-n501y	103	2.8964578871472917e-15
H012	000000000001000000000000000000000000000000000000000000000000000000000000000000000000000000000000000000000000000000000000000000000000000000000000000000000000000000000000000000000000000000000000000000000	8.869906315789473	cov-n501y	103	2.8964578871472917e-15
H013	000000000000100000000000000000000000000000000000000000000000000000000000000000000000000000000000000000000000000000000000000000000000000000000000000000000000000000000000000000000000000000000000000000000	9.279634736842105	cov-n501y	103	2.8964578871472917e-15
H014	000000000000010000000000000000000000000000000000000000000000000000000000000000000000000000000000000000000000000000000000000000000000000000000000000000000000000000000000000000000000000000000000000000000	9.368985789473683	cov-n501y	103	2.8964578871472917e-15
H015	000000000000001000000000000000000000000000000000000000000000000000000000000000000000000000000000000000000000000000000000000000000000000000000000000000000000000000000000000000000000000000000000000000000	9.459058421052632	cov-n501y	103	2.8964578871472917e-15
H016	000000000000000100000000000000000000000000000000000000000000000000000000000000000000000000000000000000000000000000000000000000000000000000000000000000000000000000000000000000000000000000000000000000000	9.859895263157895	cov-n501y	103	2.8964578871472917e-15
H017	000000000000000010000000000000000000000000000000000000000000000000000000000000000000000000000000000000000000000000000000000000000000000000000000000000000000000000000000000000000000000000000000000000000	8.857230000000001	cov-n501y	103	2.8964578871472917e-15
H018	000000000000000001000000000000000000000000000000000000000000000000000000000000000000000000000000000000000000000000000000000000000000000000000000000000000000000000000000000000000000000000000000000000000	9.569945625	cov-n501y	103	2.8964578871472917e-15
H019	000000000000000000100000000000000000000000000000000000000000000000000000000000000000000000000000000000000000000000000000000000000000000000000000000000000000000000000000000000000000000000000000000000000	8.695302631578947	cov-n501y	103	2.8964578871472917e-15
H020	000000000000000000010000000000000000000000000000000000000000000000000000000000000000000000000000000000000000000000000000000000000000000000000000000000000000000000000000000000000000000000000000000000000	7.516835789473685	cov-n501y	103	2.8964578871472917e-15
H021	000000000000000000001000000000000000000000000000000000000000000000000000000000000000000000000000000000000000000000000000000000000000000000000000000000000000000000000000000000000000000000000000000000000	9.047370526315788	cov-n501y	103	2.8964578871472917e-15
H022	000000000000000000000100000000000000000000000000000000000000000000000000000000000000000000000000000000000000000000000000000000000000000000000000000000000000000000000000000000000000000000000000000000000	9.505857368421053	cov-n501y	103	2.8964578871472917e-15
H023	000000000000000000000010000000000000000000000000000000000000000000000000000000000000000000000000000000000000000000000000000000000000000000000000000000000000000000000000000000000000000000000000000000000	8.177362105263157	cov-n501y	103	2.8964578871472917e-15
H024	000000000000000000000001000000000000000000000000000000000000000000000000000000000000000000000000000000000000000000000000000000000000000000000000000000000000000000000000000000000000000000000000000000000	9.659427368421053	cov-n501y	103	2.8964578871472917e-15
H025	000000000000000000000000100000000000000000000000000000000000000000000000000000000000000000000000000000000000000000000000000000000000000000000000000000000000000000000000000000000000000000000000000000000	8.262032105263158	cov-n501y	103	2.8964578871472917e-15
H026	000000000000000000000000010000000000000000000000000000000000000000000000000000000000000000000000000000000000000000000000000000000000000000000000000000000000000000000000000000000000000000000000000000000	9.34315125	cov-n501y	103	2.8964578871472917e-15
H027	000000000000000000000000001000000000000000000000000000000000000000000000000000000000000000000000000000000000000000000000000000000000000000000000000000000000000000000000000000000000000000000000000000000	9.752911578947367	cov-n501y	103	2.8964578871472917e-15
H028	000000000000000000000000000100000000000000000000000000000000000000000000000000000000000000000000000000000000000000000000000000000000000000000000000000000000000000000000000000000000000000000000000000000	9.182684736842106	cov-n501y	103	2.8964578871472917e-15
H029	000000000000000000000000000010000000000000000000000000000000000000000000000000000000000000000000000000000000000000000000000000000000000000000000000000000000000000000000000000000000000000000000000000000	9.742564736842105	cov-n501y	103	2.8964578871472917e-15
H030	000000000000000000000000000001000000000000000000000000000000000000000000000000000000000000000000000000000000000000000000000000000000000000000000000000000000000000000000000000000000000000000000000000000	9.538372105263159	cov-n501y	103	2.8964578871472917e-15
H031	000000000000000000000000000000100000000000000000000000000000000000000000000000000000000000000000000000000000000000000000000000000000000000000000000000000000000000000000000000000000000000000000000000000	9.137018947368421	cov-n501y	103	2.8964578871472917e-15
H032	000000000000000000000000000000010000000000000000000000000000000000000000000000000000000000000000000000000000000000000000000000000000000000000000000000000000000000000000000000000000000000000000000000000	9.786734736842105	cov-n501y	103	2.8964578871472917e-15
H033	000000000000000000000000000000001000000000000000000000000000000000000000000000000000000000000000000000000000000000000000000000000000000000000000000000000000000000000000000000000000000000000000000000000	9.569874736842104	cov-n501y	103	2.8964578871472917e-15
H034	000000000000000000000000000000000100000000000000000000000000000000000000000000000000000000000000000000000000000000000000000000000000000000000000000000000000000000000000000000000000000000000000000000000	9.276334375	cov-n501y	103	2.8964578871472917e-15
H035	000000000000000000000000000000000010000000000000000000000000000000000000000000000000000000000000000000000000000000000000000000000000000000000000000000000000000000000000000000000000000000000000000000000	9.533408421052632	cov-n501y	103	2.8964578871472917e-15
H036	000000000000000000000000000000000001000000000000000000000000000000000000000000000000000000000000000000000000000000000000000000000000000000000000000000000000000000000000000000000000000000000000000000000	9.821087894736843	cov-n501y	103	2.8964578871472917e-15
H037	000000000000000000000000000000000000100000000000000000000000000000000000000000000000000000000000000000000000000000000000000000000000000000000000000000000000000000000000000000000000000000000000000000000	10.018123157894737	cov-n501y	103	2.8964578871472917e-15
H038	000000000000000000000000000000000000010000000000000000000000000000000000000000000000000000000000000000000000000000000000000000000000000000000000000000000000000000000000000000000000000000000000000000000	9.119205789473684	cov-n501y	103	2.8964578871472917e-15
H039	000000000000000000000000000000000000001000000000000000000000000000000000000000000000000000000000000000000000000000000000000000000000000000000000000000000000000000000000000000000000000000000000000000000	9.885614736842106	cov-n501y	103	2.8964578871472917e-15
H040	000000000000000000000000000000000000000100000000000000000000000000000000000000000000000000000000000000000000000000000000000000000000000000000000000000000000000000000000000000000000000000000000000000000	9.708538947368421	cov-n501y	103	2.8964578871472917e-15
H041	000000000000000000000000000000000000000010000000000000000000000000000000000000000000000000000000000000000000000000000000000000000000000000000000000000000000000000000000000000000000000000000000000000000	9.697332105263158	cov-n501y	103	2.8964578871472917e-15
H042	000000000000000000000000000000000000000001000000000000000000000000000000000000000000000000000000000000000000000000000000000000000000000000000000000000000000000000000000000000000000000000000000000000000	9.766504444444443	cov-n501y	103	2.8964578871472917e-15
H043	000000000000000000000000000000000000000000100000000000000000000000000000000000000000000000000000000000000000000000000000000000000000000000000000000000000000000000000000000000000000000000000000000000000	9.868694736842105	cov-n501y	103	2.8964578871472917e-15
H044	000000000000000000000000000000000000000000010000000000000000000000000000000000000000000000000000000000000000000000000000000000000000000000000000000000000000000000000000000000000000000000000000000000000	9.369362105263157	cov-n501y	103	2.8964578871472917e-15
H045	000000000000000000000000000000000000000000001000000000000000000000000000000000000000000000000000000000000000000000000000000000000000000000000000000000000000000000000000000000000000000000000000000000000	9.495135263157895	cov-n501y	103	2.8964578871472917e-15
H046	000000000000000000000000000000000000000000000100000000000000000000000000000000000000000000000000000000000000000000000000000000000000000000000000000000000000000000000000000000000000000000000000000000000	9.65148	cov-n501y	103	2.8964578871472917e-15
H047	000000000000000000000000000000000000000000000010000000000000000000000000000000000000000000000000000000000000000000000000000000000000000000000000000000000000000000000000000000000000000000000000000000000	9.10984105263158	cov-n501y	103	2.8964578871472917e-15
H048	000000000000000000000000000000000000000000000001000000000000000000000000000000000000000000000000000000000000000000000000000000000000000000000000000000000000000000000000000000000000000000000000000000000	9.44101842105263	cov-n501y	103	2.8964578871472917e-15
H049	000000000000000000000000000000000000000000000000100000000000000000000000000000000000000000000000000000000000000000000000000000000000000000000000000000000000000000000000000000000000000000000000000000000	7.952653157894737	cov-n501y	103	2.8964578871472917e-15
H050	000000000000000000000000000000000000000000000000010000000000000000000000000000000000000000000000000000000000000000000000000000000000000000000000000000000000000000000000000000000000000000000000000000000	8.560953684210526	cov-n501y	103	2.8964578871472917e-15
H051	000000000000000000000000000000000000000000000000001000000000000000000000000000000000000000000000000000000000000000000000000000000000000000000000000000000000000000000000000000000000000000000000000000000	9.337001052631578	cov-n501y	103	2.8964578871472917e-15
H052	000000000000000000000000000000000000000000000000000100000000000000000000000000000000000000000000000000000000000000000000000000000000000000000000000000000000000000000000000000000000000000000000000000000	9.49526	cov-n501y	103	2.8964578871472917e-15
H053	000000000000000000000000000000000000000000000000000010000000000000000000000000000000000000000000000000000000000000000000000000000000000000000000000000000000000000000000000000000000000000000000000000000	9.80744947368421	cov-n501y	103	2.8964578871472917e-15
H054	000000000000000000000000000000000000000000000000000001000000000000000000000000000000000000000000000000000000000000000000000000000000000000000000000000000000000000000000000000000000000000000000000000000	9.882792631578948	cov-n501y	103	2.8964578871472917e-15
H055	000000000000000000000000000000000000000000000000000000100000000000000000000000000000000000000000000000000000000000000000000000000000000000000000000000000000000000000000000000000000000000000000000000000	9.875843684210526	cov-n501y	103	2.8964578871472917e-15
H056	000000000000000000000000000000000000000000000000000000010000000000000000000000000000000000000000000000000000000000000000000000000000000000000000000000000000000000000000000000000000000000000000000000000	9.768746842105264	cov-n501y	103	2.8964578871472917e-15
H057	000000000000000000000000000000000000000000000000000000001000000000000000000000000000000000000000000000000000000000000000000000000000000000000000000000000000000000000000000000000000000000000000000000000	9.343738421052633	cov-n501y	103	2.8964578871472917e-15
H058	000000000000000000000000000000000000000000000000000000000100000000000000000000000000000000000000000000000000000000000000000000000000000000000000000000000000000000000000000000000000000000000000000000000	9.63006842105263	cov-n501y	103	2.8964578871472917e-15
H059	000000000000000000000000000000000000000000000000000000000010000000000000000000000000000000000000000000000000000000000000000000000000000000000000000000000000000000000000000000000000000000000000000000000	9.714896315789474	cov-n501y	103	2.8964578871472917e-15
H060	000000000000000000000000000000000000000000000000000000000001000000000000000000000000000000000000000000000000000000000000000000000000000000000000000000000000000000000000000000000000000000000000000000000	9.71234105263158	cov-n501y	103	2.8964578871472917e-15
H061	000000000000000000000000000000000000000000000000000000000000100000000000000000000000000000000000000000000000000000000000000000000000000000000000000000000000000000000000000000000000000000000000000000000	9.671986842105264	cov-n501y	103	2.8964578871472917e-15
H062	000000000000000000000000000000000000000000000000000000000000010000000000000000000000000000000000000000000000000000000000000000000000000000000000000000000000000000000000000000000000000000000000000000000	9.699558947368422	cov-n501y	103	2.8964578871472917e-15
H063	000000000000000000000000000000000000000000000000000000000000001000000000000000000000000000000000000000000000000000000000000000000000000000000000000000000000000000000000000000000000000000000000000000000	9.710376842105264	cov-n501y	103	2.8964578871472917e-15
H064	000000000000000000000000000000000000000000000000000000000000000100000000000000000000000000000000000000000000000000000000000000000000000000000000000000000000000000000000000000000000000000000000000000000	9.808850526315789	cov-n501y	103	2.8964578871472917e-15
H065	000000000000000000000000000000000000000000000000000000000000000010000000000000000000000000000000000000000000000000000000000000000000000000000000000000000000000000000000000000000000000000000000000000000	9.28827894736842	cov-n501y	103	2.8964578871472917e-15
H066	000000000000000000000000000000000000000000000000000000000000000001000000000000000000000000000000000000000000000000000000000000000000000000000000000000000000000000000000000000000000000000000000000000000	9.40374	cov-n501y	103	2.8964578871472917e-15
H067	000000000000000000000000000000000000000000000000000000000000000000100000000000000000000000000000000000000000000000000000000000000000000000000000000000000000000000000000000000000000000000000000000000000	8.596656315789474	cov-n501y	103	2.8964578871472917e-15
H068	000000000000000000000000000000000000000000000000000000000000000000010000000000000000000000000000000000000000000000000000000000000000000000000000000000000000000000000000000000000000000000000000000000000	7.512083684210526	cov-n501y	103	2.8964578871472917e-15
H069	000000000000000000000000000000000000000000000000000000000000000000001000000000000000000000000000000000000000000000000000000000000000000000000000000000000000000000000000000000000000000000000000000000000	8.961751578947368	cov-n501y	103	2.8964578871472917e-15
H070	000000000000000000000000000000000000000000000000000000000000000000000100000000000000000000000000000000000000000000000000000000000000000000000000000000000000000000000000000000000000000000000000000000000	6.686384736842105	cov-n501y	103	2.8964578871472917e-15
H071	000000000000000000000000000000000000000000000000000000000000000000000010000000000000000000000000000000000000000000000000000000000000000000000000000000000000000000000000000000000000000000000000000000000	7.361456315789474	cov-n501y	103	2.8964578871472917e-15
H072	000000000000000000000000000000000000000000000000000000000000000000000001000000000000000000000000000000000000000000000000000000000000000000000000000000000000000000000000000000000000000000000000000000000	7.2847484210526305	cov-n501y	103	2.8964578871472917e-15
H073	000000000000000000000000000000000000000000000000000000000000000000000000100000000000000000000000000000000000000000000000000000000000000000000000000000000000000000000000000000000000000000000000000000000	8.85375947368421	cov-n501y	103	2.8964578871472917e-15
H074	000000000000000000000000000000000000000000000000000000000000000000000000010000000000000000000000000000000000000000000000000000000000000000000000000000000000000000000000000000000000000000000000000000000	8.04562947368421	cov-n501y	103	2.8964578871472917e-15
H075	000000000000000000000000000000000000000000000000000000000000000000000000001000000000000000000000000000000000000000000000000000000000000000000000000000000000000000000000000000000000000000000000000000000	9.09654894736842	cov-n501y	103	2.8964578871472917e-15
H076	000000000000000000000000000000000000000000000000000000000000000000000000000100000000000000000000000000000000000000000000000000000000000000000000000000000000000000000000000000000000000000000000000000000	8.160374210526316	cov-n501y	103	2.8964578871472917e-15
H077	000000000000000000000000000000000000000000000000000000000000000000000000000010000000000000000000000000000000000000000000000000000000000000000000000000000000000000000000000000000000000000000000000000000	8.546001578947369	cov-n501y	103	2.8964578871472917e-15
H078	000000000000000000000000000000000000000000000000000000000000000000000000000001000000000000000000000000000000000000000000000000000000000000000000000000000000000000000000000000000000000000000000000000000	9.54926947368421	cov-n501y	103	2.8964578871472917e-15
H079	000000000000000000000000000000000000000000000000000000000000000000000000000000100000000000000000000000000000000000000000000000000000000000000000000000000000000000000000000000000000000000000000000000000	8.881058947368421	cov-n501y	103	2.8964578871472917e-15
H080	000000000000000000000000000000000000000000000000000000000000000000000000000000010000000000000000000000000000000000000000000000000000000000000000000000000000000000000000000000000000000000000000000000000	7.032413157894736	cov-n501y	103	2.8964578871472917e-15
H081	000000000000000000000000000000000000000000000000000000000000000000000000000000001000000000000000000000000000000000000000000000000000000000000000000000000000000000000000000000000000000000000000000000000	9.240275263157894	cov-n501y	103	2.8964578871472917e-15
H082	000000000000000000000000000000000000000000000000000000000000000000000000000000000100000000000000000000000000000000000000000000000000000000000000000000000000000000000000000000000000000000000000000000000	8.263008421052632	cov-n501y	103	2.8964578871472917e-15
H083	000000000000000000000000000000000000000000000000000000000000000000000000000000000010000000000000000000000000000000000000000000000000000000000000000000000000000000000000000000000000000000000000000000000	9.51107842105263	cov-n501y	103	2.8964578871472917e-15
H084	000000000000000000000000000000000000000000000000000000000000000000000000000000000001000000000000000000000000000000000000000000000000000000000000000000000000000000000000000000000000000000000000000000000	9.572232631578947	cov-n501y	103	2.8964578871472917e-15
H085	000000000000000000000000000000000000000000000000000000000000000000000000000000000000100000000000000000000000000000000000000000000000000000000000000000000000000000000000000000000000000000000000000000000	9.696671578947369	cov-n501y	103	2.8964578871472917e-15
H086	000000000000000000000000000000000000000000000000000000000000000000000000000000000000010000000000000000000000000000000000000000000000000000000000000000000000000000000000000000000000000000000000000000000	7.430202105263159	cov-n501y	103	2.8964578871472917e-15
H087	000000000000000000000000000000000000000000000000000000000000000000000000000000000000001000000000000000000000000000000000000000000000000000000000000000000000000000000000000000000000000000000000000000000	9.358793684210527	cov-n501y	103	2.8964578871472917e-15
H088	000000000000000000000000000000000000000000000000000000000000000000000000000000000000000100000000000000000000000000000000000000000000000000000000000000000000000000000000000000000000000000000000000000000	7.365534736842105	cov-n501y	103	2.8964578871472917e-15
H089	000000000000000000000000000000000000000000000000000000000000000000000000000000000000000010000000000000000000000000000000000000000000000000000000000000000000000000000000000000000000000000000000000000000	8.592405263157895	cov-n501y	103	2.8964578871472917e-15
H090	000000000000000000000000000000000000000000000000000000000000000000000000000000000000000001000000000000000000000000000000000000000000000000000000000000000000000000000000000000000000000000000000000000000	9.32206052631579	cov-n501y	103	2.8964578871472917e-15
H091	000000000000000000000000000000000000000000000000000000000000000000000000000000000000000000100000000000000000000000000000000000000000000000000000000000000000000000000000000000000000000000000000000000000	8.84699	cov-n501y	103	2.8964578871472917e-15
H092	000000000000000000000000000000000000000000000000000000000000000000000000000000000000000000010000000000000000000000000000000000000000000000000000000000000000000000000000000000000000000000000000000000000	6.738858571428572	cov-n501y	103	2.8964578871472917e-15
H093	000000000000000000000000000000000000000000000000000000000000000000000000000000000000000000001000000000000000000000000000000000000000000000000000000000000000000000000000000000000000000000000000000000000	6.833678888888889	cov-n501y	103	2.8964578871472917e-15
H094	000000000000000000000000000000000000000000000000000000000000000000000000000000000000000000000100000000000000000000000000000000000000000000000000000000000000000000000000000000000000000000000000000000000	8.646185789473686	cov-n501y	103	2.8964578871472917e-15
H095	000000000000000000000000000000000000000000000000000000000000000000000000000000000000000000000010000000000000000000000000000000000000000000000000000000000000000000000000000000000000000000000000000000000	7.52560052631579	cov-n501y	103	2.8964578871472917e-15
H096	000000000000000000000000000000000000000000000000000000000000000000000000000000000000000000000001000000000000000000000000000000000000000000000000000000000000000000000000000000000000000000000000000000000	9.089310666666668	cov-n501y	103	2.8964578871472917e-15
H097	000000000000000000000000000000000000000000000000000000000000000000000000000000000000000000000000100000000000000000000000000000000000000000000000000000000000000000000000000000000000000000000000000000000	9.780614210526316	cov-n501y	103	2.8964578871472917e-15
H098	000000000000000000000000000000000000000000000000000000000000000000000000000000000000000000000000010000000000000000000000000000000000000000000000000000000000000000000000000000000000000000000000000000000	9.611325789473685	cov-n501y	103	2.8964578871472917e-15
H099	000000000000000000000000000000000000000000000000000000000000000000000000000000000000000000000000001000000000000000000000000000000000000000000000000000000000000000000000000000000000000000000000000000000	7.756235	cov-n501y	103	2.8964578871472917e-15
H100	000000000000000000000000000000000000000000000000000000000000000000000000000000000000000000000000000100000000000000000000000000000000000000000000000000000000000000000000000000000000000000000000000000000	9.761045789473684	cov-n501y	103	2.8964578871472917e-15
H101	000000000000000000000000000000000000000000000000000000000000000000000000000000000000000000000000000010000000000000000000000000000000000000000000000000000000000000000000000000000000000000000000000000000	6.594585263157895	cov-n501y	103	2.8964578871472917e-15
H102	000000000000000000000000000000000000000000000000000000000000000000000000000000000000000000000000000001000000000000000000000000000000000000000000000000000000000000000000000000000000000000000000000000000	7.638014736842105	cov-n501y	103	2.8964578871472917e-15
H103	000000000000000000000000000000000000000000000000000000000000000000000000000000000000000000000000000000100000000000000000000000000000000000000000000000000000000000000000000000000000000000000000000000000	7.27286	cov-n501y	103	2.8964578871472917e-15
H104	000000000000000000000000000000000000000000000000000000000000000000000000000000000000000000000000000000010000000000000000000000000000000000000000000000000000000000000000000000000000000000000000000000000	8.796672222222222	cov-n501y	103	2.8964578871472917e-15
H105	000000000000000000000000000000000000000000000000000000000000000000000000000000000000000000000000000000001000000000000000000000000000000000000000000000000000000000000000000000000000000000000000000000000	8.672562631578948	cov-n501y	103	2.8964578871472917e-15
H106	000000000000000000000000000000000000000000000000000000000000000000000000000000000000000000000000000000000100000000000000000000000000000000000000000000000000000000000000000000000000000000000000000000000	8.923135789473685	cov-n501y	103	2.8964578871472917e-15
H107	000000000000000000000000000000000000000000000000000000000000000000000000000000000000000000000000000000000010000000000000000000000000000000000000000000000000000000000000000000000000000000000000000000000	8.321447894736842	cov-n501y	103	2.8964578871472917e-15
H108	000000000000000000000000000000000000000000000000000000000000000000000000000000000000000000000000000000000001000000000000000000000000000000000000000000000000000000000000000000000000000000000000000000000	7.768758947368422	cov-n501y	103	2.8964578871472917e-15
H109	000000000000000000000000000000000000000000000000000000000000000000000000000000000000000000000000000000000000100000000000000000000000000000000000000000000000000000000000000000000000000000000000000000000	8.751475263157895	cov-n501y	103	2.8964578871472917e-15
H110	000000000000000000000000000000000000000000000000000000000000000000000000000000000000000000000000000000000000010000000000000000000000000000000000000000000000000000000000000000000000000000000000000000000	9.838078947368421	cov-n501y	103	2.8964578871472917e-15
H111	000000000000000000000000000000000000000000000000000000000000000000000000000000000000000000000000000000000000001000000000000000000000000000000000000000000000000000000000000000000000000000000000000000000	9.622204210526315	cov-n501y	103	2.8964578871472917e-15
H112	000000000000000000000000000000000000000000000000000000000000000000000000000000000000000000000000000000000000000100000000000000000000000000000000000000000000000000000000000000000000000000000000000000000	6.548063157894737	cov-n501y	103	2.8964578871472917e-15
H113	000000000000000000000000000000000000000000000000000000000000000000000000000000000000000000000000000000000000000010000000000000000000000000000000000000000000000000000000000000000000000000000000000000000	6.77133947368421	cov-n501y	103	2.8964578871472917e-15
H114	000000000000000000000000000000000000000000000000000000000000000000000000000000000000000000000000000000000000000001000000000000000000000000000000000000000000000000000000000000000000000000000000000000000	9.435043684210527	cov-n501y	103	2.8964578871472917e-15
H115	000000000000000000000000000000000000000000000000000000000000000000000000000000000000000000000000000000000000000000100000000000000000000000000000000000000000000000000000000000000000000000000000000000000	9.270294210526316	cov-n501y	103	2.8964578871472917e-15
H116	000000000000000000000000000000000000000000000000000000000000000000000000000000000000000000000000000000000000000000010000000000000000000000000000000000000000000000000000000000000000000000000000000000000	8.951644210526316	cov-n501y	103	2.8964578871472917e-15
H117	000000000000000000000000000000000000000000000000000000000000000000000000000000000000000000000000000000000000000000001000000000000000000000000000000000000000000000000000000000000000000000000000000000000	8.57584105263158	cov-n501y	103	2.8964578871472917e-15
H118	000000000000000000000000000000000000000000000000000000000000000000000000000000000000000000000000000000000000000000000100000000000000000000000000000000000000000000000000000000000000000000000000000000000	8.75163894736842	cov-n501y	103	2.8964578871472917e-15
H119	000000000000000000000000000000000000000000000000000000000000000000000000000000000000000000000000000000000000000000000010000000000000000000000000000000000000000000000000000000000000000000000000000000000	9.24109105263158	cov-n501y	103	2.8964578871472917e-15
H120	000000000000000000000000000000000000000000000000000000000000000000000000000000000000000000000000000000000000000000000001000000000000000000000000000000000000000000000000000000000000000000000000000000000	9.620855789473683	cov-n501y	103	2.8964578871472917e-15
H121	000000000000000000000000000000000000000000000000000000000000000000000000000000000000000000000000000000000000000000000000100000000000000000000000000000000000000000000000000000000000000000000000000000000	9.108002105263159	cov-n501y	103	2.8964578871472917e-15
H122	000000000000000000000000000000000000000000000000000000000000000000000000000000000000000000000000000000000000000000000000010000000000000000000000000000000000000000000000000000000000000000000000000000000	9.666522105263157	cov-n501y	103	2.8964578871472917e-15
H123	000000000000000000000000000000000000000000000000000000000000000000000000000000000000000000000000000000000000000000000000001000000000000000000000000000000000000000000000000000000000000000000000000000000	9.235954210526316	cov-n501y	103	2.8964578871472917e-15
H124	000000000000000000000000000000000000000000000000000000000000000000000000000000000000000000000000000000000000000000000000000100000000000000000000000000000000000000000000000000000000000000000000000000000	6.187727894736842	cov-n501y	103	2.8964578871472917e-15
H125	000000000000000000000000000000000000000000000000000000000000000000000000000000000000000000000000000000000000000000000000000010000000000000000000000000000000000000000000000000000000000000000000000000000	8.521424210526316	cov-n501y	103	2.8964578871472917e-15
H126	000000000000000000000000000000000000000000000000000000000000000000000000000000000000000000000000000000000000000000000000000001000000000000000000000000000000000000000000000000000000000000000000000000000	7.433727368421053	cov-n501y	103	2.8964578871472917e-15
H127	000000000000000000000000000000000000000000000000000000000000000000000000000000000000000000000000000000000000000000000000000000100000000000000000000000000000000000000000000000000000000000000000000000000	8.074296842105264	cov-n501y	103	2.8964578871472917e-15
H128	000000000000000000000000000000000000000000000000000000000000000000000000000000000000000000000000000000000000000000000000000000010000000000000000000000000000000000000000000000000000000000000000000000000	9.845846315789473	cov-n501y	103	2.8964578871472917e-15
H129	000000000000000000000000000000000000000000000000000000000000000000000000000000000000000000000000000000000000000000000000000000001000000000000000000000000000000000000000000000000000000000000000000000000	9.736270526315788	cov-n501y	103	2.8964578871472917e-15
H130	000000000000000000000000000000000000000000000000000000000000000000000000000000000000000000000000000000000000000000000000000000000100000000000000000000000000000000000000000000000000000000000000000000000	9.83565894736842	cov-n501y	103	2.8964578871472917e-15
H131	000000000000000000000000000000000000000000000000000000000000000000000000000000000000000000000000000000000000000000000000000000000010000000000000000000000000000000000000000000000000000000000000000000000	8.1718	cov-n501y	103	2.8964578871472917e-15
H132	000000000000000000000000000000000000000000000000000000000000000000000000000000000000000000000000000000000000000000000000000000000001000000000000000000000000000000000000000000000000000000000000000000000	9.744697368421052	cov-n501y	103	2.8964578871472917e-15
H133	000000000000000000000000000000000000000000000000000000000000000000000000000000000000000000000000000000000000000000000000000000000000100000000000000000000000000000000000000000000000000000000000000000000	9.40931705882353	cov-n501y	103	2.8964578871472917e-15
H134	000000000000000000000000000000000000000000000000000000000000000000000000000000000000000000000000000000000000000000000000000000000000010000000000000000000000000000000000000000000000000000000000000000000	9.479602631578947	cov-n501y	103	2.8964578871472917e-15
H135	000000000000000000000000000000000000000000000000000000000000000000000000000000000000000000000000000000000000000000000000000000000000001000000000000000000000000000000000000000000000000000000000000000000	9.294722631578948	cov-n501y	103	2.8964578871472917e-15
H136	000000000000000000000000000000000000000000000000000000000000000000000000000000000000000000000000000000000000000000000000000000000000000100000000000000000000000000000000000000000000000000000000000000000	9.294617368421052	cov-n501y	103	2.8964578871472917e-15
H137	000000000000000000000000000000000000000000000000000000000000000000000000000000000000000000000000000000000000000000000000000000000000000010000000000000000000000000000000000000000000000000000000000000000	8.156315263157895	cov-n501y	103	2.8964578871472917e-15
H138	000000000000000000000000000000000000000000000000000000000000000000000000000000000000000000000000000000000000000000000000000000000000000001000000000000000000000000000000000000000000000000000000000000000	9.750537368421053	cov-n501y	103	2.8964578871472917e-15
H139	000000000000000000000000000000000000000000000000000000000000000000000000000000000000000000000000000000000000000000000000000000000000000000100000000000000000000000000000000000000000000000000000000000000	9.463625789473683	cov-n501y	103	2.8964578871472917e-15
H140	000000000000000000000000000000000000000000000000000000000000000000000000000000000000000000000000000000000000000000000000000000000000000000010000000000000000000000000000000000000000000000000000000000000	9.834261052631579	cov-n501y	103	2.8964578871472917e-15
H141	000000000000000000000000000000000000000000000000000000000000000000000000000000000000000000000000000000000000000000000000000000000000000000001000000000000000000000000000000000000000000000000000000000000	9.674816315789473	cov-n501y	103	2.8964578871472917e-15
H142	000000000000000000000000000000000000000000000000000000000000000000000000000000000000000000000000000000000000000000000000000000000000000000000100000000000000000000000000000000000000000000000000000000000	8.988055263157895	cov-n501y	103	2.8964578871472917e-15
H143	000000000000000000000000000000000000000000000000000000000000000000000000000000000000000000000000000000000000000000000000000000000000000000000010000000000000000000000000000000000000000000000000000000000	7.675730526315789	cov-n501y	103	2.8964578871472917e-15
H144	000000000000000000000000000000000000000000000000000000000000000000000000000000000000000000000000000000000000000000000000000000000000000000000001000000000000000000000000000000000000000000000000000000000	9.45933105263158	cov-n501y	103	2.8964578871472917e-15
H145	000000000000000000000000000000000000000000000000000000000000000000000000000000000000000000000000000000000000000000000000000000000000000000000000100000000000000000000000000000000000000000000000000000000	8.524064210526316	cov-n501y	103	2.8964578871472917e-15
H146	000000000000000000000000000000000000000000000000000000000000000000000000000000000000000000000000000000000000000000000000000000000000000000000000010000000000000000000000000000000000000000000000000000000	8.285271052631579	cov-n501y	103	2.8964578871472917e-15
H147	000000000000000000000000000000000000000000000000000000000000000000000000000000000000000000000000000000000000000000000000000000000000000000000000001000000000000000000000000000000000000000000000000000000	9.939338947368421	cov-n501y	103	2.8964578871472917e-15
H148	000000000000000000000000000000000000000000000000000000000000000000000000000000000000000000000000000000000000000000000000000000000000000000000000000100000000000000000000000000000000000000000000000000000	9.741805263157895	cov-n501y	103	2.8964578871472917e-15
H149	000000000000000000000000000000000000000000000000000000000000000000000000000000000000000000000000000000000000000000000000000000000000000000000000000010000000000000000000000000000000000000000000000000000	9.805757647058824	cov-n501y	103	2.8964578871472917e-15
H150	000000000000000000000000000000000000000000000000000000000000000000000000000000000000000000000000000000000000000000000000000000000000000000000000000001000000000000000000000000000000000000000000000000000	5.709537894736842	cov-n501y	103	2.8964578871472917e-15
H151	000000000000000000000000000000000000000000000000000000000000000000000000000000000000000000000000000000000000000000000000000000000000000000000000000000100000000000000000000000000000000000000000000000000	9.720883684210525	cov-n501y	103	2.8964578871472917e-15
H152	000000000000000000000000000000000000000000000000000000000000000000000000000000000000000000000000000000000000000000000000000000000000000000000000000000010000000000000000000000000000000000000000000000000	9.512716315789474	cov-n501y	103	2.8964578871472917e-15
H153	000000000000000000000000000000000000000000000000000000000000000000000000000000000000000000000000000000000000000000000000000000000000000000000000000000001000000000000000000000000000000000000000000000000	9.852348947368421	cov-n501y	103	2.8964578871472917e-15
H154	000000000000000000000000000000000000000000000000000000000000000000000000000000000000000000000000000000000000000000000000000000000000000000000000000000000100000000000000000000000000000000000000000000000	9.239501578947369	cov-n501y	103	2.8964578871472917e-15
H155	000000000000000000000000000000000000000000000000000000000000000000000000000000000000000000000000000000000000000000000000000000000000000000000000000000000010000000000000000000000000000000000000000000000	9.07776105263158	cov-n501y	103	2.8964578871472917e-15
H156	000000000000000000000000000000000000000000000000000000000000000000000000000000000000000000000000000000000000000000000000000000000000000000000000000000000001000000000000000000000000000000000000000000000	8.841664210526316	cov-n501y	103	2.8964578871472917e-15
H157	000000000000000000000000000000000000000000000000000000000000000000000000000000000000000000000000000000000000000000000000000000000000000000000000000000000000100000000000000000000000000000000000000000000	7.013938888888889	cov-n501y	103	2.8964578871472917e-15
H158	000000000000000000000000000000000000000000000000000000000000000000000000000000000000000000000000000000000000000000000000000000000000000000000000000000000000010000000000000000000000000000000000000000000	6.120905263157895	cov-n501y	103	2.8964578871472917e-15
H159	000000000000000000000000000000000000000000000000000000000000000000000000000000000000000000000000000000000000000000000000000000000000000000000000000000000000001000000000000000000000000000000000000000000	6.387095789473684	cov-n501y	103	2.8964578871472917e-15
H160	000000000000000000000000000000000000000000000000000000000000000000000000000000000000000000000000000000000000000000000000000000000000000000000000000000000000000100000000000000000000000000000000000000000	9.646360000000001	cov-n501y	103	2.8964578871472917e-15
H161	000000000000000000000000000000000000000000000000000000000000000000000000000000000000000000000000000000000000000000000000000000000000000000000000000000000000000010000000000000000000000000000000000000000	7.518460526315789	cov-n501y	103	2.8964578871472917e-15
H162	000000000000000000000000000000000000000000000000000000000000000000000000000000000000000000000000000000000000000000000000000000000000000000000000000000000000000001000000000000000000000000000000000000000	8.287704736842105	cov-n501y	103	2.8964578871472917e-15
H163	000000000000000000000000000000000000000000000000000000000000000000000000000000000000000000000000000000000000000000000000000000000000000000000000000000000000000000100000000000000000000000000000000000000	9.995189444444444	cov-n501y	103	2.8964578871472917e-15
H164	000000000000000000000000000000000000000000000000000000000000000000000000000000000000000000000000000000000000000000000000000000000000000000000000000000000000000000010000000000000000000000000000000000000	9.140576842105263	cov-n501y	103	2.8964578871472917e-15
H165	000000000000000000000000000000000000000000000000000000000000000000000000000000000000000000000000000000000000000000000000000000000000000000000000000000000000000000001000000000000000000000000000000000000	7.436618888888889	cov-n501y	103	2.8964578871472917e-15
H166	000000000000000000000000000000000000000000000000000000000000000000000000000000000000000000000000000000000000000000000000000000000000000000000000000000000000000000000100000000000000000000000000000000000	8.529806315789473	cov-n501y	103	2.8964578871472917e-15
H167	000000000000000000000000000000000000000000000000000000000000000000000000000000000000000000000000000000000000000000000000000000000000000000000000000000000000000000000010000000000000000000000000000000000	6.163604736842106	cov-n501y	103	2.8964578871472917e-15
H168	000000000000000000000000000000000000000000000000000000000000000000000000000000000000000000000000000000000000000000000000000000000000000000000000000000000000000000000001000000000000000000000000000000000	8.592492105263158	cov-n501y	103	2.8964578871472917e-15
H169	000000000000000000000000000000000000000000000000000000000000000000000000000000000000000000000000000000000000000000000000000000000000000000000000000000000000000000000000100000000000000000000000000000000	8.625817368421053	cov-n501y	103	2.8964578871472917e-15
H170	000000000000000000000000000000000000000000000000000000000000000000000000000000000000000000000000000000000000000000000000000000000000000000000000000000000000000000000000010000000000000000000000000000000	7.767596315789473	cov-n501y	103	2.8964578871472917e-15
H171	000000000000000000000000000000000000000000000000000000000000000000000000000000000000000000000000000000000000000000000000000000000000000000000000000000000000000000000000001000000000000000000000000000000	7.98176947368421	cov-n501y	103	2.8964578871472917e-15
H172	000000000000000000000000000000000000000000000000000000000000000000000000000000000000000000000000000000000000000000000000000000000000000000000000000000000000000000000000000100000000000000000000000000000	5.508986842105263	cov-n501y	103	2.8964578871472917e-15
H173	000000000000000000000000000000000000000000000000000000000000000000000000000000000000000000000000000000000000000000000000000000000000000000000000000000000000000000000000000010000000000000000000000000000	9.679393684210526	cov-n501y	103	2.8964578871472917e-15
H174	000000000000000000000000000000000000000000000000000000000000000000000000000000000000000000000000000000000000000000000000000000000000000000000000000000000000000000000000000001000000000000000000000000000	9.003677368421053	cov-n501y	103	2.8964578871472917e-15
H175	000000000000000000000000000000000000000000000000000000000000000000000000000000000000000000000000000000000000000000000000000000000000000000000000000000000000000000000000000000100000000000000000000000000	6.840673684210526	cov-n501y	103	2.8964578871472917e-15
H176	000000000000000000000000000000000000000000000000000000000000000000000000000000000000000000000000000000000000000000000000000000000000000000000000000000000000000000000000000000010000000000000000000000000	7.3022405263157895	cov-n501y	103	2.8964578871472917e-15
H177	000000000000000000000000000000000000000000000000000000000000000000000000000000000000000000000000000000000000000000000000000000000000000000000000000000000000000000000000000000001000000000000000000000000	6.4032558823529415	cov-n501y	103	2.8964578871472917e-15
H178	000000000000000000000000000000000000000000000000000000000000000000000000000000000000000000000000000000000000000000000000000000000000000000000000000000000000000000000000000000000100000000000000000000000	8.830044736842105	cov-n501y	103	2.8964578871472917e-15
H179	000000000000000000000000000000000000000000000000000000000000000000000000000000000000000000000000000000000000000000000000000000000000000000000000000000000000000000000000000000000010000000000000000000000	6.238585789473684	cov-n501y	103	2.8964578871472917e-15
H180	000000000000000000000000000000000000000000000000000000000000000000000000000000000000000000000000000000000000000000000000000000000000000000000000000000000000000000000000000000000001000000000000000000000	7.429168947368422	cov-n501y	103	2.8964578871472917e-15
H181	000000000000000000000000000000000000000000000000000000000000000000000000000000000000000000000000000000000000000000000000000000000000000000000000000000000000000000000000000000000000100000000000000000000	7.721820588235294	cov-n501y	103	2.8964578871472917e-15
H182	000000000000000000000000000000000000000000000000000000000000000000000000000000000000000000000000000000000000000000000000000000000000000000000000000000000000000000000000000000000000010000000000000000000	7.220947894736843	cov-n501y	103	2.8964578871472917e-15
H183	000000000000000000000000000000000000000000000000000000000000000000000000000000000000000000000000000000000000000000000000000000000000000000000000000000000000000000000000000000000000001000000000000000000	7.718645789473684	cov-n501y	103	2.8964578871472917e-15
H184	000000000000000000000000000000000000000000000000000000000000000000000000000000000000000000000000000000000000000000000000000000000000000000000000000000000000000000000000000000000000000100000000000000000	9.59909842105263	cov-n501y	103	2.8964578871472917e-15
H185	000000000000000000000000000000000000000000000000000000000000000000000000000000000000000000000000000000000000000000000000000000000000000000000000000000000000000000000000000000000000000010000000000000000	9.033334210526316	cov-n501y	103	2.8964578871472917e-15
H186	000000000000000000000000000000000000000000000000000000000000000000000000000000000000000000000000000000000000000000000000000000000000000000000000000000000000000000000000000000000000000001000000000000000	9.5916	cov-n501y	103	2.8964578871472917e-15
H187	000000000000000000000000000000000000000000000000000000000000000000000000000000000000000000000000000000000000000000000000000000000000000000000000000000000000000000000000000000000000000000100000000000000	9.906217894736843	cov-n501y	103	2.8964578871472917e-15
H188	000000000000000000000000000000000000000000000000000000000000000000000000000000000000000000000000000000000000000000000000000000000000000000000000000000000000000000000000000000000000000000010000000000000	9.890412105263158	cov-n501y	103	2.8964578871472917e-15
H189	000000000000000000000000000000000000000000000000000000000000000000000000000000000000000000000000000000000000000000000000000000000000000000000000000000000000000000000000000000000000000000001000000000000	9.880536666666666	cov-n501y	103	2.8964578871472917e-15
H190	000000000000000000000000000000000000000000000000000000000000000000000000000000000000000000000000000000000000000000000000000000000000000000000000000000000000000000000000000000000000000000000100000000000	9.874468421052631	cov-n501y	103	2.8964578871472917e-15
H191	000000000000000000000000000000000000000000000000000000000000000000000000000000000000000000000000000000000000000000000000000000000000000000000000000000000000000000000000000000000000000000000010000000000	9.786445294117648	cov-n501y	103	2.8964578871472917e-15
H192	000000000000000000000000000000000000000000000000000000000000000000000000000000000000000000000000000000000000000000000000000000000000000000000000000000000000000000000000000000000000000000000001000000000	9.9109775	cov-n501y	103	2.8964578871472917e-15
H193	000000000000000000000000000000000000000000000000000000000000000000000000000000000000000000000000000000000000000000000000000000000000000000000000000000000000000000000000000000000000000000000000100000000	9.864419230769231	cov-n501y	103	2.8964578871472917e-15
H194	000000000000000000000000000000000000000000000000000000000000000000000000000000000000000000000000000000000000000000000000000000000000000000000000000000000000000000000000000000000000000000000000010000000	9.804340000000002	cov-n501y	103	2.8964578871472917e-15
H195	000000000000000000000000000000000000000000000000000000000000000000000000000000000000000000000000000000000000000000000000000000000000000000000000000000000000000000000000000000000000000000000000001000000	9.789873157894737	cov-n501y	103	2.8964578871472917e-15
H196	000000000000000000000000000000000000000000000000000000000000000000000000000000000000000000000000000000000000000000000000000000000000000000000000000000000000000000000000000000000000000000000000000100000	9.823444736842106	cov-n501y	103	2.8964578871472917e-15
H197	000000000000000000000000000000000000000000000000000000000000000000000000000000000000000000000000000000000000000000000000000000000000000000000000000000000000000000000000000000000000000000000000000010000	10.092516842105264	cov-n501y	103	2.8964578871472917e-15
H198	000000000000000000000000000000000000000000000000000000000000000000000000000000000000000000000000000000000000000000000000000000000000000000000000000000000000000000000000000000000000000000000000000001000	9.950005263157895	cov-n501y	103	2.8964578871472917e-15
H199	000000000000000000000000000000000000000000000000000000000000000000000000000000000000000000000000000000000000000000000000000000000000000000000000000000000000000000000000000000000000000000000000000000100	9.933435789473684	cov-n501y	103	2.8964578871472917e-15
H200	000000000000000000000000000000000000000000000000000000000000000000000000000000000000000000000000000000000000000000000000000000000000000000000000000000000000000000000000000000000000000000000000000000010	9.987699375	cov-n501y	103	2.8964578871472917e-15
H201	000000000000000000000000000000000000000000000000000000000000000000000000000000000000000000000000000000000000000000000000000000000000000000000000000000000000000000000000000000000000000000000000000000001	9.90453	cov-n501y	103	2.8964578871472917e-15
