tag	id	haplotype	fitness	fit_norm	local_peak	global_peak	N	K
test	H0000	0000000000	0.521644	0.558774	0	0	10	5
test	H0001	0000000001	0.449832	0.440051	0	0	10	5
test	H0002	0000000010	0.594416	0.679084	0	0	10	5
test	H0003	0000000011	0.524659	0.563759	0	0	10	5
test	H0004	0000000100	0.544815	0.597082	0	0	10	5
test	H0005	0000000101	0.664062	0.794227	0	0	10	5
test	H0006	0000000110	0.523832	0.562391	0	0	10	5
test	H0007	0000000111	0.578233	0.652329	0	0	10	5
test	H0008	0000001000	0.382524	0.328775	0	0	10	5
test	H0009	0000001001	0.542224	0.592798	0	0	10	5
test	H0010	0000001010	0.416715	0.385301	0	0	10	5
test	H0011	0000001011	0.457037	0.451963	0	0	10	5
test	H0012	0000001100	0.283690	0.165377	0	0	10	5
test	H0013	0000001101	0.549151	0.604251	0	0	10	5
test	H0014	0000001110	0.319750	0.224994	0	0	10	5
test	H0015	0000001111	0.398933	0.355902	0	0	10	5
test	H0016	0000010000	0.646796	0.765681	0	0	10	5
test	H0017	0000010001	0.405442	0.366664	0	0	10	5
test	H0018	0000010010	0.629541	0.737155	0	0	10	5
test	H0019	0000010011	0.437210	0.419184	0	0	10	5
test	H0020	0000010100	0.649764	0.770588	1	0	10	5
test	H0021	0000010101	0.488944	0.504712	0	0	10	5
test	H0022	0000010110	0.536332	0.583057	0	0	10	5
test	H0023	0000010111	0.515279	0.548250	0	0	10	5
test	H0024	0000011000	0.495387	0.515365	0	0	10	5
test	H0025	0000011001	0.442232	0.427486	0	0	10	5
test	H0026	0000011010	0.498195	0.520007	0	0	10	5
test	H0027	0000011011	0.372629	0.312415	0	0	10	5
test	H0028	0000011100	0.424559	0.398268	0	0	10	5
test	H0029	0000011101	0.508488	0.537024	0	0	10	5
test	H0030	0000011110	0.340021	0.258507	0	0	10	5
test	H0031	0000011111	0.442285	0.427573	0	0	10	5
test	H0032	0000100000	0.499284	0.521808	0	0	10	5
test	H0033	0000100001	0.406175	0.367875	0	0	10	5
test	H0034	0000100010	0.598471	0.685789	0	0	10	5
test	H0035	0000100011	0.510886	0.540989	0	0	10	5
test	H0036	0000100100	0.474615	0.481023	0	0	10	5
test	H0037	0000100101	0.638068	0.751252	0	0	10	5
test	H0038	0000100110	0.524117	0.562863	0	0	10	5
test	H0039	0000100111	0.652950	0.775856	0	0	10	5
test	H0040	0000101000	0.441330	0.425994	0	0	10	5
test	H0041	0000101001	0.473071	0.478471	0	0	10	5
test	H0042	0000101010	0.341622	0.261153	0	0	10	5
test	H0043	0000101011	0.486887	0.501312	0	0	10	5
test	H0044	0000101100	0.294654	0.183503	0	0	10	5
test	H0045	0000101101	0.497661	0.519124	0	0	10	5
test	H0046	0000101110	0.240887	0.094613	0	0	10	5
test	H0047	0000101111	0.517274	0.551549	0	0	10	5
test	H0048	0000110000	0.629086	0.736402	0	0	10	5
test	H0049	0000110001	0.345338	0.267296	0	0	10	5
test	H0050	0000110010	0.667056	0.799176	0	0	10	5
test	H0051	0000110011	0.377772	0.320917	0	0	10	5
test	H0052	0000110100	0.486241	0.500244	0	0	10	5
test	H0053	0000110101	0.420321	0.391261	0	0	10	5
test	H0054	0000110110	0.607889	0.701359	0	0	10	5
test	H0055	0000110111	0.515848	0.549192	0	0	10	5
test	H0056	0000111000	0.558842	0.620272	0	0	10	5
test	H0057	0000111001	0.356631	0.285967	0	0	10	5
test	H0058	0000111010	0.456561	0.451176	0	0	10	5
test	H0059	0000111011	0.356814	0.286269	0	0	10	5
test	H0060	0000111100	0.342201	0.262110	0	0	10	5
test	H0061	0000111101	0.414369	0.381422	0	0	10	5
test	H0062	0000111110	0.332430	0.245956	0	0	10	5
test	H0063	0000111111	0.486477	0.500635	0	0	10	5
test	H0064	0001000000	0.461437	0.459238	0	0	10	5
test	H0065	0001000001	0.431658	0.410005	0	0	10	5
test	H0066	0001000010	0.556512	0.616419	0	0	10	5
test	H0067	0001000011	0.458041	0.453623	0	0	10	5
test	H0068	0001000100	0.554436	0.612987	0	0	10	5
test	H0069	0001000101	0.624492	0.728807	0	0	10	5
test	H0070	0001000110	0.479415	0.488960	0	0	10	5
test	H0071	0001000111	0.413879	0.380612	0	0	10	5
test	H0072	0001001000	0.418113	0.387612	0	0	10	5
test	H0073	0001001001	0.414250	0.381224	0	0	10	5
test	H0074	0001001010	0.430818	0.408616	0	0	10	5
test	H0075	0001001011	0.397474	0.353491	0	0	10	5
test	H0076	0001001100	0.425152	0.399249	0	0	10	5
test	H0077	0001001101	0.509362	0.538468	0	0	10	5
test	H0078	0001001110	0.363387	0.297137	0	0	10	5
test	H0079	0001001111	0.351216	0.277014	0	0	10	5
test	H0080	0001010000	0.643142	0.759640	0	0	10	5
test	H0081	0001010001	0.544850	0.597140	0	0	10	5
test	H0082	0001010010	0.587793	0.668135	0	0	10	5
test	H0083	0001010011	0.469575	0.472691	0	0	10	5
test	H0084	0001010100	0.473981	0.479976	0	0	10	5
test	H0085	0001010101	0.470864	0.474821	0	0	10	5
test	H0086	0001010110	0.497124	0.518237	0	0	10	5
test	H0087	0001010111	0.564824	0.630162	1	0	10	5
test	H0088	0001011000	0.571232	0.640755	0	0	10	5
test	H0089	0001011001	0.388744	0.339057	0	0	10	5
test	H0090	0001011010	0.492157	0.510025	0	0	10	5
test	H0091	0001011011	0.328953	0.240209	0	0	10	5
test	H0092	0001011100	0.401916	0.360834	0	0	10	5
test	H0093	0001011101	0.414448	0.381552	0	0	10	5
test	H0094	0001011110	0.410165	0.374471	0	0	10	5
test	H0095	0001011111	0.532726	0.577095	0	0	10	5
test	H0096	0001100000	0.579441	0.654327	0	0	10	5
test	H0097	0001100001	0.392238	0.344833	0	0	10	5
test	H0098	0001100010	0.516837	0.550827	0	0	10	5
test	H0099	0001100011	0.486708	0.501016	0	0	10	5
test	H0100	0001100100	0.584924	0.663391	0	0	10	5
test	H0101	0001100101	0.563059	0.627244	0	0	10	5
test	H0102	0001100110	0.568103	0.635582	0	0	10	5
test	H0103	0001100111	0.663168	0.792749	1	0	10	5
test	H0104	0001101000	0.480024	0.489967	0	0	10	5
test	H0105	0001101001	0.382385	0.328545	0	0	10	5
test	H0106	0001101010	0.366992	0.303096	0	0	10	5
test	H0107	0001101011	0.384151	0.331464	0	0	10	5
test	H0108	0001101100	0.399547	0.356918	0	0	10	5
test	H0109	0001101101	0.455485	0.449397	0	0	10	5
test	H0110	0001101110	0.427924	0.403832	0	0	10	5
test	H0111	0001101111	0.558516	0.619732	0	0	10	5
test	H0112	0001110000	0.788528	1.000000	1	1	10	5
test	H0113	0001110001	0.519436	0.555124	0	0	10	5
test	H0114	0001110010	0.631185	0.739872	0	0	10	5
test	H0115	0001110011	0.440173	0.424083	0	0	10	5
test	H0116	0001110100	0.543258	0.594507	0	0	10	5
test	H0117	0001110101	0.506634	0.533960	0	0	10	5
test	H0118	0001110110	0.523610	0.562024	0	0	10	5
test	H0119	0001110111	0.544482	0.596530	0	0	10	5
test	H0120	0001111000	0.660525	0.788379	0	0	10	5
test	H0121	0001111001	0.370886	0.309534	0	0	10	5
test	H0122	0001111010	0.511398	0.541834	0	0	10	5
test	H0123	0001111011	0.257562	0.122181	0	0	10	5
test	H0124	0001111100	0.415100	0.382630	0	0	10	5
test	H0125	0001111101	0.457774	0.453182	0	0	10	5
test	H0126	0001111110	0.412499	0.378331	0	0	10	5
test	H0127	0001111111	0.470393	0.474044	0	0	10	5
test	H0128	0010000000	0.404994	0.365922	0	0	10	5
test	H0129	0010000001	0.299361	0.191285	0	0	10	5
test	H0130	0010000010	0.591233	0.673821	0	0	10	5
test	H0131	0010000011	0.411681	0.376978	0	0	10	5
test	H0132	0010000100	0.432306	0.411076	0	0	10	5
test	H0133	0010000101	0.519329	0.554946	0	0	10	5
test	H0134	0010000110	0.520710	0.557230	0	0	10	5
test	H0135	0010000111	0.466913	0.468290	0	0	10	5
test	H0136	0010001000	0.480776	0.491209	0	0	10	5
test	H0137	0010001001	0.443451	0.429503	0	0	10	5
test	H0138	0010001010	0.529516	0.571788	0	0	10	5
test	H0139	0010001011	0.395913	0.350910	0	0	10	5
test	H0140	0010001100	0.470638	0.474448	0	0	10	5
test	H0141	0010001101	0.554930	0.613804	1	0	10	5
test	H0142	0010001110	0.477468	0.485740	0	0	10	5
test	H0143	0010001111	0.398579	0.355318	0	0	10	5
test	H0144	0010010000	0.560227	0.622562	0	0	10	5
test	H0145	0010010001	0.378485	0.322096	0	0	10	5
test	H0146	0010010010	0.652382	0.774917	0	0	10	5
test	H0147	0010010011	0.443688	0.429893	0	0	10	5
test	H0148	0010010100	0.603444	0.694010	0	0	10	5
test	H0149	0010010101	0.475832	0.483036	0	0	10	5
test	H0150	0010010110	0.592565	0.676025	0	0	10	5
test	H0151	0010010111	0.528747	0.570517	0	0	10	5
test	H0152	0010011000	0.553646	0.611681	0	0	10	5
test	H0153	0010011001	0.517502	0.551927	0	0	10	5
test	H0154	0010011010	0.498179	0.519981	0	0	10	5
test	H0155	0010011011	0.412724	0.378702	0	0	10	5
test	H0156	0010011100	0.572569	0.642965	0	0	10	5
test	H0157	0010011101	0.495132	0.514943	0	0	10	5
test	H0158	0010011110	0.379442	0.323680	0	0	10	5
test	H0159	0010011111	0.343438	0.264156	0	0	10	5
test	H0160	0010100000	0.382634	0.328956	0	0	10	5
test	H0161	0010100001	0.255704	0.119109	0	0	10	5
test	H0162	0010100010	0.595288	0.680526	0	0	10	5
test	H0163	0010100011	0.397908	0.354208	0	0	10	5
test	H0164	0010100100	0.362105	0.295017	0	0	10	5
test	H0165	0010100101	0.493334	0.511971	0	0	10	5
test	H0166	0010100110	0.520995	0.557701	0	0	10	5
test	H0167	0010100111	0.541630	0.591816	0	0	10	5
test	H0168	0010101000	0.539581	0.588428	0	0	10	5
test	H0169	0010101001	0.374298	0.315175	0	0	10	5
test	H0170	0010101010	0.454423	0.447640	0	0	10	5
test	H0171	0010101011	0.425763	0.400259	0	0	10	5
test	H0172	0010101100	0.481602	0.492575	0	0	10	5
test	H0173	0010101101	0.503439	0.528677	0	0	10	5
test	H0174	0010101110	0.398604	0.355359	0	0	10	5
test	H0175	0010101111	0.516920	0.550964	0	0	10	5
test	H0176	0010110000	0.542518	0.593283	0	0	10	5
test	H0177	0010110001	0.318380	0.222728	0	0	10	5
test	H0178	0010110010	0.689897	0.836938	1	0	10	5
test	H0179	0010110011	0.384250	0.331627	0	0	10	5
test	H0180	0010110100	0.439921	0.423666	0	0	10	5
test	H0181	0010110101	0.407209	0.369585	0	0	10	5
test	H0182	0010110110	0.664123	0.794327	0	0	10	5
test	H0183	0010110111	0.529316	0.571458	0	0	10	5
test	H0184	0010111000	0.617101	0.716588	0	0	10	5
test	H0185	0010111001	0.431901	0.410407	0	0	10	5
test	H0186	0010111010	0.456545	0.451150	0	0	10	5
test	H0187	0010111011	0.396909	0.352556	0	0	10	5
test	H0188	0010111100	0.490211	0.506807	0	0	10	5
test	H0189	0010111101	0.401013	0.359341	0	0	10	5
test	H0190	0010111110	0.371851	0.311129	0	0	10	5
test	H0191	0010111111	0.387631	0.337218	0	0	10	5
test	H0192	0011000000	0.414409	0.381488	0	0	10	5
test	H0193	0011000001	0.409367	0.373153	0	0	10	5
test	H0194	0011000010	0.515626	0.548824	0	0	10	5
test	H0195	0011000011	0.384377	0.331838	0	0	10	5
test	H0196	0011000100	0.479662	0.489367	0	0	10	5
test	H0197	0011000101	0.613691	0.710951	0	0	10	5
test	H0198	0011000110	0.406705	0.368751	0	0	10	5
test	H0199	0011000111	0.347626	0.271079	0	0	10	5
test	H0200	0011001000	0.536864	0.583936	0	0	10	5
test	H0201	0011001001	0.429960	0.407198	0	0	10	5
test	H0202	0011001010	0.566654	0.633186	0	0	10	5
test	H0203	0011001011	0.449083	0.438813	0	0	10	5
test	H0204	0011001100	0.526844	0.567371	0	0	10	5
test	H0205	0011001101	0.543080	0.594213	0	0	10	5
test	H0206	0011001110	0.438384	0.421125	0	0	10	5
test	H0207	0011001111	0.377052	0.319727	0	0	10	5
test	H0208	0011010000	0.545957	0.598970	0	0	10	5
test	H0209	0011010001	0.501511	0.525489	0	0	10	5
test	H0210	0011010010	0.492694	0.510912	0	0	10	5
test	H0211	0011010011	0.370805	0.309400	0	0	10	5
test	H0212	0011010100	0.558179	0.619176	0	0	10	5
test	H0213	0011010101	0.438554	0.421406	0	0	10	5
test	H0214	0011010110	0.576551	0.649549	0	0	10	5
test	H0215	0011010111	0.470228	0.473770	0	0	10	5
test	H0216	0011011000	0.632360	0.741816	0	0	10	5
test	H0217	0011011001	0.477875	0.486413	0	0	10	5
test	H0218	0011011010	0.497547	0.518936	0	0	10	5
test	H0219	0011011011	0.381158	0.326516	0	0	10	5
test	H0220	0011011100	0.539654	0.588549	0	0	10	5
test	H0221	0011011101	0.339189	0.257132	0	0	10	5
test	H0222	0011011110	0.441850	0.426855	0	0	10	5
test	H0223	0011011111	0.370227	0.308444	0	0	10	5
test	H0224	0011100000	0.532413	0.576577	0	0	10	5
test	H0225	0011100001	0.369947	0.307981	0	0	10	5
test	H0226	0011100010	0.475951	0.483232	0	0	10	5
test	H0227	0011100011	0.413044	0.379231	0	0	10	5
test	H0228	0011100100	0.510150	0.539771	0	0	10	5
test	H0229	0011100101	0.552259	0.609388	0	0	10	5
test	H0230	0011100110	0.495392	0.515374	0	0	10	5
test	H0231	0011100111	0.596916	0.683217	0	0	10	5
test	H0232	0011101000	0.598775	0.686290	0	0	10	5
test	H0233	0011101001	0.398096	0.354519	0	0	10	5
test	H0234	0011101010	0.502828	0.527667	0	0	10	5
test	H0235	0011101011	0.435760	0.416786	0	0	10	5
test	H0236	0011101100	0.501239	0.525039	0	0	10	5
test	H0237	0011101101	0.489203	0.505142	0	0	10	5
test	H0238	0011101110	0.502921	0.527820	0	0	10	5
test	H0239	0011101111	0.584351	0.662445	0	0	10	5
test	H0240	0011110000	0.691343	0.839329	0	0	10	5
test	H0241	0011110001	0.476097	0.483474	0	0	10	5
test	H0242	0011110010	0.536085	0.582649	0	0	10	5
test	H0243	0011110011	0.341403	0.260792	0	0	10	5
test	H0244	0011110100	0.627456	0.733707	0	0	10	5
test	H0245	0011110101	0.474325	0.480544	0	0	10	5
test	H0246	0011110110	0.603037	0.693337	0	0	10	5
test	H0247	0011110111	0.449885	0.440139	0	0	10	5
test	H0248	0011111000	0.721654	0.889440	0	0	10	5
test	H0249	0011111001	0.460017	0.456889	0	0	10	5
test	H0250	0011111010	0.516788	0.550745	0	0	10	5
test	H0251	0011111011	0.309767	0.208488	0	0	10	5
test	H0252	0011111100	0.552838	0.610345	0	0	10	5
test	H0253	0011111101	0.382516	0.328762	0	0	10	5
test	H0254	0011111110	0.444185	0.430715	0	0	10	5
test	H0255	0011111111	0.307895	0.205393	0	0	10	5
test	H0256	0100000000	0.557226	0.617599	0	0	10	5
test	H0257	0100000001	0.449338	0.439234	0	0	10	5
test	H0258	0100000010	0.678920	0.818791	0	0	10	5
test	H0259	0100000011	0.510624	0.540555	0	0	10	5
test	H0260	0100000100	0.526583	0.566939	0	0	10	5
test	H0261	0100000101	0.614328	0.712003	0	0	10	5
test	H0262	0100000110	0.540770	0.590395	0	0	10	5
test	H0263	0100000111	0.423445	0.396427	0	0	10	5
test	H0264	0100001000	0.480023	0.489965	0	0	10	5
test	H0265	0100001001	0.541299	0.591268	0	0	10	5
test	H0266	0100001010	0.550016	0.605680	0	0	10	5
test	H0267	0100001011	0.490308	0.506968	0	0	10	5
test	H0268	0100001100	0.352588	0.279283	0	0	10	5
test	H0269	0100001101	0.524200	0.562999	0	0	10	5
test	H0270	0100001110	0.390638	0.342188	0	0	10	5
test	H0271	0100001111	0.296603	0.186726	0	0	10	5
test	H0272	0100010000	0.508164	0.536488	0	0	10	5
test	H0273	0100010001	0.564233	0.629184	0	0	10	5
test	H0274	0100010010	0.526427	0.566682	0	0	10	5
test	H0275	0100010011	0.484895	0.498018	0	0	10	5
test	H0276	0100010100	0.571095	0.640529	0	0	10	5
test	H0277	0100010101	0.479930	0.489810	0	0	10	5
test	H0278	0100010110	0.514571	0.547080	0	0	10	5
test	H0279	0100010111	0.414814	0.382158	0	0	10	5
test	H0280	0100011000	0.442894	0.428581	0	0	10	5
test	H0281	0100011001	0.624813	0.729339	1	0	10	5
test	H0282	0100011010	0.404050	0.364362	0	0	10	5
test	H0283	0100011011	0.427792	0.403613	0	0	10	5
test	H0284	0100011100	0.389724	0.340678	0	0	10	5
test	H0285	0100011101	0.480960	0.491514	0	0	10	5
test	H0286	0100011110	0.342303	0.262279	0	0	10	5
test	H0287	0100011111	0.364373	0.298766	0	0	10	5
test	H0288	0100100000	0.540682	0.590248	0	0	10	5
test	H0289	0100100001	0.374683	0.315812	0	0	10	5
test	H0290	0100100010	0.561874	0.625285	0	0	10	5
test	H0291	0100100011	0.532899	0.577382	0	0	10	5
test	H0292	0100100100	0.462198	0.460495	0	0	10	5
test	H0293	0100100101	0.557337	0.617783	0	0	10	5
test	H0294	0100100110	0.419954	0.390656	0	0	10	5
test	H0295	0100100111	0.534211	0.579550	0	0	10	5
test	H0296	0100101000	0.526827	0.567342	0	0	10	5
test	H0297	0100101001	0.449490	0.439486	0	0	10	5
test	H0298	0100101010	0.494031	0.513123	0	0	10	5
test	H0299	0100101011	0.525012	0.564342	0	0	10	5
test	H0300	0100101100	0.351550	0.277567	0	0	10	5
test	H0301	0100101101	0.450054	0.440418	0	0	10	5
test	H0302	0100101110	0.330883	0.243399	0	0	10	5
test	H0303	0100101111	0.419798	0.390397	0	0	10	5
test	H0304	0100110000	0.496270	0.516824	0	0	10	5
test	H0305	0100110001	0.473131	0.478571	0	0	10	5
test	H0306	0100110010	0.442840	0.428492	0	0	10	5
test	H0307	0100110011	0.461505	0.459349	0	0	10	5
test	H0308	0100110100	0.413388	0.379801	0	0	10	5
test	H0309	0100110101	0.380310	0.325114	0	0	10	5
test	H0310	0100110110	0.465026	0.465171	0	0	10	5
test	H0311	0100110111	0.451432	0.442697	0	0	10	5
test	H0312	0100111000	0.494347	0.513646	0	0	10	5
test	H0313	0100111001	0.516557	0.550364	0	0	10	5
test	H0314	0100111010	0.381525	0.327122	0	0	10	5
test	H0315	0100111011	0.416830	0.385491	0	0	10	5
test	H0316	0100111100	0.295364	0.184677	0	0	10	5
test	H0317	0100111101	0.364186	0.298457	0	0	10	5
test	H0318	0100111110	0.353820	0.281320	0	0	10	5
test	H0319	0100111111	0.413419	0.379852	0	0	10	5
test	H0320	0101000000	0.560003	0.622191	0	0	10	5
test	H0321	0101000001	0.473216	0.478711	0	0	10	5
test	H0322	0101000010	0.616789	0.716072	0	0	10	5
test	H0323	0101000011	0.483125	0.495092	0	0	10	5
test	H0324	0101000100	0.599187	0.686972	0	0	10	5
test	H0325	0101000101	0.616810	0.716107	0	0	10	5
test	H0326	0101000110	0.472127	0.476910	0	0	10	5
test	H0327	0101000111	0.298210	0.189382	0	0	10	5
test	H0328	0101001000	0.517953	0.552673	0	0	10	5
test	H0329	0101001001	0.455091	0.448745	0	0	10	5
test	H0330	0101001010	0.628255	0.735028	0	0	10	5
test	H0331	0101001011	0.515881	0.549247	0	0	10	5
test	H0332	0101001100	0.496392	0.517026	0	0	10	5
test	H0333	0101001101	0.526176	0.566267	0	0	10	5
test	H0334	0101001110	0.498410	0.520363	0	0	10	5
test	H0335	0101001111	0.334023	0.248590	0	0	10	5
test	H0336	0101010000	0.567494	0.634575	0	0	10	5
test	H0337	0101010001	0.745694	0.929184	1	0	10	5
test	H0338	0101010010	0.460452	0.457609	0	0	10	5
test	H0339	0101010011	0.556378	0.616198	0	0	10	5
test	H0340	0101010100	0.458296	0.454045	0	0	10	5
test	H0341	0101010101	0.503903	0.529443	0	0	10	5
test	H0342	0101010110	0.451136	0.442206	0	0	10	5
test	H0343	0101010111	0.503479	0.528742	0	0	10	5
test	H0344	0101011000	0.521080	0.557841	0	0	10	5
test	H0345	0101011001	0.613092	0.709960	0	0	10	5
test	H0346	0101011010	0.462148	0.460412	0	0	10	5
test	H0347	0101011011	0.469253	0.472159	0	0	10	5
test	H0348	0101011100	0.369422	0.307114	0	0	10	5
test	H0349	0101011101	0.428686	0.405091	0	0	10	5
test	H0350	0101011110	0.476582	0.484275	0	0	10	5
test	H0351	0101011111	0.539950	0.589039	1	0	10	5
test	H0352	0101100000	0.653851	0.777345	0	0	10	5
test	H0353	0101100001	0.417077	0.385899	0	0	10	5
test	H0354	0101100010	0.571116	0.640564	0	0	10	5
test	H0355	0101100011	0.497988	0.519665	0	0	10	5
test	H0356	0101100100	0.605519	0.697441	0	0	10	5
test	H0357	0101100101	0.538659	0.586903	0	0	10	5
test	H0358	0101100110	0.554817	0.613617	0	0	10	5
test	H0359	0101100111	0.533696	0.578699	0	0	10	5
test	H0360	0101101000	0.644785	0.762357	0	0	10	5
test	H0361	0101101001	0.398281	0.354824	0	0	10	5
test	H0362	0101101010	0.555130	0.614135	0	0	10	5
test	H0363	0101101011	0.529834	0.572314	0	0	10	5
test	H0364	0101101100	0.535708	0.582025	0	0	10	5
test	H0365	0101101101	0.447354	0.435955	0	0	10	5
test	H0366	0101101110	0.553648	0.611685	0	0	10	5
test	H0367	0101101111	0.568598	0.636400	0	0	10	5
test	H0368	0101110000	0.688724	0.834999	0	0	10	5
test	H0369	0101110001	0.703561	0.859528	0	0	10	5
test	H0370	0101110010	0.497846	0.519430	0	0	10	5
test	H0371	0101110011	0.513173	0.544770	0	0	10	5
test	H0372	0101110100	0.503417	0.528641	0	0	10	5
test	H0373	0101110101	0.522955	0.560941	0	0	10	5
test	H0374	0101110110	0.471623	0.476077	0	0	10	5
test	H0375	0101110111	0.469333	0.472291	0	0	10	5
test	H0376	0101111000	0.675294	0.812796	0	0	10	5
test	H0377	0101111001	0.570288	0.639195	0	0	10	5
test	H0378	0101111010	0.472089	0.476848	0	0	10	5
test	H0379	0101111011	0.425137	0.399224	0	0	10	5
test	H0380	0101111100	0.447527	0.436240	0	0	10	5
test	H0381	0101111101	0.447067	0.435481	0	0	10	5
test	H0382	0101111110	0.469618	0.472762	0	0	10	5
test	H0383	0101111111	0.504893	0.531081	0	0	10	5
test	H0384	0110000000	0.461140	0.458746	0	0	10	5
test	H0385	0110000001	0.412434	0.378223	0	0	10	5
test	H0386	0110000010	0.663329	0.793014	0	0	10	5
test	H0387	0110000011	0.478241	0.487018	0	0	10	5
test	H0388	0110000100	0.511610	0.542186	0	0	10	5
test	H0389	0110000101	0.601798	0.691289	0	0	10	5
test	H0390	0110000110	0.671862	0.807121	1	0	10	5
test	H0391	0110000111	0.481005	0.491588	0	0	10	5
test	H0392	0110001000	0.368770	0.306035	0	0	10	5
test	H0393	0110001001	0.326025	0.235367	0	0	10	5
test	H0394	0110001010	0.595262	0.680483	0	0	10	5
test	H0395	0110001011	0.454632	0.447987	0	0	10	5
test	H0396	0110001100	0.495468	0.515499	0	0	10	5
test	H0397	0110001101	0.520577	0.557010	0	0	10	5
test	H0398	0110001110	0.619881	0.721185	0	0	10	5
test	H0399	0110001111	0.402443	0.361706	0	0	10	5
test	H0400	0110010000	0.513859	0.545903	0	0	10	5
test	H0401	0110010001	0.516078	0.549572	0	0	10	5
test	H0402	0110010010	0.652770	0.775558	0	0	10	5
test	H0403	0110010011	0.481414	0.492263	0	0	10	5
test	H0404	0110010100	0.570624	0.639750	0	0	10	5
test	H0405	0110010101	0.550679	0.606775	0	0	10	5
test	H0406	0110010110	0.625312	0.730163	0	0	10	5
test	H0407	0110010111	0.520802	0.557382	0	0	10	5
test	H0408	0110011000	0.516876	0.550892	0	0	10	5
test	H0409	0110011001	0.602346	0.692195	0	0	10	5
test	H0410	0110011010	0.493742	0.512646	0	0	10	5
test	H0411	0110011011	0.444135	0.430632	0	0	10	5
test	H0412	0110011100	0.470572	0.474340	0	0	10	5
test	H0413	0110011101	0.438453	0.421239	0	0	10	5
test	H0414	0110011110	0.477096	0.485125	0	0	10	5
test	H0415	0110011111	0.398910	0.355865	0	0	10	5
test	H0416	0110100000	0.444596	0.431395	0	0	10	5
test	H0417	0110100001	0.337780	0.254801	0	0	10	5
test	H0418	0110100010	0.546283	0.599508	0	0	10	5
test	H0419	0110100011	0.500516	0.523845	0	0	10	5
test	H0420	0110100100	0.447226	0.435742	0	0	10	5
test	H0421	0110100101	0.544807	0.597068	0	0	10	5
test	H0422	0110100110	0.551046	0.607382	0	0	10	5
test	H0423	0110100111	0.591771	0.674712	0	0	10	5
test	H0424	0110101000	0.415573	0.383412	0	0	10	5
test	H0425	0110101001	0.234216	0.083585	0	0	10	5
test	H0426	0110101010	0.539277	0.587926	0	0	10	5
test	H0427	0110101011	0.489336	0.505361	0	0	10	5
test	H0428	0110101100	0.494430	0.513783	0	0	10	5
test	H0429	0110101101	0.446431	0.434429	0	0	10	5
test	H0430	0110101110	0.560126	0.622395	0	0	10	5
test	H0431	0110101111	0.525637	0.565376	0	0	10	5
test	H0432	0110110000	0.501965	0.526239	0	0	10	5
test	H0433	0110110001	0.424976	0.398958	0	0	10	5
test	H0434	0110110010	0.569183	0.637368	0	0	10	5
test	H0435	0110110011	0.458024	0.453594	0	0	10	5
test	H0436	0110110100	0.412917	0.379021	0	0	10	5
test	H0437	0110110101	0.451058	0.442079	0	0	10	5
test	H0438	0110110110	0.575768	0.648254	0	0	10	5
test	H0439	0110110111	0.557420	0.617920	0	0	10	5
test	H0440	0110111000	0.568329	0.635956	0	0	10	5
test	H0441	0110111001	0.494090	0.513221	0	0	10	5
test	H0442	0110111010	0.471217	0.475406	0	0	10	5
test	H0443	0110111011	0.433173	0.412510	0	0	10	5
test	H0444	0110111100	0.376212	0.318339	0	0	10	5
test	H0445	0110111101	0.321679	0.228182	0	0	10	5
test	H0446	0110111110	0.488613	0.504166	0	0	10	5
test	H0447	0110111111	0.447957	0.436951	0	0	10	5
test	H0448	0111000000	0.436128	0.417394	0	0	10	5
test	H0449	0111000001	0.467082	0.468570	0	0	10	5
test	H0450	0111000010	0.605416	0.697271	0	0	10	5
test	H0451	0111000011	0.531977	0.575857	0	0	10	5
test	H0452	0111000100	0.524539	0.563560	0	0	10	5
test	H0453	0111000101	0.640803	0.755773	1	0	10	5
test	H0454	0111000110	0.575551	0.647896	0	0	10	5
test	H0455	0111000111	0.442759	0.428357	0	0	10	5
test	H0456	0111001000	0.419183	0.389381	0	0	10	5
test	H0457	0111001001	0.346284	0.268861	0	0	10	5
test	H0458	0111001010	0.639552	0.753705	1	0	10	5
test	H0459	0111001011	0.535955	0.582434	0	0	10	5
test	H0460	0111001100	0.546000	0.599040	0	0	10	5
test	H0461	0111001101	0.542478	0.593218	0	0	10	5
test	H0462	0111001110	0.587950	0.668394	0	0	10	5
test	H0463	0111001111	0.409068	0.372658	0	0	10	5
test	H0464	0111010000	0.465161	0.465394	0	0	10	5
test	H0465	0111010001	0.583746	0.661444	0	0	10	5
test	H0466	0111010010	0.510776	0.540807	0	0	10	5
test	H0467	0111010011	0.489571	0.505749	0	0	10	5
test	H0468	0111010100	0.490932	0.507999	0	0	10	5
test	H0469	0111010101	0.458042	0.453624	0	0	10	5
test	H0470	0111010110	0.626992	0.732941	0	0	10	5
test	H0471	0111010111	0.543323	0.594615	0	0	10	5
test	H0472	0111011000	0.589916	0.671645	0	0	10	5
test	H0473	0111011001	0.596470	0.682480	0	0	10	5
test	H0474	0111011010	0.500262	0.523425	0	0	10	5
test	H0475	0111011011	0.440722	0.424990	0	0	10	5
test	H0476	0111011100	0.431983	0.410543	0	0	10	5
test	H0477	0111011101	0.316262	0.219227	0	0	10	5
test	H0478	0111011110	0.546656	0.600125	0	0	10	5
test	H0479	0111011111	0.453852	0.446697	0	0	10	5
test	H0480	0111100000	0.529976	0.572549	0	0	10	5
test	H0481	0111100001	0.410943	0.375758	0	0	10	5
test	H0482	0111100010	0.559744	0.621762	0	0	10	5
test	H0483	0111100011	0.546840	0.600430	0	0	10	5
test	H0484	0111100100	0.530871	0.574029	0	0	10	5
test	H0485	0111100101	0.562652	0.626570	0	0	10	5
test	H0486	0111100110	0.658241	0.784602	0	0	10	5
test	H0487	0111100111	0.678245	0.817674	1	0	10	5
test	H0488	0111101000	0.546015	0.599066	0	0	10	5
test	H0489	0111101001	0.289475	0.174941	0	0	10	5
test	H0490	0111101010	0.566428	0.632813	0	0	10	5
test	H0491	0111101011	0.549907	0.605501	0	0	10	5
test	H0492	0111101100	0.585316	0.664040	0	0	10	5
test	H0493	0111101101	0.463656	0.462906	0	0	10	5
test	H0494	0111101110	0.643188	0.759716	0	0	10	5
test	H0495	0111101111	0.643643	0.760469	0	0	10	5
test	H0496	0111110000	0.586392	0.665818	0	0	10	5
test	H0497	0111110001	0.541614	0.591789	0	0	10	5
test	H0498	0111110010	0.548170	0.602627	0	0	10	5
test	H0499	0111110011	0.446366	0.434321	0	0	10	5
test	H0500	0111110100	0.536053	0.582595	0	0	10	5
test	H0501	0111110101	0.477094	0.485122	0	0	10	5
test	H0502	0111110110	0.647480	0.766812	0	0	10	5
test	H0503	0111110111	0.509177	0.538163	0	0	10	5
test	H0504	0111111000	0.744131	0.926600	1	0	10	5
test	H0505	0111111001	0.553667	0.611715	0	0	10	5
test	H0506	0111111010	0.510204	0.539861	0	0	10	5
test	H0507	0111111011	0.396606	0.352055	0	0	10	5
test	H0508	0111111100	0.510088	0.539669	0	0	10	5
test	H0509	0111111101	0.334643	0.249616	0	0	10	5
test	H0510	0111111110	0.539692	0.588612	0	0	10	5
test	H0511	0111111111	0.418795	0.388739	0	0	10	5
test	H0512	1000000000	0.563753	0.628391	0	0	10	5
test	H0513	1000000001	0.488253	0.503571	0	0	10	5
test	H0514	1000000010	0.701397	0.855951	0	0	10	5
test	H0515	1000000011	0.433919	0.413743	0	0	10	5
test	H0516	1000000100	0.496018	0.516409	0	0	10	5
test	H0517	1000000101	0.681296	0.822718	1	0	10	5
test	H0518	1000000110	0.528073	0.569402	0	0	10	5
test	H0519	1000000111	0.398735	0.355575	0	0	10	5
test	H0520	1000001000	0.420806	0.392064	0	0	10	5
test	H0521	1000001001	0.446900	0.435204	0	0	10	5
test	H0522	1000001010	0.608995	0.703187	0	0	10	5
test	H0523	1000001011	0.439897	0.423626	0	0	10	5
test	H0524	1000001100	0.231065	0.078376	0	0	10	5
test	H0525	1000001101	0.432639	0.411627	0	0	10	5
test	H0526	1000001110	0.409290	0.373025	0	0	10	5
test	H0527	1000001111	0.293035	0.180827	0	0	10	5
test	H0528	1000010000	0.621341	0.723599	0	0	10	5
test	H0529	1000010001	0.510888	0.540992	0	0	10	5
test	H0530	1000010010	0.612657	0.709241	0	0	10	5
test	H0531	1000010011	0.530990	0.574225	0	0	10	5
test	H0532	1000010100	0.544093	0.595888	0	0	10	5
test	H0533	1000010101	0.366180	0.301754	0	0	10	5
test	H0534	1000010110	0.482706	0.494400	0	0	10	5
test	H0535	1000010111	0.391973	0.344395	0	0	10	5
test	H0536	1000011000	0.466105	0.466955	0	0	10	5
test	H0537	1000011001	0.413932	0.380700	0	0	10	5
test	H0538	1000011010	0.566610	0.633114	0	0	10	5
test	H0539	1000011011	0.540009	0.589136	0	0	10	5
test	H0540	1000011100	0.315061	0.217240	0	0	10	5
test	H0541	1000011101	0.251979	0.112951	0	0	10	5
test	H0542	1000011110	0.371695	0.310871	0	0	10	5
test	H0543	1000011111	0.392579	0.345397	0	0	10	5
test	H0544	1000100000	0.464051	0.463559	0	0	10	5
test	H0545	1000100001	0.455883	0.450056	0	0	10	5
test	H0546	1000100010	0.578769	0.653215	0	0	10	5
test	H0547	1000100011	0.449574	0.439625	0	0	10	5
test	H0548	1000100100	0.367447	0.303848	0	0	10	5
test	H0549	1000100101	0.620156	0.721638	0	0	10	5
test	H0550	1000100110	0.582988	0.660191	0	0	10	5
test	H0551	1000100111	0.476032	0.483366	0	0	10	5
test	H0552	1000101000	0.402269	0.361418	0	0	10	5
test	H0553	1000101001	0.389034	0.339537	0	0	10	5
test	H0554	1000101010	0.407218	0.369600	0	0	10	5
test	H0555	1000101011	0.499175	0.521628	0	0	10	5
test	H0556	1000101100	0.183658	0.000000	0	0	10	5
test	H0557	1000101101	0.346003	0.268396	0	0	10	5
test	H0558	1000101110	0.385057	0.332962	0	0	10	5
test	H0559	1000101111	0.413955	0.380738	0	0	10	5
test	H0560	1000110000	0.621872	0.724476	0	0	10	5
test	H0561	1000110001	0.650285	0.771450	1	0	10	5
test	H0562	1000110010	0.697551	0.849592	1	0	10	5
test	H0563	1000110011	0.455739	0.449817	0	0	10	5
test	H0564	1000110100	0.433655	0.413307	0	0	10	5
test	H0565	1000110101	0.526821	0.567333	0	0	10	5
test	H0566	1000110110	0.659821	0.787215	0	0	10	5
test	H0567	1000110111	0.379000	0.322949	0	0	10	5
test	H0568	1000111000	0.547801	0.602017	0	0	10	5
test	H0569	1000111001	0.527833	0.569006	0	0	10	5
test	H0570	1000111010	0.572355	0.642612	0	0	10	5
test	H0571	1000111011	0.508381	0.536848	0	0	10	5
test	H0572	1000111100	0.285787	0.168845	0	0	10	5
test	H0573	1000111101	0.387124	0.336378	0	0	10	5
test	H0574	1000111110	0.469661	0.472833	0	0	10	5
test	H0575	1000111111	0.423230	0.396072	0	0	10	5
test	H0576	1001000000	0.387814	0.337520	0	0	10	5
test	H0577	1001000001	0.340705	0.259637	0	0	10	5
test	H0578	1001000010	0.586748	0.666407	0	0	10	5
test	H0579	1001000011	0.513336	0.545038	0	0	10	5
test	H0580	1001000100	0.356404	0.285592	0	0	10	5
test	H0581	1001000101	0.478849	0.488023	0	0	10	5
test	H0582	1001000110	0.417069	0.385887	0	0	10	5
test	H0583	1001000111	0.390574	0.342083	0	0	10	5
test	H0584	1001001000	0.544685	0.596867	0	0	10	5
test	H0585	1001001001	0.478930	0.488157	0	0	10	5
test	H0586	1001001010	0.558846	0.620279	0	0	10	5
test	H0587	1001001011	0.489408	0.505479	0	0	10	5
test	H0588	1001001100	0.427316	0.402826	0	0	10	5
test	H0589	1001001101	0.519352	0.554984	0	0	10	5
test	H0590	1001001110	0.398834	0.355739	0	0	10	5
test	H0591	1001001111	0.364550	0.299059	0	0	10	5
test	H0592	1001010000	0.507111	0.534748	0	0	10	5
test	H0593	1001010001	0.524882	0.564127	0	0	10	5
test	H0594	1001010010	0.510138	0.539752	0	0	10	5
test	H0595	1001010011	0.620750	0.722621	1	0	10	5
test	H0596	1001010100	0.317732	0.221657	0	0	10	5
test	H0597	1001010101	0.282683	0.163713	0	0	10	5
test	H0598	1001010110	0.341554	0.261040	0	0	10	5
test	H0599	1001010111	0.457740	0.453125	0	0	10	5
test	H0600	1001011000	0.635396	0.746835	1	0	10	5
test	H0601	1001011001	0.524408	0.563344	0	0	10	5
test	H0602	1001011010	0.512294	0.543317	0	0	10	5
test	H0603	1001011011	0.516768	0.550713	0	0	10	5
test	H0604	1001011100	0.445862	0.433487	0	0	10	5
test	H0605	1001011101	0.381900	0.327743	0	0	10	5
test	H0606	1001011110	0.352387	0.278950	0	0	10	5
test	H0607	1001011111	0.462280	0.460631	0	0	10	5
test	H0608	1001100000	0.387617	0.337194	0	0	10	5
test	H0609	1001100001	0.288121	0.172703	0	0	10	5
test	H0610	1001100010	0.454100	0.447108	0	0	10	5
test	H0611	1001100011	0.444930	0.431946	0	0	10	5
test	H0612	1001100100	0.379186	0.323255	0	0	10	5
test	H0613	1001100101	0.449343	0.439242	0	0	10	5
test	H0614	1001100110	0.479948	0.489841	0	0	10	5
test	H0615	1001100111	0.401792	0.360629	0	0	10	5
test	H0616	1001101000	0.488395	0.503805	0	0	10	5
test	H0617	1001101001	0.433902	0.413714	0	0	10	5
test	H0618	1001101010	0.402048	0.361052	0	0	10	5
test	H0619	1001101011	0.379012	0.322967	0	0	10	5
test	H0620	1001101100	0.394004	0.347754	0	0	10	5
test	H0621	1001101101	0.497402	0.518696	0	0	10	5
test	H0622	1001101110	0.437562	0.419765	0	0	10	5
test	H0623	1001101111	0.333778	0.248186	0	0	10	5
test	H0624	1001110000	0.487493	0.502315	0	0	10	5
test	H0625	1001110001	0.580198	0.655579	0	0	10	5
test	H0626	1001110010	0.628768	0.735876	0	0	10	5
test	H0627	1001110011	0.569806	0.638398	0	0	10	5
test	H0628	1001110100	0.333728	0.248103	0	0	10	5
test	H0629	1001110101	0.505826	0.532623	0	0	10	5
test	H0630	1001110110	0.470552	0.474306	0	0	10	5
test	H0631	1001110111	0.387223	0.336542	0	0	10	5
test	H0632	1001111000	0.559686	0.621666	0	0	10	5
test	H0633	1001111001	0.587281	0.667288	0	0	10	5
test	H0634	1001111010	0.606773	0.699513	0	0	10	5
test	H0635	1001111011	0.423834	0.397070	0	0	10	5
test	H0636	1001111100	0.405765	0.367198	0	0	10	5
test	H0637	1001111101	0.612599	0.709146	1	0	10	5
test	H0638	1001111110	0.457234	0.452288	0	0	10	5
test	H0639	1001111111	0.349773	0.274629	0	0	10	5
test	H0640	1010000000	0.489357	0.505396	0	0	10	5
test	H0641	1010000001	0.445758	0.433316	0	0	10	5
test	H0642	1010000010	0.652195	0.774607	0	0	10	5
test	H0643	1010000011	0.516691	0.550585	0	0	10	5
test	H0644	1010000100	0.402120	0.361171	0	0	10	5
test	H0645	1010000101	0.582929	0.660093	0	0	10	5
test	H0646	1010000110	0.455288	0.449072	0	0	10	5
test	H0647	1010000111	0.421556	0.393304	0	0	10	5
test	H0648	1010001000	0.549105	0.604174	0	0	10	5
test	H0649	1010001001	0.495519	0.515583	0	0	10	5
test	H0650	1010001010	0.686682	0.831622	1	0	10	5
test	H0651	1010001011	0.496892	0.517853	0	0	10	5
test	H0652	1010001100	0.424418	0.398035	0	0	10	5
test	H0653	1010001101	0.524200	0.563000	0	0	10	5
test	H0654	1010001110	0.508250	0.536630	0	0	10	5
test	H0655	1010001111	0.349192	0.273668	0	0	10	5
test	H0656	1010010000	0.571005	0.640380	0	0	10	5
test	H0657	1010010001	0.426334	0.401204	0	0	10	5
test	H0658	1010010010	0.583457	0.660966	0	0	10	5
test	H0659	1010010011	0.567646	0.634827	0	0	10	5
test	H0660	1010010100	0.544309	0.596245	0	0	10	5
test	H0661	1010010101	0.438639	0.421547	0	0	10	5
test	H0662	1010010110	0.497202	0.518365	0	0	10	5
test	H0663	1010010111	0.578786	0.653244	1	0	10	5
test	H0664	1010011000	0.548389	0.602991	0	0	10	5
test	H0665	1010011001	0.471022	0.475084	0	0	10	5
test	H0666	1010011010	0.525457	0.565078	0	0	10	5
test	H0667	1010011011	0.532651	0.576972	0	0	10	5
test	H0668	1010011100	0.497400	0.518692	0	0	10	5
test	H0669	1010011101	0.363609	0.297503	0	0	10	5
test	H0670	1010011110	0.380282	0.325068	0	0	10	5
test	H0671	1010011111	0.389447	0.340220	0	0	10	5
test	H0672	1010100000	0.389655	0.340564	0	0	10	5
test	H0673	1010100001	0.413388	0.379800	0	0	10	5
test	H0674	1010100010	0.529566	0.571872	0	0	10	5
test	H0675	1010100011	0.532346	0.576467	0	0	10	5
test	H0676	1010100100	0.273548	0.148610	0	0	10	5
test	H0677	1010100101	0.521788	0.559013	0	0	10	5
test	H0678	1010100110	0.510204	0.539861	0	0	10	5
test	H0679	1010100111	0.498853	0.521095	0	0	10	5
test	H0680	1010101000	0.530568	0.573528	0	0	10	5
test	H0681	1010101001	0.437653	0.419916	0	0	10	5
test	H0682	1010101010	0.484904	0.498034	0	0	10	5
test	H0683	1010101011	0.556170	0.615855	0	0	10	5
test	H0684	1010101100	0.377011	0.319660	0	0	10	5
test	H0685	1010101101	0.437564	0.419768	0	0	10	5
test	H0686	1010101110	0.484017	0.496567	0	0	10	5
test	H0687	1010101111	0.470112	0.473580	0	0	10	5
test	H0688	1010110000	0.571535	0.641257	0	0	10	5
test	H0689	1010110001	0.565731	0.631661	0	0	10	5
test	H0690	1010110010	0.668351	0.801317	0	0	10	5
test	H0691	1010110011	0.492396	0.510419	0	0	10	5
test	H0692	1010110100	0.433871	0.413663	0	0	10	5
test	H0693	1010110101	0.599280	0.687126	0	0	10	5
test	H0694	1010110110	0.674317	0.811180	0	0	10	5
test	H0695	1010110111	0.565814	0.631798	0	0	10	5
test	H0696	1010111000	0.630084	0.738053	0	0	10	5
test	H0697	1010111001	0.584923	0.663390	0	0	10	5
test	H0698	1010111010	0.531202	0.574576	0	0	10	5
test	H0699	1010111011	0.501024	0.524684	0	0	10	5
test	H0700	1010111100	0.468126	0.470296	0	0	10	5
test	H0701	1010111101	0.498754	0.520931	0	0	10	5
test	H0702	1010111110	0.478249	0.487031	0	0	10	5
test	H0703	1010111111	0.420098	0.390894	0	0	10	5
test	H0704	1011000000	0.460959	0.458446	0	0	10	5
test	H0705	1011000001	0.507218	0.534924	0	0	10	5
test	H0706	1011000010	0.692602	0.841411	1	0	10	5
test	H0707	1011000011	0.610498	0.705672	0	0	10	5
test	H0708	1011000100	0.378160	0.321559	0	0	10	5
test	H0709	1011000101	0.595242	0.680451	0	0	10	5
test	H0710	1011000110	0.467456	0.469188	0	0	10	5
test	H0711	1011000111	0.433538	0.413114	0	0	10	5
test	H0712	1011001000	0.564282	0.629265	0	0	10	5
test	H0713	1011001001	0.524470	0.563446	0	0	10	5
test	H0714	1011001010	0.681332	0.822778	0	0	10	5
test	H0715	1011001011	0.757534	0.948759	1	0	10	5
test	H0716	1011001100	0.406210	0.367933	0	0	10	5
test	H0717	1011001101	0.521290	0.558189	0	0	10	5
test	H0718	1011001110	0.436837	0.418568	0	0	10	5
test	H0719	1011001111	0.545295	0.597875	0	0	10	5
test	H0720	1011010000	0.524076	0.562795	0	0	10	5
test	H0721	1011010001	0.504774	0.530884	0	0	10	5
test	H0722	1011010010	0.555757	0.615171	0	0	10	5
test	H0723	1011010011	0.527235	0.568018	0	0	10	5
test	H0724	1011010100	0.526384	0.566611	0	0	10	5
test	H0725	1011010101	0.416772	0.385395	0	0	10	5
test	H0726	1011010110	0.572003	0.642029	0	0	10	5
test	H0727	1011010111	0.511565	0.542111	0	0	10	5
test	H0728	1011011000	0.591348	0.674012	0	0	10	5
test	H0729	1011011001	0.477796	0.486283	0	0	10	5
test	H0730	1011011010	0.498311	0.520200	0	0	10	5
test	H0731	1011011011	0.619919	0.721247	0	0	10	5
test	H0732	1011011100	0.488727	0.504355	0	0	10	5
test	H0733	1011011101	0.314066	0.215597	0	0	10	5
test	H0734	1011011110	0.375003	0.316341	0	0	10	5
test	H0735	1011011111	0.493895	0.512898	0	0	10	5
test	H0736	1011100000	0.460761	0.458119	0	0	10	5
test	H0737	1011100001	0.454634	0.447989	0	0	10	5
test	H0738	1011100010	0.559955	0.622111	0	0	10	5
test	H0739	1011100011	0.542092	0.592579	0	0	10	5
test	H0740	1011100100	0.400941	0.359222	0	0	10	5
test	H0741	1011100101	0.565737	0.631670	0	0	10	5
test	H0742	1011100110	0.530335	0.573142	0	0	10	5
test	H0743	1011100111	0.444757	0.431660	0	0	10	5
test	H0744	1011101000	0.507991	0.536203	0	0	10	5
test	H0745	1011101001	0.479442	0.489003	0	0	10	5
test	H0746	1011101010	0.524534	0.563551	0	0	10	5
test	H0747	1011101011	0.647138	0.766247	0	0	10	5
test	H0748	1011101100	0.372898	0.312861	0	0	10	5
test	H0749	1011101101	0.499340	0.521901	0	0	10	5
test	H0750	1011101110	0.475565	0.482594	0	0	10	5
test	H0751	1011101111	0.514523	0.547001	0	0	10	5
test	H0752	1011110000	0.504459	0.530362	0	0	10	5
test	H0753	1011110001	0.560091	0.622336	0	0	10	5
test	H0754	1011110010	0.674386	0.811295	0	0	10	5
test	H0755	1011110011	0.476291	0.483795	0	0	10	5
test	H0756	1011110100	0.542380	0.593057	0	0	10	5
test	H0757	1011110101	0.639915	0.754305	1	0	10	5
test	H0758	1011110110	0.701001	0.855295	1	0	10	5
test	H0759	1011110111	0.441048	0.425529	0	0	10	5
test	H0760	1011111000	0.515637	0.548843	0	0	10	5
test	H0761	1011111001	0.540669	0.590228	0	0	10	5
test	H0762	1011111010	0.592790	0.676396	0	0	10	5
test	H0763	1011111011	0.526985	0.567604	0	0	10	5
test	H0764	1011111100	0.448631	0.438065	0	0	10	5
test	H0765	1011111101	0.544765	0.596999	0	0	10	5
test	H0766	1011111110	0.479851	0.489679	0	0	10	5
test	H0767	1011111111	0.381388	0.326896	0	0	10	5
test	H0768	1100000000	0.593741	0.677969	0	0	10	5
test	H0769	1100000001	0.462794	0.461481	0	0	10	5
test	H0770	1100000010	0.767044	0.964481	1	0	10	5
test	H0771	1100000011	0.444426	0.431114	0	0	10	5
test	H0772	1100000100	0.538133	0.586035	0	0	10	5
test	H0773	1100000101	0.625131	0.729864	0	0	10	5
test	H0774	1100000110	0.529277	0.571393	0	0	10	5
test	H0775	1100000111	0.338294	0.255651	0	0	10	5
test	H0776	1100001000	0.561858	0.625258	0	0	10	5
test	H0777	1100001001	0.470157	0.473653	0	0	10	5
test	H0778	1100001010	0.681079	0.822359	0	0	10	5
test	H0779	1100001011	0.455350	0.449174	0	0	10	5
test	H0780	1100001100	0.409458	0.373303	0	0	10	5
test	H0781	1100001101	0.450404	0.440998	0	0	10	5
test	H0782	1100001110	0.422083	0.394175	0	0	10	5
test	H0783	1100001111	0.242692	0.097598	0	0	10	5
test	H0784	1100010000	0.547649	0.601767	0	0	10	5
test	H0785	1100010001	0.441377	0.426073	0	0	10	5
test	H0786	1100010010	0.608391	0.702189	0	0	10	5
test	H0787	1100010011	0.424840	0.398734	0	0	10	5
test	H0788	1100010100	0.542086	0.592570	0	0	10	5
test	H0789	1100010101	0.465318	0.465654	0	0	10	5
test	H0790	1100010110	0.473026	0.478397	0	0	10	5
test	H0791	1100010111	0.391962	0.344377	0	0	10	5
test	H0792	1100011000	0.527699	0.568785	0	0	10	5
test	H0793	1100011001	0.417359	0.386365	0	0	10	5
test	H0794	1100011010	0.528953	0.570858	0	0	10	5
test	H0795	1100011011	0.398978	0.355977	0	0	10	5
test	H0796	1100011100	0.406034	0.367642	0	0	10	5
test	H0797	1100011101	0.381750	0.327495	0	0	10	5
test	H0798	1100011110	0.343698	0.264585	0	0	10	5
test	H0799	1100011111	0.372760	0.312633	0	0	10	5
test	H0800	1100100000	0.499855	0.522752	0	0	10	5
test	H0801	1100100001	0.399427	0.356720	0	0	10	5
test	H0802	1100100010	0.523314	0.561535	0	0	10	5
test	H0803	1100100011	0.496130	0.516592	0	0	10	5
test	H0804	1100100100	0.415377	0.383089	0	0	10	5
test	H0805	1100100101	0.532994	0.577539	0	0	10	5
test	H0806	1100100110	0.463091	0.461971	0	0	10	5
test	H0807	1100100111	0.451639	0.443039	0	0	10	5
test	H0808	1100101000	0.531319	0.574770	0	0	10	5
test	H0809	1100101001	0.389636	0.340532	0	0	10	5
test	H0810	1100101010	0.498410	0.520363	0	0	10	5
test	H0811	1100101011	0.519482	0.555200	0	0	10	5
test	H0812	1100101100	0.350049	0.275085	0	0	10	5
test	H0813	1100101101	0.341113	0.260311	0	0	10	5
test	H0814	1100101110	0.416958	0.385702	0	0	10	5
test	H0815	1100101111	0.368466	0.305533	0	0	10	5
test	H0816	1100110000	0.553995	0.612259	0	0	10	5
test	H0817	1100110001	0.549777	0.605285	0	0	10	5
test	H0818	1100110010	0.572184	0.642329	0	0	10	5
test	H0819	1100110011	0.385638	0.333923	0	0	10	5
test	H0820	1100110100	0.437464	0.419603	0	0	10	5
test	H0821	1100110101	0.594962	0.679987	0	0	10	5
test	H0822	1100110110	0.529040	0.571001	0	0	10	5
test	H0823	1100110111	0.415038	0.382528	0	0	10	5
test	H0824	1100111000	0.597392	0.684005	0	0	10	5
test	H0825	1100111001	0.508604	0.537216	0	0	10	5
test	H0826	1100111010	0.553807	0.611948	0	0	10	5
test	H0827	1100111011	0.372204	0.311713	0	0	10	5
test	H0828	1100111100	0.364759	0.299404	0	0	10	5
test	H0829	1100111101	0.494239	0.513468	0	0	10	5
test	H0830	1100111110	0.460772	0.458138	0	0	10	5
test	H0831	1100111111	0.408265	0.371331	0	0	10	5
test	H0832	1101000000	0.575175	0.647274	0	0	10	5
test	H0833	1101000001	0.451688	0.443119	0	0	10	5
test	H0834	1101000010	0.643715	0.760588	0	0	10	5
test	H0835	1101000011	0.578509	0.652785	0	0	10	5
test	H0836	1101000100	0.555892	0.615394	0	0	10	5
test	H0837	1101000101	0.559126	0.620741	0	0	10	5
test	H0838	1101000110	0.409594	0.373527	0	0	10	5
test	H0839	1101000111	0.384799	0.332535	0	0	10	5
test	H0840	1101001000	0.526831	0.567349	0	0	10	5
test	H0841	1101001001	0.382705	0.329074	0	0	10	5
test	H0842	1101001010	0.691047	0.838839	1	0	10	5
test	H0843	1101001011	0.585979	0.665135	0	0	10	5
test	H0844	1101001100	0.446801	0.435041	0	0	10	5
test	H0845	1101001101	0.417635	0.386822	0	0	10	5
test	H0846	1101001110	0.471743	0.476276	0	0	10	5
test	H0847	1101001111	0.395325	0.349937	0	0	10	5
test	H0848	1101010000	0.590791	0.673092	0	0	10	5
test	H0849	1101010001	0.591812	0.674779	0	0	10	5
test	H0850	1101010010	0.497193	0.518350	0	0	10	5
test	H0851	1101010011	0.569266	0.637506	0	0	10	5
test	H0852	1101010100	0.473097	0.478514	0	0	10	5
test	H0853	1101010101	0.518263	0.553185	0	0	10	5
test	H0854	1101010110	0.323194	0.230687	0	0	10	5
test	H0855	1101010111	0.512395	0.543483	0	0	10	5
test	H0856	1101011000	0.538083	0.585952	0	0	10	5
test	H0857	1101011001	0.408353	0.371476	0	0	10	5
test	H0858	1101011010	0.534755	0.580449	0	0	10	5
test	H0859	1101011011	0.456855	0.451661	0	0	10	5
test	H0860	1101011100	0.377928	0.321177	0	0	10	5
test	H0861	1101011101	0.392190	0.344754	0	0	10	5
test	H0862	1101011110	0.384507	0.332052	0	0	10	5
test	H0863	1101011111	0.523580	0.561974	0	0	10	5
test	H0864	1101100000	0.550822	0.607012	0	0	10	5
test	H0865	1101100001	0.382385	0.328544	0	0	10	5
test	H0866	1101100010	0.505069	0.531372	0	0	10	5
test	H0867	1101100011	0.496299	0.516873	0	0	10	5
test	H0868	1101100100	0.554517	0.613122	0	0	10	5
test	H0869	1101100101	0.512901	0.544320	0	0	10	5
test	H0870	1101100110	0.466474	0.467565	0	0	10	5
test	H0871	1101100111	0.382214	0.328261	0	0	10	5
test	H0872	1101101000	0.535461	0.581617	0	0	10	5
test	H0873	1101101001	0.312732	0.213390	0	0	10	5
test	H0874	1101101010	0.524950	0.564239	0	0	10	5
test	H0875	1101101011	0.502858	0.527717	0	0	10	5
test	H0876	1101101100	0.478411	0.487299	0	0	10	5
test	H0877	1101101101	0.370740	0.309293	0	0	10	5
test	H0878	1101101110	0.501172	0.524930	0	0	10	5
test	H0879	1101101111	0.391829	0.344157	0	0	10	5
test	H0880	1101110000	0.547018	0.600724	0	0	10	5
test	H0881	1101110001	0.630410	0.738591	0	0	10	5
test	H0882	1101110010	0.609824	0.704557	0	0	10	5
test	H0883	1101110011	0.504519	0.530463	0	0	10	5
test	H0884	1101110100	0.464938	0.465025	0	0	10	5
test	H0885	1101110101	0.724688	0.894455	1	0	10	5
test	H0886	1101110110	0.446194	0.434037	0	0	10	5
test	H0887	1101110111	0.428074	0.404080	0	0	10	5
test	H0888	1101111000	0.527293	0.568114	0	0	10	5
test	H0889	1101111001	0.446280	0.434179	0	0	10	5
test	H0890	1101111010	0.619934	0.721272	1	0	10	5
test	H0891	1101111011	0.391196	0.343112	0	0	10	5
test	H0892	1101111100	0.402753	0.362217	0	0	10	5
test	H0893	1101111101	0.597943	0.684916	0	0	10	5
test	H0894	1101111110	0.480055	0.490018	0	0	10	5
test	H0895	1101111111	0.438348	0.421065	0	0	10	5
test	H0896	1110000000	0.406684	0.368717	0	0	10	5
test	H0897	1110000001	0.380955	0.326180	0	0	10	5
test	H0898	1110000010	0.686938	0.832046	0	0	10	5
test	H0899	1110000011	0.569610	0.638074	0	0	10	5
test	H0900	1110000100	0.436104	0.417356	0	0	10	5
test	H0901	1110000101	0.456608	0.451254	0	0	10	5
test	H0902	1110000110	0.599768	0.687932	0	0	10	5
test	H0903	1110000111	0.442365	0.427706	0	0	10	5
test	H0904	1110001000	0.472575	0.477651	0	0	10	5
test	H0905	1110001001	0.374510	0.315525	0	0	10	5
test	H0906	1110001010	0.646454	0.765116	0	0	10	5
test	H0907	1110001011	0.473351	0.478934	0	0	10	5
test	H0908	1110001100	0.578223	0.652313	1	0	10	5
test	H0909	1110001101	0.455352	0.449176	0	0	10	5
test	H0910	1110001110	0.575370	0.647597	0	0	10	5
test	H0911	1110001111	0.291152	0.177713	0	0	10	5
test	H0912	1110010000	0.416237	0.384511	0	0	10	5
test	H0913	1110010001	0.352823	0.279672	0	0	10	5
test	H0914	1110010010	0.624084	0.728133	0	0	10	5
test	H0915	1110010011	0.583465	0.660979	0	0	10	5
test	H0916	1110010100	0.517951	0.552669	0	0	10	5
test	H0917	1110010101	0.385612	0.333879	0	0	10	5
test	H0918	1110010110	0.586561	0.666098	0	0	10	5
test	H0919	1110010111	0.549998	0.605650	0	0	10	5
test	H0920	1110011000	0.577516	0.651144	0	0	10	5
test	H0921	1110011001	0.519057	0.554497	0	0	10	5
test	H0922	1110011010	0.492639	0.510822	0	0	10	5
test	H0923	1110011011	0.473535	0.479238	0	0	10	5
test	H0924	1110011100	0.576160	0.648903	0	0	10	5
test	H0925	1110011101	0.353351	0.280545	0	0	10	5
test	H0926	1110011110	0.465928	0.466662	0	0	10	5
test	H0927	1110011111	0.355455	0.284023	0	0	10	5
test	H0928	1110100000	0.312798	0.213501	0	0	10	5
test	H0929	1110100001	0.317588	0.221418	0	0	10	5
test	H0930	1110100010	0.443208	0.429100	0	0	10	5
test	H0931	1110100011	0.621314	0.723553	1	0	10	5
test	H0932	1110100100	0.313348	0.214410	0	0	10	5
test	H0933	1110100101	0.364471	0.298928	0	0	10	5
test	H0934	1110100110	0.533582	0.578511	0	0	10	5
test	H0935	1110100111	0.555710	0.615094	0	0	10	5
test	H0936	1110101000	0.442036	0.427162	0	0	10	5
test	H0937	1110101001	0.293988	0.182403	0	0	10	5
test	H0938	1110101010	0.463786	0.463120	0	0	10	5
test	H0939	1110101011	0.537483	0.584960	0	0	10	5
test	H0940	1110101100	0.518814	0.554095	0	0	10	5
test	H0941	1110101101	0.346060	0.268490	0	0	10	5
test	H0942	1110101110	0.570246	0.639125	0	0	10	5
test	H0943	1110101111	0.416925	0.385648	0	0	10	5
test	H0944	1110110000	0.422584	0.395003	0	0	10	5
test	H0945	1110110001	0.461223	0.458884	0	0	10	5
test	H0946	1110110010	0.587877	0.668273	0	0	10	5
test	H0947	1110110011	0.544263	0.596168	0	0	10	5
test	H0948	1110110100	0.413329	0.379703	0	0	10	5
test	H0949	1110110101	0.515256	0.548212	0	0	10	5
test	H0950	1110110110	0.642574	0.758702	0	0	10	5
test	H0951	1110110111	0.573074	0.643801	0	0	10	5
test	H0952	1110111000	0.647209	0.766364	1	0	10	5
test	H0953	1110111001	0.610302	0.705348	0	0	10	5
test	H0954	1110111010	0.517493	0.551912	0	0	10	5
test	H0955	1110111011	0.446761	0.434974	0	0	10	5
test	H0956	1110111100	0.534885	0.580665	0	0	10	5
test	H0957	1110111101	0.465841	0.466517	0	0	10	5
test	H0958	1110111110	0.583003	0.660216	0	0	10	5
test	H0959	1110111111	0.390960	0.342721	0	0	10	5
test	H0960	1111000000	0.463774	0.463101	0	0	10	5
test	H0961	1111000001	0.506972	0.534518	0	0	10	5
test	H0962	1111000010	0.643314	0.759925	0	0	10	5
test	H0963	1111000011	0.642732	0.758963	0	0	10	5
test	H0964	1111000100	0.497633	0.519078	0	0	10	5
test	H0965	1111000101	0.533480	0.578341	0	0	10	5
test	H0966	1111000110	0.527904	0.569124	0	0	10	5
test	H0967	1111000111	0.433662	0.413318	0	0	10	5
test	H0968	1111001000	0.353696	0.281114	0	0	10	5
test	H0969	1111001001	0.308831	0.206941	0	0	10	5
test	H0970	1111001010	0.608463	0.702307	0	0	10	5
test	H0971	1111001011	0.722352	0.890594	0	0	10	5
test	H0972	1111001100	0.425960	0.400584	0	0	10	5
test	H0973	1111001101	0.357812	0.287919	0	0	10	5
test	H0974	1111001110	0.471316	0.475569	0	0	10	5
test	H0975	1111001111	0.475613	0.482673	0	0	10	5
test	H0976	1111010000	0.454798	0.448261	0	0	10	5
test	H0977	1111010001	0.495821	0.516081	0	0	10	5
test	H0978	1111010010	0.512353	0.543413	0	0	10	5
test	H0979	1111010011	0.522368	0.559972	0	0	10	5
test	H0980	1111010100	0.585515	0.664369	1	0	10	5
test	H0981	1111010101	0.428302	0.404457	0	0	10	5
test	H0982	1111010110	0.577331	0.650838	0	0	10	5
test	H0983	1111010111	0.462091	0.460319	0	0	10	5
test	H0984	1111011000	0.486419	0.500538	0	0	10	5
test	H0985	1111011001	0.431201	0.409249	0	0	10	5
test	H0986	1111011010	0.432852	0.411979	0	0	10	5
test	H0987	1111011011	0.549161	0.604267	0	0	10	5
test	H0988	1111011100	0.433433	0.412939	0	0	10	5
test	H0989	1111011101	0.209179	0.042192	0	0	10	5
test	H0990	1111011110	0.428007	0.403969	0	0	10	5
test	H0991	1111011111	0.448262	0.437455	0	0	10	5
test	H0992	1111100000	0.439421	0.422839	0	0	10	5
test	H0993	1111100001	0.437669	0.419943	0	0	10	5
test	H0994	1111100010	0.504669	0.530710	0	0	10	5
test	H0995	1111100011	0.560523	0.623050	0	0	10	5
test	H0996	1111100100	0.496258	0.516806	0	0	10	5
test	H0997	1111100101	0.487255	0.501921	0	0	10	5
test	H0998	1111100110	0.584785	0.663162	0	0	10	5
test	H0999	1111100111	0.431077	0.409044	0	0	10	5
test	H1000	1111101000	0.362326	0.295383	0	0	10	5
test	H1001	1111101001	0.238857	0.091257	0	0	10	5
test	H1002	1111101010	0.442365	0.427707	0	0	10	5
test	H1003	1111101011	0.639231	0.753175	0	0	10	5
test	H1004	1111101100	0.457569	0.452842	0	0	10	5
test	H1005	1111101101	0.310916	0.210389	0	0	10	5
test	H1006	1111101110	0.500745	0.524223	0	0	10	5
test	H1007	1111101111	0.472116	0.476893	0	0	10	5
test	H1008	1111110000	0.411024	0.375892	0	0	10	5
test	H1009	1111110001	0.534419	0.579894	0	0	10	5
test	H1010	1111110010	0.624984	0.729621	0	0	10	5
test	H1011	1111110011	0.457621	0.452929	0	0	10	5
test	H1012	1111110100	0.577356	0.650880	0	0	10	5
test	H1013	1111110101	0.634726	0.745727	0	0	10	5
test	H1014	1111110110	0.700331	0.854188	0	0	10	5
test	H1015	1111110111	0.377771	0.320917	0	0	10	5
test	H1016	1111111000	0.475629	0.482700	0	0	10	5
test	H1017	1111111001	0.469128	0.471952	0	0	10	5
test	H1018	1111111010	0.518032	0.552802	0	0	10	5
test	H1019	1111111011	0.483503	0.495717	0	0	10	5
test	H1020	1111111100	0.458257	0.453980	0	0	10	5
test	H1021	1111111101	0.414932	0.382353	0	0	10	5
test	H1022	1111111110	0.523556	0.561935	0	0	10	5
test	H1023	1111111111	0.363030	0.296546	0	0	10	5
