ID	strain	pI	charge	rep1_fit	rep2_fit	fit
NDEGEEL	HK19	5.91680908203125	-4	0.1577737987146386	0.2421770465178513	0.1999754226162449
KNEGKKL	HK19	6.81280517578125	2	0.163419937680737	0.0689727172627543	0.1161963274717457
KSRGEES	HK19	6.42401123046875	0	0.7886018273500002	0.7336625709179003	0.7611321991339502
NNRSKTS	HK19	6.81207275390625	2	0.2662142827944242	0.3079289060757046	0.2870715944350644
NNRNEKS	HK19	6.59661865234375	1	0.6964463762360852	0.9616885615346562	0.8290674688853708
KDRGEDS	HK19	6.27569580078125	-1	2.6621428279442423	1.5733769614040307	2.1177598946741365
KSKNKDL	HK19	6.81219482421875	2	0.2612998793021469	0.3647667842171801	0.3130333317596635
KDRSKKL	HK19	7.09417724609375	3	0.2070533347767328	0.2074798772624183	0.2072666060195755
NDENKEL	HK19	6.14593505859375	-2	0.3377345378735232	0.4183525334166679	0.3780435356450956
NNEGKTS	HK19	6.42230224609375	0	0.3817868689005045	0.2198145283507785	0.3008006986256415
KSEGKKS	HK19	6.81280517578125	2	0.1724601895524374	0.217005137585066	0.1947326635687517
KSESKDL	HK19	6.42291259765625	0	1.66141691964449	0.344070796460177	1.0027438580523331
NSKSETL	HK19	6.42230224609375	0	1.0749400345221816	1.6331470984054484	1.3540435664638149
KDESEES	HK19	6.02874755859375	-3	1.0869617310872013	4.317834256070448	2.7023979935788245
KSRSETL	HK19	6.59661865234375	1	1.5721443985223655	0.9011378002528446	1.2366410993876051
KDENKKL	HK19	6.59698486328125	1	2.818216735057729	3.150086285623288	2.9841515103405083
NDRSEKS	HK19	6.42303466796875	0	8.004937866617173	3.52619139229374	5.765564629455456
KSESKEL	HK19	6.42401123046875	0	0.2050531122803534	0.3993678887484197	0.3022105005143866
KDESETS	HK19	6.14593505859375	-2	6.452596547714249	4.690527225253956	5.571561886484103
KDRGEDL	HK19	6.27569580078125	-1	0.3181390186112369	0.24660364251412	0.2823713305626785
NNKGEKL	HK19	6.59649658203125	1	0.0851431608084512	0.105327794834748	0.0952354778215996
KSKSEDS	HK19	6.42291259765625	0	1.7293635975451491	2.5361156382800485	2.132739617912599
KDESEDS	HK19	6.02703857421875	-3	1.484254416444168	2.032410672699448	1.758332544571808
KDKNEKL	HK19	6.59698486328125	1	0.5946214257541568	0.481091819650606	0.5378566227023814
NSESETS	HK19	6.14483642578125	-2	1.3670207485356891	0.9713563301426764	1.169188539339183
KNKSEDS	HK19	6.42291259765625	0	0.6012028422879472	1.4552882228738226	1.0282455325808848
NNENKKS	HK19	6.59649658203125	1	0.227097361673576	0.1906796285801473	0.2088884951268617
NNESKTS	HK19	6.42230224609375	0	1.1684838609187411	0.5805135358995597	0.8744986984091505
NNRGKTS	HK19	6.81207275390625	2	0.2122902809490717	0.1755463247245801	0.1939183028368259
KNESEKS	HK19	6.42401123046875	0	1.6907195653547284	1.0366808412826112	1.3637002033186698
KDEGETL	HK19	6.14593505859375	-2	0.2602001498013915	0.3586063053712239	0.3094032275863077
NNKGKKS	HK19	7.09381103515625	3	0.1286607763327707	0.15604117753296	0.1423509769328654
KNRNKDS	HK19	6.81231689453125	2	0.2832612253132776	0.5803221728314506	0.4317916990723641
KDESKES	HK19	6.27691650390625	-1	1.2304187728338316	0.3793548793218311	0.8048868260778314
NSRGEKS	HK19	6.59661865234375	1	0.4680415642971661	0.882431289009228	0.675236426653197
NSKGEEL	HK19	6.27618408203125	-1	0.205935693825319	0.2427677222410656	0.2243517080331923
KDKSKKS	HK19	7.09381103515625	3	0.2176511466296039	0.1256131479140328	0.1716321472718183
KSKNETL	HK19	6.59649658203125	1	0.6935297462215666	0.4061034228655259	0.5498165845435463
NNENKES	HK19	6.27618408203125	-1	0.1848652207307706	0.18238339210859	0.1836243064196803
NDEGKKL	HK19	6.42291259765625	0	0.2369446496076027	0.123525790800961	0.1802352202042819
KNKSEKS	HK19	6.81280517578125	2	0.3351164406807052	0.4858142474936053	0.4104653440871553
KNKNEDS	HK19	6.42291259765625	0	1.159633972698601	0.6290205369851387	0.8943272548418698
NSRNKTL	HK19	6.81207275390625	2	0.2150472975847739	0.3009365566707087	0.2579919271277413
KSRNKTS	HK19	7.09429931640625	3	0.1654995456246324	0.2373626373626373	0.2014310914936349
KDKNEEL	HK19	6.27691650390625	-1	2.7084662451905963	2.589522370571367	2.6489943078809817
NNRGEDL	HK19	6.27496337890625	-1	0.6164995532611932	0.2808741195593282	0.4486868364102607
NNEGKKS	HK19	6.59649658203125	1	0.0409375197422452	0.2085277554304103	0.1247326375863277
KDRGKEL	HK19	6.59710693359375	1	0.1890201528839472	0.1304677623261694	0.1597439576050583
NSEGETS	HK19	6.14483642578125	-2	0.2401667824878387	0.5024525916561314	0.3713096870719851
KSKSKKL	HK19	7.43829345703125	4	0.1257522215486523	0.1137316082524141	0.1197419149005332
NNRNETL	HK19	6.42242431640625	0	0.8068102849200833	1.356826801517067	1.0818185432185752
KSKNKKS	HK19	7.43829345703125	4	0.1265229084480872	0.1915629380378197	0.1590429232429535
KSKNKTL	HK19	7.09381103515625	3	0.2499956721626079	0.199410629366854	0.2247031507647309
KDEGKKS	HK19	6.59698486328125	1	1.001740039227996	0.7680953811317267	0.8849177101798613
NSENKDL	HK19	6.27496337890625	-1	0.456193666829162	0.5694775175953356	0.5128355922122488
KDESKTL	HK19	6.42291259765625	0	0.422168172341904	0.7469958081043316	0.5845819902231179
NNRNETS	HK19	6.42242431640625	0	0.6409280434645271	0.7708079531088381	0.7058679982866827
NSKGEDL	HK19	6.27496337890625	-1	0.2768315884209207	0.2236057283786864	0.2502186583998035
NSESEKS	HK19	6.27618408203125	-1	3.908071081107912	4.040073273304265	3.974072177206089
NSKNKEL	HK19	6.59649658203125	1	0.1322346867864588	0.4252122087773162	0.2787234477818875
KDKGEES	HK19	6.27691650390625	-1	1.040962616733462	0.8155689867170047	0.9282658017252334
KSKSETS	HK19	6.59649658203125	1	4.246914763604994	1.868660360085444	3.0577875618452186
NDKNKDL	HK19	6.42193603515625	0	2.676942880729067	3.2238081096903928	2.95037549520973
NNENKEL	HK19	6.27618408203125	-1	0.1427537737403552	0.2052263218945091	0.1739900478174321
NSENEKL	HK19	6.27618408203125	-1	1.24859435213848	1.8365337317549704	1.5425640419467253
KSENEDS	HK19	6.14593505859375	-2	0.6863287071899251	0.706475176930175	0.69640194206005
NDRGETL	HK19	6.27496337890625	-1	0.8377911017017631	0.3200658571722576	0.5789284794370104
NNKNKDL	HK19	6.59576416015625	1	0.4562184577176774	0.328760854697312	0.3924896562074946
KNENEES	HK19	6.14739990234375	-2	0.3285068182594926	0.3464881556858925	0.3374974869726925
KDKGKES	HK19	6.59698486328125	1	0.2860292503163389	0.9054073308433228	0.595718290579831
NNKNKTL	HK19	6.81195068359375	2	0.146451259785864	0.208791380911359	0.1776213203486115
NDEGEKL	HK19	6.14593505859375	-2	0.2031898845743148	0.6114150041626838	0.4073024443684993
NNEGEKL	HK19	6.27618408203125	-1	0.3409510572818425	0.1895900307025464	0.2652705439921945
NNRGKEL	HK19	6.59661865234375	1	0.1250868658790827	0.2002528445006321	0.1626698551898573
KSEGKES	HK19	6.42401123046875	0	0.2225382613895308	0.1543174668509099	0.1884278641202204
NSKSKES	HK19	6.59649658203125	1	0.0760461873357602	0.2880819818990129	0.1820640846173865
KNRSEES	HK19	6.42401123046875	0	1.0044312879615174	0.7564450719950088	0.880438179978263
NSRGEDS	HK19	6.27496337890625	-1	1.0330703511425416	0.5074321409979922	0.7702512460702668
NDESKKS	HK19	6.42291259765625	0	3.6963168867268936	0.9216182048040455	2.3089675457654697
NDENETS	HK19	6.02581787109375	-3	0.7501603677767681	0.8081882719050861	0.7791743198409271
KNRGKDL	HK19	6.81231689453125	2	0.1156004122922797	0.1187588559210582	0.117179634106669
NSEGEKL	HK19	6.27618408203125	-1	0.1025265561401767	0.1250767563662633	0.11380165625322
NNRSEKS	HK19	6.59661865234375	1	1.357625964125252	0.5182961785432652	0.9379610713342584
NDKSEES	HK19	6.14593505859375	-2	4.192850726283496	1.8702106009682096	3.031530663625853
KNKSEKL	HK19	6.81280517578125	2	0.2809473146912494	0.6002752201201571	0.4406112674057033
NDRNEES	HK19	6.14593505859375	-2	2.2637341998009126	4.528383503604743	3.3960588517028274
KSRGKTS	HK19	7.09429931640625	3	0.1034502188081062	0.1660573341989271	0.1347537765035166
NNKNKEL	HK19	6.59649658203125	1	0.1603631618680038	0.1326069359430281	0.146485048905516
NSENETS	HK19	6.14483642578125	-2	0.3976551816897935	0.6629705150687166	0.5303128483792551
NDKGKTL	HK19	6.59576416015625	1	0.1068538650899282	0.1666202404165506	0.1367370527532394
NNESKDS	HK19	6.27496337890625	-1	0.211084086170952	0.4105390185036202	0.3108115523372861
KDKGKDL	HK19	6.59625244140625	1	0.530310964913154	0.3633658022379274	0.4468383835755407
NDRGEKL	HK19	6.42303466796875	0	0.4334259902710216	0.2949178255372945	0.3641719079041581
NSRGKTS	HK19	6.81207275390625	2	0.3615746228998896	0.247210530229791	0.3043925765648403
KNKSEDL	HK19	6.42291259765625	0	0.4824779112478904	0.6369823782863335	0.5597301447671119
NDKNEDL	HK19	6.14434814453125	-2	2.431688672689368	5.226117349594705	3.828903011142036
NSRSEDS	HK19	6.27496337890625	-1	1.1324040387524017	4.159208745445081	2.6458063920987414
KNENEKS	HK19	6.42401123046875	0	1.8431141112092777	1.3597341956304914	1.6014241534198843
NSEGKDL	HK19	6.27496337890625	-1	0.1350938151494093	0.1047734380198283	0.1199336265846188
KNRNETL	HK19	6.59661865234375	1	0.853946677062323	1.2617927291788722	1.0578697031205977
KNRGETL	HK19	6.59661865234375	1	0.0926528378237099	0.1794300929706991	0.1360414653972045
KSESKTS	HK19	6.59649658203125	1	0.5546534687028594	0.9590823594708766	0.7568679140868679
KDRGKDS	HK19	6.59625244140625	1	0.3669399635432958	0.758546957036057	0.5627434602896764
NSKSEES	HK19	6.27618408203125	-1	0.757344115231537	1.6458797839328814	1.201611949582209
KNENEDS	HK19	6.14593505859375	-2	0.4860852227338559	0.4892328414286895	0.4876590320812727
NDESEDL	HK19	5.91473388671875	-4	0.5472778642914027	0.5381712144841142	0.5427245393877584
KSEGETL	HK19	6.27618408203125	-1	0.1286607763327707	0.1911504424778761	0.1599056094053234
NNEGEDS	HK19	6.02581787109375	-3	0.2141731215783318	0.287724707841263	0.2509489147097974
NSENKES	HK19	6.27618408203125	-1	0.2356955923883311	0.1443214890927186	0.1900085407405248
KNKGEKS	HK19	6.81280517578125	2	0.1749709051633915	0.1510121395823496	0.1629915223728706
NNKNKKS	HK19	7.09381103515625	3	0.1869601906085575	0.1250767563662633	0.1560184734874104
NSKGKTL	HK19	6.81195068359375	2	0.2192622130697219	0.1003647050257808	0.1598134590477514
NSKGEKS	HK19	6.59649658203125	1	0.3552035656945675	0.5275469724050744	0.441375269049821
KNRNKKS	HK19	7.43927001953125	4	0.2310815259134633	0.1789340608157562	0.2050077933646097
KSENETS	HK19	6.27618408203125	-1	1.0	1.0	1.0
NDKGEES	HK19	6.14593505859375	-2	0.4521735135166179	1.0297750519793962	0.740974282748007
KDEGKTL	HK19	6.42291259765625	0	0.182773985202142	0.1474589127686472	0.1651164489853946
NNKGEES	HK19	6.27618408203125	-1	1.0071726397299712	0.5529709228824273	0.7800717813061993
KSEGKKL	HK19	6.81280517578125	2	0.182773985202142	0.1532416152301628	0.1680078002161524
NDRSETS	HK19	6.27496337890625	-1	1.901767100168768	3.655752212389381	2.778759656279074
NDESEEL	HK19	5.91680908203125	-4	0.7482118992890362	1.3384732082077215	1.043342553748379
NSKNKDS	HK19	6.59576416015625	1	1.4494440583738708	1.353901029438324	1.4016725439060975
KNRNKTL	HK19	7.09429931640625	3	0.1517207462447212	0.1769506953223767	0.1643357207835489
KSKSKTS	HK19	7.09381103515625	3	0.2529416113435748	0.1443214890927186	0.1986315502181467
NDRSKDS	HK19	6.42193603515625	0	1.401346291475216	3.8845519557710815	2.642949123623149
NSKNETS	HK19	6.42230224609375	0	3.4033249585716576	1.8634917547686196	2.6334083566701385
NNEGEDL	HK19	6.02581787109375	-3	0.1099600820983564	0.0628700790874077	0.086415080592882
NNKNEDL	HK19	6.27496337890625	-1	0.9263575895959496	0.7636265125519235	0.8449920510739365
KNRGKTS	HK19	7.09429931640625	3	0.1707229532107919	0.1188313582751003	0.1447771557429462
NNRNEEL	HK19	6.27618408203125	-1	0.3590331123340157	0.5845218163802235	0.4717774643571196
NSESEDS	HK19	6.02581787109375	-3	0.9483406891283038	0.278316490987182	0.6133285900577429
NDRSETL	HK19	6.27496337890625	-1	4.426734835699395	4.509346216362651	4.468040526031023
NNRSKDS	HK19	6.59576416015625	1	0.7664649097855087	0.7602156383668605	0.7633402740761845
KSKGKDS	HK19	6.81219482421875	2	0.289798022820507	0.2021614126666938	0.2459797177436004
NNENKDL	HK19	6.27496337890625	-1	0.4651815332974943	0.2851799728072896	0.3751807530523919
KNKGETL	HK19	6.59649658203125	1	0.1440573858228298	0.0838628887783776	0.1139601373006037
NNKNKKL	HK19	7.09381103515625	3	0.1472586610633371	0.1327829072324312	0.1400207841478841
KDRGEEL	HK19	6.27691650390625	-1	0.7088255733148019	0.2700379266750948	0.4894317499949483
KSENKDL	HK19	6.42291259765625	0	1.4692406449865136	2.1348218303370547	1.802031237661784
KSRSEDL	HK19	6.42303466796875	0	2.5542572334540634	1.2353346003466146	1.894795916900339
NDRSKES	HK19	6.42303466796875	0	1.1772461034448525	0.5856225392811992	0.8814343213630258
KDENETL	HK19	6.14593505859375	-2	2.0150356939794047	1.5391334329387425	1.7770845634590735
KNEGEEL	HK19	6.14739990234375	-2	0.1482736995542297	0.4585612531220129	0.3034174763381213
KDKGKTS	HK19	6.81219482421875	2	0.1815777085341522	0.3044313037804331	0.2430045061572927
NSRSETS	HK19	6.42242431640625	0	6.88222687666746	3.2121294634568973	5.047178170062178
KSRNETS	HK19	6.59661865234375	1	1.8235278228648184	1.8054598330154163	1.8144938279401173
KNESEDS	HK19	6.14593505859375	-2	0.6309326531703182	1.446231644461733	1.0385821488160256
NSEGKDS	HK19	6.27496337890625	-1	0.1251834580535067	0.5522592485930033	0.338721353323255
KSEGKTS	HK19	6.59649658203125	1	0.5887356924799161	0.4762291735329854	0.5324824330064508
KNEGKEL	HK19	6.42401123046875	0	0.1111531390469823	0.1088831634367648	0.1100181512418736
KDRSKTS	HK19	6.81231689453125	2	0.3163072711202181	0.3207565474121632	0.3185319092661907
KNRGEDS	HK19	6.42303466796875	0	0.385207264080645	0.7876319437040196	0.5864196038923323
NSKSETS	HK19	6.42230224609375	0	2.759981169719115	3.749896007503773	3.254938588611444
NSKSKKL	HK19	7.09381103515625	3	0.1726763050781923	0.0609792496411699	0.1168277773596811
KDENEES	HK19	6.02874755859375	-3	0.6604108479437685	0.7232061326869962	0.6918084903153823
KNESKKL	HK19	6.81280517578125	2	0.2117686832071821	0.3068739535996173	0.2593213184033998
NNKSKKS	HK19	7.09381103515625	3	0.2754339920521937	0.2362205884157942	0.255827290233994
KDKNKKL	HK19	7.09381103515625	3	0.1693128290131119	0.2178812431410091	0.1935970360770605
KSKGKKL	HK19	7.43829345703125	4	0.0799897589700449	0.0970124426109521	0.0885011007904985
KDRNKES	HK19	6.59710693359375	1	0.6867582525004791	2.0414228313653955	1.3640905419329372
NNRSKTL	HK19	6.81207275390625	2	0.0584189470916364	0.0876782724570335	0.073048609774335
NDRSEDS	HK19	6.14447021484375	-2	1.9709582732619044	3.9505783346227146	2.9607683039423094
NDRGKKS	HK19	6.81231689453125	2	0.0875608061153578	0.2389380530973451	0.1632494296063515
KSRGEDS	HK19	6.42303466796875	0	1.342089211637145	0.7340749369268904	1.0380820742820176
KNEGEKS	HK19	6.42401123046875	0	0.6379430159833217	0.5202022756005057	0.5790726457919138
KSESEDL	HK19	6.14593505859375	-2	1.1082546512256932	0.5651120010295465	0.8366833261276199
NDRNKKS	HK19	6.81231689453125	2	0.2442080504623937	0.207009627540601	0.2256088390014973
NNENEEL	HK19	6.02752685546875	-3	0.1964129936569426	0.1725583021760766	0.1844856479165096
KDESKDL	HK19	6.27569580078125	-1	1.1047391425769453	0.8062005978472773	0.9554698702121112
NSENKEL	HK19	6.27618408203125	-1	0.2049931025898997	0.1687340792875068	0.1868635909387032
KSRNEDL	HK19	6.42303466796875	0	0.8535472866258134	0.9852936444086888	0.9194204655172512
KSEGKDS	HK19	6.42291259765625	0	0.339642642607272	0.35406801088517	0.346855326746221
KNRGKKL	HK19	7.43927001953125	4	0.1590778620418769	0.1282251415379541	0.1436515017899155
KNESKKS	HK19	6.81280517578125	2	0.2190710515936367	0.2358014145624765	0.2274362330780566
KSENEES	HK19	6.14739990234375	-2	0.4851960966633715	0.6715265041576896	0.5783613004105306
KNKSEEL	HK19	6.42401123046875	0	0.931897150799166	0.6417193426042983	0.7868082467017321
KNKGKDL	HK19	6.81219482421875	2	0.1173594919251625	0.1281013720963152	0.1227304320107388
NSRGEEL	HK19	6.27618408203125	-1	0.2894867467487342	0.915541601255887	0.6025141740023106
KNKNKDL	HK19	6.81219482421875	2	0.4158082362390909	0.2700221649399905	0.3429152005895407
KNKNKES	HK19	6.81280517578125	2	0.2181202223766504	0.1510429835651074	0.1845816029708789
KDEGEDS	HK19	6.02703857421875	-3	1.0602817613241518	0.7350603378921963	0.897671049608174
KNRGKKS	HK19	7.43927001953125	4	0.1588093438276755	0.14792116641369	0.1533652551206827
NDKNETS	HK19	6.27496337890625	-1	1.0400079420232304	1.966118836915297	1.5030633894692638
NNKGKEL	HK19	6.59649658203125	1	0.1073593232975438	0.0292964727354928	0.0683278980165183
NSESEKL	HK19	6.27618408203125	-1	0.790933875020046	1.8211805893221824	1.306057232171114
KDKGKKL	HK19	7.09381103515625	3	0.0615929248401562	0.0896406764551047	0.0756168006476304
KSRNEKL	HK19	6.81292724609375	2	0.1373835408299077	0.5092331097730828	0.3233083253014953
NSESKKS	HK19	6.59649658203125	1	0.3446270794627789	0.3385536262545473	0.3415903528586631
NDRGKTS	HK19	6.59576416015625	1	0.396658435970606	1.775781800575625	1.0862201182731157
NNRSETL	HK19	6.42242431640625	0	0.4305187515750406	0.956052291576944	0.6932855215759923
NNENETS	HK19	6.14483642578125	-2	0.2518196115723638	0.6273471288841573	0.4395833702282605
KNRNKTS	HK19	7.09429931640625	3	0.2209867963863794	0.2048040455120101	0.2128954209491947
KDRGEKS	HK19	6.59710693359375	1	0.4618820162222887	0.7168951095076529	0.5893885628649709
NSKNKES	HK19	6.59649658203125	1	0.6717372024003778	0.3706840072361023	0.5212106048182401
KSRSKDS	HK19	6.81231689453125	2	0.2677752407425791	0.3923460357594365	0.3300606382510078
KNRGEES	HK19	6.42401123046875	0	0.6962071614059471	0.7502295561913634	0.7232183587986553
NSENKTS	HK19	6.42230224609375	0	0.2660148483637017	0.2305824697733673	0.2482986590685345
NSESKTS	HK19	6.42230224609375	0	0.3680440476826855	0.411183506758728	0.3896137772207068
NSRSKKS	HK19	7.09429931640625	3	0.2315893973989873	0.1895900307025464	0.2105897140507669
NDRNETL	HK19	6.27496337890625	-1	1.8804725503822095	2.7898862199747154	2.3351793851784626
NNESKKL	HK19	6.59649658203125	1	0.4342301201231013	0.1421925230269098	0.2882113215750056
NNENEDS	HK19	6.02581787109375	-3	0.3097454877735075	0.2321866858511849	0.2709660868123462
NNRSEKL	HK19	6.59661865234375	1	0.8674444972751545	0.9313194490651406	0.8993819731701476
KDEGEEL	HK19	6.02874755859375	-3	0.2831307503131333	0.2295767504182532	0.2563537503656933
KDESETL	HK19	6.14593505859375	-2	2.2328005559416257	1.2124399494310998	1.7226202526863628
KNESKES	HK19	6.42401123046875	0	0.4052814454482279	0.3194943109987358	0.3623878782234818
NDKSEEL	HK19	6.14593505859375	-2	1.4942194705919514	1.2176531433168605	1.3559363069544057
NSKNEKS	HK19	6.59649658203125	1	0.6712995135510771	0.4642225031605563	0.5677610083558167
KSENKEL	HK19	6.42401123046875	0	0.7114571822417662	0.3384302916001741	0.5249437369209702
NDRGEES	HK19	6.14593505859375	-2	0.5102464241254668	0.9600742162275236	0.7351603201764952
KNESKTL	HK19	6.59649658203125	1	0.2261226948852773	0.2278335132906138	0.2269781040879456
NSENEEL	HK19	6.02752685546875	-3	0.1390671626538037	0.2240797203837287	0.1815734415187662
KDRSKKS	HK19	7.09417724609375	3	0.1484311026323127	0.1338400959842817	0.1411355993082972
KSEGKDL	HK19	6.42291259765625	0	0.1133823091432542	0.1211269640599602	0.1172546366016072
KSRNEEL	HK19	6.42401123046875	0	1.1457323563304334	1.9925618908927971	1.5691471236116152
KNKSKKS	HK19	7.43829345703125	4	0.0970287070133879	0.1995990808194396	0.1483138939164137
NSEGKEL	HK19	6.27618408203125	-1	0.0442930541473473	0.1450415535429317	0.0946673038451395
NSEGKTS	HK19	6.42230224609375	0	0.2400143923974277	0.2395271679490717	0.2397707801732497
NDEGKKS	HK19	6.42291259765625	0	0.8933623259880292	0.3737437881232996	0.6335530570556644
NSRGEKL	HK19	6.59661865234375	1	0.1589339001757756	0.254025858130863	0.2064798791533193
KDKNKES	HK19	6.59698486328125	1	0.1994070941700057	0.3608037227317965	0.2801054084509011
KSESKTL	HK19	6.59649658203125	1	0.4018175014700379	0.2419838568511134	0.3219006791605757
NNKGEEL	HK19	6.27618408203125	-1	0.2388021984964305	0.7000574646592346	0.4694298315778326
NSRSKDL	HK19	6.59576416015625	1	1.620242815680824	0.6264594333308544	1.1233511245058392
KSKSKDL	HK19	6.81219482421875	2	0.2103434402545627	0.2037261294829995	0.2070347848687811
NSRSETL	HK19	6.42242431640625	0	4.0367318574406825	1.5799169225212208	2.808324389980952
KDRSETL	HK19	6.42303466796875	0	2.225074602460859	2.219112069606604	2.222093336033732
KDRSEDS	HK19	6.27569580078125	-1	3.7386427913441183	2.8520154058742246	3.2953290986091712
KNKGKDS	HK19	6.81219482421875	2	0.1850294827953955	0.4842297630521585	0.334629622923777
NSKNKKS	HK19	7.09381103515625	3	0.2048353875911621	0.167687933292866	0.1862616604420141
KDENKTS	HK19	6.42291259765625	0	1.78547558238869	4.400286664465685	3.092881123427188
KSESETL	HK19	6.27618408203125	-1	1.859526632056575	1.9603361344537813	1.9099313832551783
KSKGEKS	HK19	6.81280517578125	2	0.2553602603433956	0.1978107366408683	0.226585498492132
KNRGEDL	HK19	6.42303466796875	0	0.1619545737171281	0.1854015569898196	0.1736780653534738
NSEGEDL	HK19	6.02581787109375	-3	0.1027029004059836	0.0905449464368886	0.0966239234214361
NNEGKDL	HK19	6.27496337890625	-1	0.108408617095205	0.095575221238938	0.1019919191670715
KNEGKES	HK19	6.42401123046875	0	0.1262122148454689	0.2015441887322342	0.1638782017888515
NDESKDL	HK19	6.14434814453125	-2	0.5037396497096618	0.7539565878848915	0.6288481187972766
NSRNKKL	HK19	7.09429931640625	3	0.2270484288225366	0.1610895685707911	0.1940689986966639
NSRNEKL	HK19	6.59661865234375	1	0.577056362724298	1.6894299277467535	1.1332431452355258
KDRNEES	HK19	6.27691650390625	-1	2.4485753995830435	1.819537655770273	2.134056527676658
NDKNKKS	HK19	6.81219482421875	2	0.1512244199433686	0.5474687246447912	0.3493465722940799
NNKSKTS	HK19	6.81195068359375	2	0.3564975677553856	0.2252844500632111	0.2908910089092984
NDRNKTS	HK19	6.59576416015625	1	5.230060557927132	0.9148471322789544	3.0724538451030434
NDRNEEL	HK19	6.14593505859375	-2	0.9973723071577484	3.116221554993679	2.0567969310757137
NDRSEDL	HK19	6.14447021484375	-2	1.2984745339603418	1.3099505357603134	1.3042125348603275
NNENEES	HK19	6.02752685546875	-3	0.1228125592267357	0.3141880243650155	0.2185002917958756
KNKSEES	HK19	6.42401123046875	0	0.3187606874311905	0.2982315089702979	0.3084960982007442
NNENKDS	HK19	6.27496337890625	-1	0.4922022722497858	0.3515008967159616	0.4218515844828737
NDRSKTS	HK19	6.59576416015625	1	3.455414668896952	1.4931141167277602	2.474264392812356
KDKSKTL	HK19	6.81219482421875	2	0.2570815139037266	0.2475989206936241	0.2523402172986754
KDEGEKL	HK19	6.27691650390625	-1	0.3553554702843157	0.1763095696146869	0.2658325199495013
NNKSKEL	HK19	6.59649658203125	1	0.1805132874841244	0.2224595666768385	0.2014864270804815
KSRGETS	HK19	6.59661865234375	1	1.20912696432068	1.499029831460282	1.354078397890481
KSKSEES	HK19	6.42401123046875	0	0.7379073936732441	1.226759022192948	0.982333207933096
KDRGKTL	HK19	6.81231689453125	2	0.1618727666731088	0.1723262442118807	0.1670995054424947
KDESEEL	HK19	6.02874755859375	-3	1.9990761085692936	0.8310545661816827	1.4150653373754882
KSESEKS	HK19	6.42401123046875	0	1.487857558740116	4.219516861994738	2.853687210367428
KNRNKES	HK19	6.81292724609375	2	0.4285233921405994	0.224623791851882	0.3265735919962407
NDRNEDS	HK19	6.14447021484375	-2	2.507146479349398	1.198933952916254	1.8530402161328257
KSKSKTL	HK19	7.09381103515625	3	0.2127167807601196	0.0773955619503949	0.1450561713552572
KSESKDS	HK19	6.42291259765625	0	1.8902454767941064	1.780580942720227	1.8354132097571667
KDRGEKL	HK19	6.59710693359375	1	0.1372046560111188	0.1785635271807838	0.1578840915959513
KDRSEES	HK19	6.27691650390625	-1	3.1722291148958157	2.613342511632833	2.8927858132643243
KDRSETS	HK19	6.42303466796875	0	5.009728978457262	12.59221505090159	8.800972014679425
KSRGKEL	HK19	6.81292724609375	2	0.2228705072261828	0.0561391799880636	0.1395048436071232
NDENEKS	HK19	6.14593505859375	-2	2.380697379716306	2.952792444411393	2.66674491206385
NNRGEEL	HK19	6.27618408203125	-1	0.0603097389059863	0.2699024742640419	0.1651061065850141
KDRNKKS	HK19	7.09417724609375	3	0.1445389335814654	0.1265272450663181	0.1355330893238918
NDKNEEL	HK19	6.14593505859375	-2	0.5003474635163307	0.9420986093552464	0.7212230364357886
KDRSKEL	HK19	6.59710693359375	1	0.3152189020152884	0.2396207332490518	0.2774198176321701
KDRSKDL	HK19	6.59625244140625	1	0.8917083508211835	1.664387728279781	1.2780480395504823
KSENKDS	HK19	6.42291259765625	0	1.6019570647784684	1.48123142105443	1.541594242916449
NDENKTL	HK19	6.27496337890625	-1	0.2368178432898011	0.8694788481976016	0.5531483457437014
NSKSEDS	HK19	6.27496337890625	-1	2.843441678144753	1.4039501275577797	2.1236959028512663
KNRSKES	HK19	6.81292724609375	2	0.1859089199303797	0.1555759171412334	0.1707424185358065
NNRSEES	HK19	6.27618408203125	-1	3.293860436788969	0.7455787724257447	2.0197196046073564
NSRSEDL	HK19	6.27496337890625	-1	0.4288692544425692	0.9713563301426764	0.7001127922926229
NDKNETL	HK19	6.27496337890625	-1	2.125894920568224	2.537665010437186	2.331779965502705
KSEGKEL	HK19	6.42401123046875	0	0.2251563585823488	0.113129853711396	0.1691431061468724
KNKNEES	HK19	6.42401123046875	0	0.3394489263906477	0.3480629159259948	0.3437559211583213
NNRSKES	HK19	6.59661865234375	1	0.5153578874218206	0.4587610619469027	0.4870594746843616
NNKSEES	HK19	6.27618408203125	-1	0.1941973592772758	1.3824273072060682	0.788312333241672
NSRSKTL	HK19	6.81207275390625	2	0.2138175491573384	0.1113898261921436	0.162603687674741
KSEGEEL	HK19	6.14739990234375	-2	0.1733111444350975	0.383199148313261	0.2782551463741792
KDRGKES	HK19	6.59710693359375	1	0.8014894256998537	0.3613110176047701	0.5814002216523119
NSENKKS	HK19	6.59649658203125	1	0.2355254014117991	0.2328298622662851	0.2341776318390421
KSKSEDL	HK19	6.42291259765625	0	0.8976032013282901	0.836260277110785	0.8669317392195375
NNENEKS	HK19	6.27618408203125	-1	0.9426322176469976	0.6822725814668755	0.8124523995569366
NSKSKTL	HK19	6.81195068359375	2	0.1424458595112819	0.1855775432802704	0.1640117013957761
NDENEEL	HK19	5.91680908203125	-4	0.2847018418437965	0.3351338926560165	0.3099178672499065
KNRGETS	HK19	6.59661865234375	1	0.3160451638816456	0.9808046950208192	0.6484249294512324
NNESEDL	HK19	6.02581787109375	-3	0.2270019025051549	0.2900831070858635	0.2585425047955092
NDRGEEL	HK19	6.14593505859375	-2	0.308366317188869	0.3285769251910075	0.3184716211899382
NDESEKL	HK19	6.14593505859375	-2	3.685711695924101	2.8610234705656024	3.273367583244852
NNKGEDL	HK19	6.27496337890625	-1	0.2130325546586839	0.7769950403578723	0.495013797508278
NNKNKDS	HK19	6.59576416015625	1	0.291378816988922	0.5324905183312263	0.4119346676600741
KNKSKDS	HK19	6.81219482421875	2	0.2733415715085324	0.5536881354931698	0.4135148535008511
NDKNKEL	HK19	6.42291259765625	0	0.5893123058813519	1.0720864831394	0.8306993945103759
NNKGKKL	HK19	7.09381103515625	3	0.259478974219902	0.1034010668804539	0.1814400205501779
KSRSKES	HK19	6.81292724609375	2	0.4165392633773453	0.2252844500632111	0.3209118567202783
NNKSEKL	HK19	6.59649658203125	1	1.5172074624472125	0.3062608188271905	0.9117341406372014
KNKGKKL	HK19	7.43829345703125	4	0.2164124223267236	0.1610594921016778	0.1887359572142007
KNEGKKS	HK19	6.81280517578125	2	0.1498016095406756	0.2170262224215978	0.1834139159811367
KSRNKKS	HK19	7.43927001953125	4	0.207497036340596	0.1108351305123819	0.1591660834264889
KDESKEL	HK19	6.27691650390625	-1	0.2644525155047399	0.2538797318894163	0.2591661236970781
KDKSETL	HK19	6.42291259765625	0	0.9701590156562973	2.649200565181825	1.809679790419061
NDKGEKL	HK19	6.42291259765625	0	0.1033881238388336	0.0902809670012126	0.0968345454200231
NNRGEKL	HK19	6.59661865234375	1	0.1808342407511778	0.1161093801327931	0.1484718104419854
KSKSEKL	HK19	6.81280517578125	2	0.4412338317379901	0.285404347294156	0.363319089516073
KNENKDL	HK19	6.42291259765625	0	1.1876827857546255	0.5190019135210697	0.8533423496378477
NSRSKTS	HK19	6.81207275390625	2	0.2492802541447434	0.3072060682680151	0.2782431612063792
NSKNEES	HK19	6.27618408203125	-1	0.6826168966544227	0.5071338269821203	0.5948753618182715
KSENEKS	HK19	6.42401123046875	0	3.205291934912872	9.087503279822531	6.146397607367702
KSKNEDL	HK19	6.42291259765625	0	1.6466504196782838	2.497288038823865	2.0719692292510743
KNRNKDL	HK19	6.81231689453125	2	0.3341029837028402	0.3468455609477591	0.3404742723252997
KNESETL	HK19	6.27618408203125	-1	0.9900711110264928	0.3635973191555686	0.6768342150910308
KDRSKES	HK19	6.59710693359375	1	2.362857603373699	2.153012262477588	2.257934932925643
NSRGKDS	HK19	6.59576416015625	1	0.2189020152883947	0.2935524652338812	0.2562272402611379
KNRSKTS	HK19	7.09429931640625	3	0.1662149034560795	0.1544072385012013	0.1603110709786404
NDESKES	HK19	6.14593505859375	-2	0.2758958196713288	0.669795765744912	0.4728457927081204
KSRSEES	HK19	6.42401123046875	0	1.2411744266851978	3.4099873577749684	2.325580892230083
KDESEKL	HK19	6.27691650390625	-1	4.17919253962205	3.548527384690673	3.8638599621563614
NDKSETS	HK19	6.27496337890625	-1	3.8204875112317023	4.07625274787216	3.948370129551931
KDRGKKS	HK19	7.09417724609375	3	0.1165282908452507	0.1099474349590791	0.1132378629021649
KDKNKTS	HK19	6.81219482421875	2	0.37158000328942	0.2531011189312602	0.3123405611103401
NDRSKKS	HK19	6.81231689453125	2	0.1775271288822366	0.1276086745113293	0.1525679016967829
NDRGEKS	HK19	6.42303466796875	0	0.4010597637248089	0.787983565107459	0.594521664416134
NNKSKTL	HK19	6.81195068359375	2	0.133046939162297	0.1340535570624066	0.1335502481123518
NNEGEKS	HK19	6.27618408203125	-1	1.6661570535093817	0.3883084702907711	1.0272327619000765
NDRNKKL	HK19	6.81231689453125	2	0.229021703794063	0.2215048045880968	0.2252632541910799
NDEGEES	HK19	5.91680908203125	-4	0.2137077301798565	0.1624547344061368	0.1880812322929967
KSRNKTL	HK19	7.09429931640625	3	0.1476324626632766	0.1699750940596683	0.1588037783614724
KDEGKKL	HK19	6.59698486328125	1	0.1866427709301049	0.2231286180051899	0.2048856944676474
NDKNEDS	HK19	6.14434814453125	-2	3.852180075547513	2.2994830456496977	3.0758315605986053
NDENETL	HK19	6.02581787109375	-3	0.4123916462455652	0.760577550069865	0.5864845981577151
KSRNEES	HK19	6.42401123046875	0	2.010985558845088	2.4677484716762206	2.239367015260654
KNRGEEL	HK19	6.42401123046875	0	0.3469875389111541	0.1312990319172886	0.2391432854142213
KNEGEES	HK19	6.14739990234375	-2	0.1560957948154939	0.1610895685707911	0.1585926816931425
KSKNEKL	HK19	6.81280517578125	2	0.5723711641856551	0.4190937520793133	0.4957324581324842
NNENETL	HK19	6.14483642578125	-2	0.229571189142787	1.0649810366624526	0.6472761129026199
NDRNETS	HK19	6.27496337890625	-1	1.6561710392793694	1.4252304957973858	1.5407007675383777
NNRGETL	HK19	6.42242431640625	0	0.2657583248840838	0.5016020393359722	0.3836801821100281
KNKNKKS	HK19	7.43829345703125	4	0.1408077529502907	0.0534594245686938	0.0971335887594922
NSESKDS	HK19	6.27496337890625	-1	0.5370802894964322	2.891633313804693	1.7143568016505626
NSRGKES	HK19	6.59661865234375	1	0.1611525206097014	0.0860800759816976	0.1236162982956995
NNENKTL	HK19	6.42230224609375	0	0.1193852319925012	0.1165954193984653	0.1179903256954832
NNRGKTL	HK19	6.81207275390625	2	0.1806067047451996	0.0906832886010397	0.1356449966731197
NSEGKTL	HK19	6.42230224609375	0	0.1651802106630332	0.1223458228211484	0.1437630167420908
NDKGKDL	HK19	6.42193603515625	0	0.3329326250127623	0.2061629349135116	0.2695477799631369
KSRSKDL	HK19	6.81231689453125	2	0.3099211053427625	0.1937205324607719	0.2518208189017672
NDRNKEL	HK19	6.42303466796875	0	1.248479359105496	1.6692680293754174	1.4588736942404568
KNRSETL	HK19	6.59661865234375	1	1.4132154421658063	0.5490491432875164	0.9811322927266616
NDRGKEL	HK19	6.42303466796875	0	0.1630442596630802	0.199154278739265	0.1810992692011725
NNRNKEL	HK19	6.59661865234375	1	0.1846002443035407	0.1419635495598778	0.1632818969317092
KSKGEKL	HK19	6.81280517578125	2	0.0755458834717091	0.048506221305476	0.0620260523885926
NNEGKTL	HK19	6.42230224609375	0	0.1564244175414213	0.1008929403153902	0.1286586789284057
NDRNKTL	HK19	6.59576416015625	1	1.029479976891583	1.963157814570545	1.496318895731064
KNKNEEL	HK19	6.42401123046875	0	0.4895253414121854	0.455631472037955	0.4725784067250702
NSRSKKL	HK19	7.09429931640625	3	0.2325385342735734	0.1208679612857764	0.1767032477796749
NDKGKKS	HK19	6.81219482421875	2	0.2264142153342055	0.1894723460155803	0.2079432806748929
KNRNEDL	HK19	6.42303466796875	0	0.7053090750772374	0.760982742601252	0.7331459088392447
NDKSKTS	HK19	6.59576416015625	1	7.7089871842526305	1.864669391115162	4.786828287683896
NDKSETL	HK19	6.27496337890625	-1	2.002283331678745	2.13947083258082	2.0708770821297824
NSRGKKL	HK19	7.09429931640625	3	0.2766981756072239	0.1732198071679893	0.2249589913876065
KSENKKL	HK19	6.81280517578125	2	0.2778685495548051	0.290972436566896	0.2844204930608505
KNRSKKS	HK19	7.43927001953125	4	0.1086181428336959	0.1222649276724964	0.1154415352530962
NNRGEES	HK19	6.27618408203125	-1	1.725044101138611	0.9698259262861032	1.3474350137123572
NDENEDS	HK19	5.91473388671875	-4	0.4484441996660889	0.3487617438926512	0.3986029717793701
NNRNEES	HK19	6.27618408203125	-1	1.2904483835167455	1.0839330528143103	1.187190718165528
NSENKDS	HK19	6.27496337890625	-1	0.2476059661829349	0.4216200585027305	0.3346130123428327
NSKSEDL	HK19	6.27496337890625	-1	0.8278305214042752	0.6763153142020665	0.7520729178031709
NDESKKL	HK19	6.42291259765625	0	0.7376833327237482	0.8585601171069266	0.7981217249153374
KSRNKES	HK19	6.81292724609375	2	0.1168631618939526	0.2347096881438676	0.1757864250189101
NDRSEKL	HK19	6.42303466796875	0	3.945597140871637	2.94332671121546	3.444461926043548
NSRGETL	HK19	6.42242431640625	0	0.1422040159467466	1.1512143189832988	0.6467091674650227
NSENEES	HK19	6.02752685546875	-3	0.3234640644422476	0.1609586723883121	0.2422113684152799
KDRSKTL	HK19	6.81231689453125	2	0.1346214591523834	0.1185858389398212	0.1266036490461023
KSENETL	HK19	6.27618408203125	-1	1.298167129951355	2.7494943109987355	2.023830720475045
NSRSKEL	HK19	6.59661865234375	1	0.3275001579379619	0.141500976899207	0.2345005674185844
NNKGKES	HK19	6.59649658203125	1	0.190272979083675	0.2128808247716387	0.2015769019276568
NNKNKTS	HK19	6.81195068359375	2	0.1903594668014403	0.4624847718653029	0.3264221193333716
NDKGEEL	HK19	6.14593505859375	-2	0.3532269478677216	0.4261427295607696	0.3896848387142456
KDRNKEL	HK19	6.59710693359375	1	3.335990129199699	1.0102870116802365	2.173138570439968
KDKSKTS	HK19	6.81219482421875	2	0.5895002842883315	0.4312056085507413	0.5103529464195364
NNKSKES	HK19	6.59649658203125	1	0.2395280410450519	0.146413104876671	0.1929705729608615
NSRNKEL	HK19	6.59661865234375	1	0.6521770386523208	0.6991586381272069	0.6756678383897639
KNENEDL	HK19	6.14593505859375	-2	0.6704093822957577	0.3147999261353144	0.4926046542155361
KNKGEDL	HK19	6.42291259765625	0	0.1206194778119726	0.3335380169767022	0.2270787473943374
KNRSKDL	HK19	6.81231689453125	2	0.2566782487838777	0.2285613147914033	0.2426197817876405
KSRSEKL	HK19	6.81292724609375	2	0.4308109853189824	0.3018843883452621	0.3663476868321222
KNEGKDS	HK19	6.42291259765625	0	0.1163194480893705	0.1759706058719507	0.1461450269806606
KSESKKL	HK19	6.81280517578125	2	0.1715477017770277	0.081921618204804	0.1267346599909158
KSRSKKL	HK19	7.43927001953125	4	0.096495582249578	0.1283682499548492	0.1124319161022136
KNKNKEL	HK19	6.81280517578125	2	0.2026407227241139	0.1218138844610564	0.1622273035925852
KDEGEDL	HK19	6.02703857421875	-3	0.1386333910921885	0.1642009727336465	0.1514171819129175
NSRSEKL	HK19	6.59661865234375	1	1.8179291174426684	3.586346396965866	2.7021377572042677
KDENKDS	HK19	6.27569580078125	-1	1.7068060873742483	3.445243893126533	2.5760249902503904
NSRSKES	HK19	6.59661865234375	1	0.4722791911727317	0.2157935308809472	0.3440363610268395
NDRSKEL	HK19	6.42303466796875	0	0.6043670677736732	0.3039723201809834	0.4541696939773283
KSEGETS	HK19	6.27618408203125	-1	0.882369513363259	1.5509755014179794	1.2166725073906193
KSEGEES	HK19	6.14739990234375	-2	0.3214973004757577	0.8542691821452885	0.587883241310523
KDKGETL	HK19	6.42291259765625	0	0.369596286729516	0.3032645564487274	0.3364304215891217
KDRNEDL	HK19	6.27569580078125	-1	2.268154054350609	1.5386173398097014	1.903385697080155
KDKSKDS	HK19	6.59625244140625	1	1.7025794056329966	1.2620748122257752	1.482327108929386
KSRGEEL	HK19	6.42401123046875	0	0.0858978015400868	0.1576872766601141	0.1217925391001004
KSKGETL	HK19	6.59649658203125	1	0.243314129435764	0.4320704702092084	0.3376922998224863
NSESKDL	HK19	6.27496337890625	-1	0.4613859807015345	0.1571283496715094	0.3092571651865219
NSRSKDS	HK19	6.59576416015625	1	2.196882755882061	3.054506050207694	2.6256944030448777
KSKSETL	HK19	6.59649658203125	1	0.7391002205637973	3.168229538833617	1.9536648796987075
NDENKDS	HK19	6.14434814453125	-2	0.8401667824878387	1.4404551201011375	1.1403109512944882
NNRGEDS	HK19	6.27496337890625	-1	0.1842188388401036	1.0290581880378862	0.6066385134389949
NNRSKKL	HK19	7.09429931640625	3	0.1470408872374523	0.0501560927784514	0.0985984900079518
NSKSEKL	HK19	6.59649658203125	1	1.7987210219331464	0.5053367235330047	1.1520288727330756
NDRGEDS	HK19	6.14447021484375	-2	1.3903816011727526	1.4261537183829025	1.4082676597778274
KNESEES	HK19	6.14739990234375	-2	0.7458304378040306	1.4643489254108724	1.1050896816074514
NNRGKES	HK19	6.59661865234375	1	0.1998837060884117	0.0978043809179803	0.148844043503196
KDRSKDS	HK19	6.59625244140625	1	1.6420242725342569	3.668142291385825	2.655083281960041
NDKGEDS	HK19	6.14434814453125	-2	1.4234461313765443	1.0288799845722	1.226163057974372
NNRNKDS	HK19	6.59576416015625	1	0.5096721207909533	0.7953844385702793	0.6525282796806162
KSEGEKS	HK19	6.42401123046875	0	1.3029352730146075	2.331647275504245	1.8172912742594265
NSRSEEL	HK19	6.27618408203125	-1	1.2045865184155664	1.1428065739570166	1.1736965461862914
NDKSEDL	HK19	6.14434814453125	-2	1.9367431906375492	1.1092042110915945	1.522973700864572
NSEGEKS	HK19	6.27618408203125	-1	0.4580767295296062	1.59323422991412	1.025655479721863
KDRGKKL	HK19	7.09417724609375	3	0.1630442596630802	0.1546623654038973	0.1588533125334887
KDRSEDL	HK19	6.27569580078125	-1	2.023364573746784	0.9199576314620562	1.4716611026044195
KDKNETS	HK19	6.42291259765625	0	1.046642676776364	0.8997183662740483	0.9731805215252064
KSESETS	HK19	6.27618408203125	-1	9.986346727711238	3.9997025358816094	6.993024631796423
NSKGKKS	HK19	7.09381103515625	3	0.1177423159559072	0.1691042577622102	0.1434232868590587
KSRGKDL	HK19	6.81231689453125	2	0.1713876759358177	0.123799460346812	0.1475935681413149
NDKNKES	HK19	6.42291259765625	0	1.877093010497056	1.664733515203939	1.7709132628504975
NNKGKTS	HK19	6.81195068359375	2	0.1957325162676101	0.1801344673026089	0.1879334917851094
KDENEKL	HK19	6.27691650390625	-1	3.446624258299032	4.686074102888262	4.066349180593647
NDEGKDL	HK19	6.14434814453125	-2	0.2251563585823488	0.2416687737041719	0.2334125661432604
NNRNKDL	HK19	6.59576416015625	1	0.743276782192696	0.6860540150047103	0.7146653985987031
KNRSEKS	HK19	6.81292724609375	2	0.1857539958304378	0.3870796460176991	0.2864168209240684
NDENKKL	HK19	6.42291259765625	0	0.9681723419041	1.667690084883511	1.3179312133938057
KNEGETL	HK19	6.27618408203125	-1	0.1241402625697274	0.191298048997164	0.1577191557834457
NNENEKL	HK19	6.27618408203125	-1	0.4653231410701876	1.0267509481668773	0.7460370446185325
KSKGEES	HK19	6.42401123046875	0	0.934094622767312	2.0292206239108896	1.481657623339101
KDKGKTL	HK19	6.81219482421875	2	0.2078366386913989	0.1505127955774654	0.1791747171344321
KDRGETL	HK19	6.42303466796875	0	0.2312182605441813	0.2438743557327628	0.237546308138472
NSEGKKS	HK19	6.59649658203125	1	0.1759361313573702	0.0857319260282833	0.1308340286928268
NNRNKES	HK19	6.59661865234375	1	0.2358318755840981	0.4004272200183094	0.3181295478012038
NDEGKES	HK19	6.14593505859375	-2	0.1486678348534169	0.4832983504618344	0.3159830926576257
NDKGEDL	HK19	6.14434814453125	-2	0.419886182221137	0.6376601633238802	0.5287731727725086
NDKNEKL	HK19	6.42291259765625	0	1.7546667944693393	2.6779894502811805	2.21632812237526
NDEGKTS	HK19	6.27496337890625	-1	0.2849134964051523	0.541614490027022	0.4132639932160872
KSRGKDS	HK19	6.81231689453125	2	0.1573535915092551	0.4733766233766234	0.3153651074429393
KNKSETS	HK19	6.59649658203125	1	0.2600736548330874	0.6781532886686453	0.4691134717508664
NSENEDL	HK19	6.02581787109375	-3	0.2277295741090042	0.2443604840166154	0.2360450290628098
KSKNEKS	HK19	6.81280517578125	2	0.4786788725766471	0.2989816538419423	0.3888302632092947
KNENEKL	HK19	6.42401123046875	0	0.6754690757470465	2.0601915085380385	1.3678302921425425
KNEGEDS	HK19	6.14593505859375	-2	0.237469596942321	0.5702512642225032	0.4038604305824121
KDKNEKS	HK19	6.59698486328125	1	1.066415807690675	0.5191881333815715	0.7928019705361231
KNRGKTL	HK19	7.09429931640625	3	0.1793486856293882	0.0966110118139413	0.1379798487216647
NSRNKES	HK19	6.59661865234375	1	0.3176863689586566	0.3400308262473373	0.3288585976029969
NSKSKTS	HK19	6.81195068359375	2	0.3680699754070732	0.4282489382802032	0.3981594568436382
NNESEDS	HK19	6.02581787109375	-3	0.3889064375513298	0.2290081599816113	0.3089572987664706
NSKGKDL	HK19	6.59576416015625	1	0.0879308856002072	0.2486733144323341	0.1683021000162707
KNRNEEL	HK19	6.42401123046875	0	0.1596563269947564	0.7060154005286748	0.4328358637617157
NSKGEDS	HK19	6.27496337890625	-1	1.096044160646151	0.9146625957111848	1.005353378178668
KNRNEKL	HK19	6.81292724609375	2	0.1777550199334333	0.2173078714485328	0.197531445690983
NNESKEL	HK19	6.27618408203125	-1	0.3640027797081306	0.2334766118836915	0.2987396957959111
KDRNKTS	HK19	6.81231689453125	2	0.4251836592872033	0.2962344229727289	0.3607090411299661
KDKSEKL	HK19	6.59698486328125	1	0.7263605814540158	1.0049425904438634	0.8656515859489395
KDRGEES	HK19	6.27691650390625	-1	1.014517755791284	3.606145006813028	2.310331381302156
NDKNKDS	HK19	6.42193603515625	0	3.924153678149508	10.297045847416085	7.110599762782797
KNKSKTS	HK19	7.09381103515625	3	0.134482530917964	0.2035066443187213	0.1689945876183426
NNESETS	HK19	6.14483642578125	-2	3.359089457769096	0.5313834694365668	1.9452364636028316
NDRSKTL	HK19	6.59576416015625	1	0.6462596022012284	0.15941504083097	0.4028373215160992
NSESKKL	HK19	6.59649658203125	1	0.17642848993393	0.1870747400796271	0.1817516150067786
NSKNEDL	HK19	6.27496337890625	-1	3.5387782396055965	0.8949550366147461	2.216866638110172
NSRGETS	HK19	6.42242431640625	0	1.3212005192285	3.510264055530377	2.4157322873794387
KSKNKDS	HK19	6.81219482421875	2	0.4078006774323661	0.4382520134732524	0.4230263454528092
KNKNETS	HK19	6.59649658203125	1	0.4520856018779445	0.4992703345710105	0.4756779682244775
KSKNKTS	HK19	7.09381103515625	3	0.1489388334721748	0.1602814269224426	0.1546101301973087
KNRGEKL	HK19	6.81292724609375	2	0.067151896419297	0.0517399693925078	0.0594459329059024
NSRNETS	HK19	6.42242431640625	0	1.6418100022942566	1.3687573721108883	1.5052836872025726
NNESEKL	HK19	6.27618408203125	-1	2.0264072272411395	0.4678984732082077	1.2471528502246736
NSESEDL	HK19	6.02581787109375	-3	0.2251563585823488	0.2527867076033953	0.238971533092872
KNENKKS	HK19	6.81280517578125	2	0.2714501893189065	0.2664366648156244	0.2689434270672655
NDKGKEL	HK19	6.42291259765625	0	0.0720500347463516	0.142543615676359	0.1072968252113553
NSKGKKL	HK19	7.09381103515625	3	0.1247681732271614	0.1361881678436551	0.1304781705354082
KSENKKS	HK19	6.81280517578125	2	0.3468624983565914	0.3121877882939829	0.3295251433252872
KNEGKDL	HK19	6.42291259765625	0	0.1816602438562132	0.1787380760832088	0.180199159969711
KSESKES	HK19	6.42401123046875	0	1.388673854049794	0.3130412673300892	0.8508575606899416
KNKSKES	HK19	6.81280517578125	2	0.1298978991821243	0.2066045206373904	0.1682512099097574
NDENKTS	HK19	6.27496337890625	-1	0.5789734934974684	0.9028096700121262	0.7408915817547973
NDKSKES	HK19	6.42291259765625	0	0.9656034438531604	0.930277704714956	0.9479405742840584
KDKSEDS	HK19	6.27569580078125	-1	2.192147324530924	2.2664981036662453	2.2293227140985845
KDRNEKL	HK19	6.59710693359375	1	0.7632268690527652	1.1117473147714942	0.9374870919121296
NSKGEKL	HK19	6.59649658203125	1	0.0785429157845403	0.2686267015552877	0.173584808669914
KSRGEKL	HK19	6.81292724609375	2	0.1718649127640414	0.1047045534451933	0.1382847331046174
KSRNEDS	HK19	6.42303466796875	0	1.3238207798400146	0.8772190796091061	1.1005199297245605
KSRNKDS	HK19	6.81231689453125	2	0.1914834210265064	0.2912971825898501	0.2413903018081782
NSKNKTS	HK19	6.81195068359375	2	0.1503974113968033	0.2102441529709229	0.1803207821838631
KDRNETL	HK19	6.42303466796875	0	3.5256679651010527	2.572873611512303	3.0492707883066776
NNKGKDL	HK19	6.59576416015625	1	0.0735659389427476	0.1350490042683156	0.1043074716055316
KNRNEES	HK19	6.42401123046875	0	0.4631787947979747	0.8384092468845946	0.6507940208412847
KNESEEL	HK19	6.14739990234375	-2	0.2412389556239452	0.3094003973270724	0.2753196764755088
KSKSKEL	HK19	6.81280517578125	2	0.2637105295724771	0.2019985106419825	0.2328545201072298
NDKSKEL	HK19	6.42291259765625	0	0.3988484066315894	0.7443164168322196	0.5715824117319045
NSESEES	HK19	6.02752685546875	-3	0.2787650153876699	0.2282102221419541	0.2534876187648121
KSKSKDS	HK19	6.81219482421875	2	0.5551800622578464	0.5319294113572207	0.5435547368075335
NSESKTL	HK19	6.42230224609375	0	0.447904627768095	0.1892520805586917	0.3185783541633933
NDRSEES	HK19	6.14593505859375	-2	1.552141705971937	1.673292627161955	1.612717166566946
NNENEDL	HK19	6.02581787109375	-3	0.6712473940236275	0.1843236409608091	0.4277855174922183
KDENEKS	HK19	6.27691650390625	-1	6.358358744571567	6.530987808428416	6.444673276499992
KSEGEDL	HK19	6.14593505859375	-2	0.2071438498957609	0.1507357774968394	0.1789398136963002
KNKGEEL	HK19	6.42401123046875	0	0.2629071252907666	0.2163319378941232	0.2396195315924449
KSENKTL	HK19	6.59649658203125	1	0.3397569003757599	0.9734937205235548	0.6566253104496573
KNEGKTL	HK19	6.59649658203125	1	0.1279836143520719	0.1138279326635172	0.1209057735077945
NDKGKKL	HK19	6.81219482421875	2	0.1919754215281079	0.1202954288375806	0.1561354251828443
NNRNEDL	HK19	6.27496337890625	-1	0.3510912710097643	0.2999164327497911	0.3255038518797777
KNENETL	HK19	6.27618408203125	-1	1.40883550084384	0.5301499006682319	0.969492700756036
KNRGKEL	HK19	6.81292724609375	2	0.4122993059754699	0.3032163790697292	0.3577578425225995
KDKGEKS	HK19	6.59698486328125	1	0.561259328640058	0.3276864728192161	0.4444729007296371
KNKGKEL	HK19	6.81280517578125	2	0.1162097334618574	0.0792789853594877	0.0977443594106726
KSKSEEL	HK19	6.42401123046875	0	1.839849101558622	1.0181686834025645	1.4290088924805933
NDESETS	HK19	6.02581787109375	-3	5.882483115971851	2.798856062744713	4.340669589358282
KNRNEKS	HK19	6.81292724609375	2	0.2516453419449781	0.3007005279988101	0.2761729349718941
NNRNEDS	HK19	6.27496337890625	-1	0.3414459064215839	1.4705380586543673	0.9059919825379756
KSESKKS	HK19	6.81280517578125	2	0.2648898336262927	0.2385364765375176	0.2517131550819052
KSKNETS	HK19	6.59649658203125	1	4.061119402134907	3.112350003108744	3.586734702621825
KSESEKL	HK19	6.42401123046875	0	1.807730188330225	3.0128295846255995	2.4102798864779125
KDKGETS	HK19	6.42291259765625	0	0.7683774616304694	2.5325657137217488	1.6504715876761091
KDKSKEL	HK19	6.59698486328125	1	0.4315496872828352	0.3003792667509481	0.3659644770168917
NSEGEES	HK19	6.02752685546875	-3	0.2009660060073857	0.2132670225992832	0.2071165143033345
NNRSETS	HK19	6.42242431640625	0	1.5661975272816135	1.669040441227546	1.6176189842545798
KSKNEEL	HK19	6.42401123046875	0	0.4135524953553346	0.6269511597306432	0.5202518275429889
NNESEKS	HK19	6.27618408203125	-1	1.078152563211632	0.404094135952543	0.7411233495820875
KDENEDL	HK19	6.02703857421875	-3	0.8044421355175182	1.519924392129908	1.162183263823713
NSKNKTL	HK19	6.81195068359375	2	0.1766134739338608	0.3618831116111298	0.2692482927724953
KDESEDL	HK19	6.02703857421875	-3	0.6267866198373495	0.8468924044145284	0.736839512125939
KDEGKES	HK19	6.27691650390625	-1	0.5533963512144477	0.3952964830243858	0.4743464171194168
NNRSKDL	HK19	6.59576416015625	1	0.3002084781097984	0.5324905183312263	0.4163494982205123
KSKNKEL	HK19	6.81280517578125	2	0.2107463516330785	0.159255625790139	0.1850009887116088
KNEGKTS	HK19	6.59649658203125	1	0.3340231693254626	0.2403634292382712	0.2871932992818669
NNESEEL	HK19	6.02752685546875	-3	0.9231410701876304	0.466953223767383	0.6950471469775066
KNKNKTS	HK19	7.09381103515625	3	0.2589657798391233	0.1955126159712096	0.2272391979051664
NSKGETL	HK19	6.42230224609375	0	0.4093751974224524	3.8596253304217902	2.1345002639221216
NDENKKS	HK19	6.42291259765625	0	1.6517329742876998	0.4896096713021491	1.0706713227949245
NSKNEEL	HK19	6.27618408203125	-1	0.4856678478511823	0.3534139231645266	0.4195408855078544
NNRGKDL	HK19	6.59576416015625	1	0.1736018652620913	0.096468447605657	0.1350351564338742
KNRGKES	HK19	6.81292724609375	2	0.1519805420430854	0.1869568358316778	0.1694686889373816
NDEGEKS	HK19	6.14593505859375	-2	2.062778639012134	1.1569853155693863	1.6098819772907602
KNRNKEL	HK19	6.81292724609375	2	0.145689408494461	0.1995032349222875	0.1725963217083742
NSRNKKS	HK19	7.09429931640625	3	0.1812947302870861	0.1372453084210353	0.1592700193540607
NNEGEES	HK19	6.02752685546875	-3	0.3104978815934004	0.2199991843725786	0.2652485329829895
NDRGKTL	HK19	6.59576416015625	1	0.1004543753675094	0.117210930662258	0.1088326530148837
NNKSKDS	HK19	6.59576416015625	1	0.6157337153068315	0.5617482391186563	0.5887409772127439
KNKSKEL	HK19	6.81280517578125	2	0.1486678348534169	0.1552199081775234	0.1519438715154702
NNESEES	HK19	6.02752685546875	-3	0.3039610840861709	0.4202579013906447	0.3621094927384078
KDEGEES	HK19	6.02874755859375	-3	0.4989260218586139	0.6842316975060337	0.5915788596823238
NDESKDS	HK19	6.14434814453125	-2	2.10828226672563	3.522629582806574	2.815455924766102
KDKNKDS	HK19	6.59625244140625	1	0.7985009431152585	1.91564926855698	1.3570751058361197
NNESETL	HK19	6.14483642578125	-2	0.5798838291790682	0.3547360637358968	0.4673099464574825
NNRGKKS	HK19	7.09429931640625	3	0.2345940502594533	0.3046306880549899	0.2696123691572216
KDEGKDL	HK19	6.27569580078125	-1	0.3859823289983123	0.3428755874407755	0.3644289582195439
NDKGKDS	HK19	6.42193603515625	0	1.2858326984100403	1.1340715580399985	1.2099521282250194
NDKSEKL	HK19	6.42291259765625	0	1.9167156679317905	1.1216960031119323	1.5192058355218614
NDESKEL	HK19	6.14593505859375	-2	0.3555100398668666	0.271634839310666	0.3135724395887663
NNEGKEL	HK19	6.27618408203125	-1	0.1881053122333547	0.0933284258029413	0.140716869018148
NSESETL	HK19	6.14483642578125	-2	1.0703586892607044	0.7769950403578723	0.9236768648092883
KDKGEDS	HK19	6.27569580078125	-1	0.9379370594658988	3.27780097525736	2.107869017361629
KNRNEDS	HK19	6.42303466796875	0	1.105767894371091	1.253400758533502	1.1795843264522965
NNKNEEL	HK19	6.27618408203125	-1	0.4588091835262957	0.2782243637144289	0.3685167736203623
KSKNEDS	HK19	6.42291259765625	0	1.232386436158897	1.47759849325318	1.3549924647060383
NSKSKDS	HK19	6.59576416015625	1	0.9569145239749828	0.5529709228824273	0.7549427234287049
NDKSKDS	HK19	6.42193603515625	0	2.444904371997462	2.9491782553729458	2.697041313685204
NDKNKTL	HK19	6.59576416015625	1	0.4191526853966048	0.427894166516164	0.4235234259563843
KDKSEKS	HK19	6.59698486328125	1	1.2370036085970009	1.7321980716798928	1.4846008401384467
KSKGEDL	HK19	6.42291259765625	0	0.2055775447925794	0.4533674647234808	0.3294725047580301
KNENKTS	HK19	6.59649658203125	1	0.315447487150905	0.2152001899542441	0.2653238385525746
NNEGKDS	HK19	6.27496337890625	-1	0.3108853486701887	0.1295664087088532	0.2202258786895209
NDRGETS	HK19	6.27496337890625	-1	1.109191324384624	2.685304411471156	1.89724786792789
NDKNKTS	HK19	6.59576416015625	1	1.265818064712961	0.7642687552033548	1.015043409958158
KNRNKKL	HK19	7.43927001953125	4	0.0978138279087253	0.1047522331143396	0.1012830305115324
KDESEKS	HK19	6.27691650390625	-1	3.377345378735233	2.544450601178148	2.96089798995669
NSKNEDS	HK19	6.27496337890625	-1	3.707894075377404	1.4785109072813836	2.593202491329394
KDRGKTS	HK19	6.81231689453125	2	0.1959910271597647	0.2998840583507464	0.2479375427552556
KDKSEEL	HK19	6.27691650390625	-1	1.5089107579188057	1.183238856490355	1.3460748072045805
NNKGETS	HK19	6.42230224609375	0	0.8050110902738774	0.6817449734166913	0.7433780318452843
KDRGETS	HK19	6.42303466796875	0	2.504333460081031	1.5232783913364978	2.0138059257087644
KSKGKES	HK19	6.81280517578125	2	0.1631234842790486	0.1880853479191929	0.1756044160991208
NNKNEKL	HK19	6.59649658203125	1	0.2909712941679585	0.6578936108139648	0.4744324524909616
KDENKDL	HK19	6.27569580078125	-1	2.3740170439998534	2.2377536762259638	2.3058853601129083
NSRNKDS	HK19	6.59576416015625	1	0.8720102449443478	4.665422457496332	2.76871635122034
NNRGKKL	HK19	7.09429931640625	3	0.2037128958602203	0.074119559328156	0.1389162275941882
KNENKKL	HK19	6.81280517578125	2	0.2032759600994246	0.3674916478090112	0.2853838039542179
NNEGETL	HK19	6.14483642578125	-2	0.2199201641967128	0.2314762002763649	0.2256981822365388
KSENEDL	HK19	6.14593505859375	-2	0.4186791791820536	0.3625539384187816	0.3906165588004176
KNESKEL	HK19	6.42401123046875	0	0.158385852244135	0.1474589127686472	0.1529223825063911
KDENEDS	HK19	6.02703857421875	-3	9.18433771003163	0.947154225592067	5.065745967811848
KSKGETS	HK19	6.59649658203125	1	0.8790350985749237	0.8012607588798643	0.840147928727394
NSRNEES	HK19	6.27618408203125	-1	1.0670453515424358	1.2662232726872973	1.1666343121148666
KSKGKTL	HK19	7.09381103515625	3	0.094142031463003	0.1078967654404736	0.1010193984517383
KDRNEDS	HK19	6.27569580078125	-1	2.3208896580845386	4.244968428884901	3.28292904348472
NSRSEKS	HK19	6.59661865234375	1	1.2414026256972748	1.580865821573786	1.4111342236355304
NDRGKES	HK19	6.42303466796875	0	2.1048708067471096	0.3202390529824158	1.2125549298647629
NNEGKKL	HK19	6.59649658203125	1	0.0401630261255	0.255064065329552	0.147613545727526
NSKSEEL	HK19	6.27618408203125	-1	1.188825573314802	1.3467914032869786	1.2678084883008902
KDRNKDL	HK19	6.59625244140625	1	2.8730358877928674	2.2335688257603925	2.55330235677663
KDKSKDL	HK19	6.59625244140625	1	2.627532222324203	0.7813467547646877	1.7044394885444454
KSENEKL	HK19	6.42401123046875	0	2.4181176045008423	5.13412881215039	3.776123208325616
NSRGEES	HK19	6.27618408203125	-1	0.3498832622574629	0.5410362986475548	0.4454597804525089
NDENKES	HK19	6.14593505859375	-2	0.2260867567583089	0.2528737553677216	0.2394802560630153
KSKSKKS	HK19	7.43829345703125	4	0.1120446334177565	0.1712200645891876	0.141632349003472
KDKNKKS	HK19	7.09381103515625	3	0.1788006376977476	0.1668087248514109	0.1728046812745793
NNRSEDL	HK19	6.27496337890625	-1	0.2966587156997164	0.3487204018177469	0.3226895587587317
KNESEDL	HK19	6.14593505859375	-2	0.4872235956208204	0.4149800004144992	0.4511017980176598
KNKGEDS	HK19	6.42291259765625	0	0.5907144008434247	0.9335326606836416	0.7621235307635332
NSESKES	HK19	6.27618408203125	-1	0.0977652609633883	0.1261161753942378	0.111940718178813
KDRNKDS	HK19	6.59625244140625	1	1.813365032664149	2.6455059118234123	2.2294354722437806
NDEGKTL	HK19	6.27496337890625	-1	0.1698106615006541	0.2100671662346651	0.1899389138676596
KDESKKL	HK19	6.59698486328125	1	0.3389195713397461	0.6700326036329763	0.5044760874863612
NDKSKKS	HK19	6.81219482421875	2	0.2424760784732987	0.1276086745113293	0.185042376492314
KNENKEL	HK19	6.42401123046875	0	0.1151023537147433	0.1355563996303708	0.125329376672557
KDEGKTS	HK19	6.42291259765625	0	1.787808697997158	3.1069079381851807	2.4473583180911693
KDKNEDS	HK19	6.27569580078125	-1	3.1485865184155664	3.586200758533502	3.3673936384745344
NNKNEDS	HK19	6.27496337890625	-1	3.0209420975621675	1.0929743534359535	2.0569582254990606
NNKNEES	HK19	6.27618408203125	-1	0.6114159737365508	0.1779676533414708	0.3946918135390108
KSEGKTL	HK19	6.59649658203125	1	0.3637141177099481	0.1673091510259652	0.2655116343679566
NDESKTL	HK19	6.27496337890625	-1	0.347523944768408	0.3846754246138624	0.3660996846911352
NNRNEKL	HK19	6.59661865234375	1	0.2867098954609766	0.6418175699642562	0.4642637327126164
NNRGETS	HK19	6.42242431640625	0	0.8032605225100014	0.6509447500597944	0.7271026362848978
KNKSKKL	HK19	7.43829345703125	4	0.2115480072394596	0.0810213806421139	0.1462846939407867
KSRGKTL	HK19	7.09429931640625	3	0.1220202201349503	0.142702173647078	0.1323611968910141
KNKGKKS	HK19	7.43829345703125	4	0.093815149409312	0.102402022756005	0.0981085860826585
KNKSETL	HK19	6.59649658203125	1	0.28103457896045	0.306757592255945	0.2938960856081976
KNEGEKL	HK19	6.42401123046875	0	0.1170367210452803	0.1167991388266513	0.1169179299359658
KDKSKES	HK19	6.59698486328125	1	0.944511843205616	0.8216460605541152	0.8830789518798656
KNENKDS	HK19	6.42291259765625	0	0.3453146147834028	0.5883647392265229	0.4668396770049628
NDEGKDS	HK19	6.14434814453125	-2	1.1634731657140758	0.3118073926385493	0.7376402791763126
NNKSKDL	HK19	6.59576416015625	1	0.4624365210883626	0.5841641544296411	0.5233003377590019
NDRGKDL	HK19	6.42193603515625	0	0.1780525178747445	0.1079720072573777	0.1430122625660611
NSESEEL	HK19	6.02752685546875	-3	0.3002084781097984	0.3522629582806574	0.3262357181952279
KSRSEKS	HK19	6.81292724609375	2	1.0235954455551397	0.5444636779150054	0.7840295617350725
NSKGKEL	HK19	6.59649658203125	1	0.217324833066441	0.1795151981531358	0.1984200156097884
NDESEDS	HK19	5.91473388671875	-4	0.638173237208866	1.3207976235719328	0.9794854303903994
KDEGEKS	HK19	6.27691650390625	-1	2.320842465387288	2.317211486364457	2.3190269758758726
NSEGEEL	HK19	6.02752685546875	-3	0.1350938151494093	0.2730720606826801	0.2040829379160447
NDKNKKL	HK19	6.81219482421875	2	0.2375590393517155	0.2717992671794982	0.2546791532656068
KSRNEKS	HK19	6.81292724609375	2	0.2955177206393328	0.3194943109987358	0.3075060158190343
KNRGKDS	HK19	6.81231689453125	2	0.2436117978104102	0.1353721166400696	0.1894919572252399
NDKSEKS	HK19	6.42291259765625	0	1.1257817929117442	2.88653231203986	2.0061570524758023
NNEGETS	HK19	6.14483642578125	-2	0.1444399281471672	0.7651170002146793	0.4547784641809232
NDRNKDS	HK19	6.42193603515625	0	2.9443523814614845	2.348944860449285	2.646648620955385
KNESETS	HK19	6.27618408203125	-1	2.227610781718983	1.5020415848508486	1.864826183284916
KNKSKDL	HK19	6.81219482421875	2	0.4903151158976023	0.2470123919474802	0.3686637539225412
KNKNEKS	HK19	6.81280517578125	2	0.2082944286444637	0.3020634116185947	0.2551789201315292
NNKGKTL	HK19	6.81195068359375	2	0.1192004251318317	0.1156540492303116	0.1174272371810716
NSRSEES	HK19	6.27618408203125	-1	2.24513054700685	1.1866931551381614	1.7159118510725058
NNESKTL	HK19	6.42230224609375	0	0.2343464140346896	0.3661394772826956	0.3002429456586926
KNRSEDS	HK19	6.42303466796875	0	0.6892541589255577	0.8539074795531361	0.771580819239347
NSRGEDL	HK19	6.27496337890625	-1	0.141706799107772	0.2371716778796424	0.1894392384937072
KNRNETS	HK19	6.59661865234375	1	0.8988313597590181	1.321842843543651	1.1103371016513344
KNEGEDL	HK19	6.14593505859375	-2	0.1312652454893046	0.2268598657979189	0.1790625556436117
NSENKTL	HK19	6.42230224609375	0	0.1098977464509083	0.1960267292757811	0.1529622378633447
KSENKTS	HK19	6.59649658203125	1	0.3950211556900449	0.515172910432236	0.4550970330611404
KNKGKES	HK19	6.81280517578125	2	0.175446513181051	0.105327794834748	0.1403871540078995
KSKGEEL	HK19	6.42401123046875	0	0.2539763724808895	0.76088798988622	0.5074321811835547
NSRNEEL	HK19	6.27618408203125	-1	0.3977060913277002	1.6537448160969788	1.0257254537123397
NSKNKKL	HK19	7.09381103515625	3	0.15638939192173	0.130751745312101	0.1435705686169155
NSRNETL	HK19	6.42242431640625	0	1.2927851847079237	2.9980057099321	2.145395447320012
KDRNEKS	HK19	6.59710693359375	1	1.1089790795847032	1.306772081438572	1.2078755805116377
NSRNEKS	HK19	6.59661865234375	1	0.5643721882886508	1.8965932530441143	1.2304827206663826
KSESEES	HK19	6.14739990234375	-2	5.537921121022018	0.7574944149074347	3.1477077679647265
NDKGETS	HK19	6.27496337890625	-1	1.4264317540775866	1.292434000148732	1.3594328771131594
KNKGETS	HK19	6.59649658203125	1	0.2708101824423642	0.465480899753564	0.3681455410979641
KNRSKEL	HK19	6.81292724609375	2	0.1984190410006949	0.1981479140328697	0.1982834775167823
KDENKES	HK19	6.27691650390625	-1	0.8684602402462027	0.918107278309554	0.8932837592778784
NNKNETS	HK19	6.42230224609375	0	1.051198749131341	1.1197661188369157	1.0854824339841282
NNKSEDS	HK19	6.27496337890625	-1	0.494365048191679	0.5182432803825647	0.5063041642871219
KDEGETS	HK19	6.14593505859375	-2	0.752605976372481	1.0877370417193426	0.9201715090459116
KSKGKTS	HK19	7.09381103515625	3	0.1260558486429347	0.1453820266733142	0.1357189376581244
KSRNKDL	HK19	6.81231689453125	2	0.2947168596077899	0.3536616200548858	0.3241892398313378
KNENKTL	HK19	6.59649658203125	1	0.1741775604127604	0.1854829091429525	0.1798302347778564
KDEGKDS	HK19	6.27569580078125	-1	1.0479499652536484	1.027054361567636	1.0375021634106425
NSENETL	HK19	6.14483642578125	-2	0.4792179253610802	0.3487204018177469	0.4139691635894136
KDKGKDS	HK19	6.59625244140625	1	1.1639347796882282	0.6510715718902088	0.9075031757892184
KDENETS	HK19	6.14593505859375	-2	2.824088311803055	3.9785063628411312	3.4012973373220934
NNRSKEL	HK19	6.59661865234375	1	0.421492703266157	0.0766786346396965	0.2490856689529268
KSRGKKL	HK19	7.43927001953125	4	0.1346130542414043	0.183667684943155	0.1591403695922796
KDRNEEL	HK19	6.27691650390625	-1	2.551772063933287	1.1540262738415874	1.8528991688874368
NSRNEDS	HK19	6.27496337890625	-1	1.0399548641452054	1.0438923032631962	1.041923583704201
NSKGEES	HK19	6.27618408203125	-1	0.6665813247503748	0.8634107392374742	0.7649960319939245
KSKSKES	HK19	6.81280517578125	2	0.2147645266477789	0.1058679373723621	0.1603162320100705
KDENKEL	HK19	6.27691650390625	-1	0.8188162107930436	2.183435026686883	1.5011256187399633
NNRSEEL	HK19	6.27618408203125	-1	2.124172488204528	0.2328298622662851	1.1785011752354069
KSRSKTL	HK19	7.09429931640625	3	0.096495582249578	0.1128512087515157	0.1046733955005469
NSKGETS	HK19	6.42230224609375	0	2.9530838104974184	1.8097230203424892	2.381403415419954
NDKNEKS	HK19	6.42291259765625	0	1.484414076641713	1.1655435021234395	1.3249787893825764
NDRSEEL	HK19	6.14593505859375	-2	3.863973637606761	2.647918111006892	3.2559458743068266
NDENEES	HK19	5.91680908203125	-4	0.2927032661570535	0.3145790139064475	0.3036411400317505
KDESKKS	HK19	6.59698486328125	1	4.63366529393791	1.9307363481186697	3.28220082102829
NNRSEDS	HK19	6.27496337890625	-1	1.3178732317022797	1.4591214095638874	1.3884973206330835
NNKGEDS	HK19	6.27496337890625	-1	3.464337608187504	1.4522468681760718	2.458292238181788
KNRSEKL	HK19	6.81292724609375	2	0.2769909159538248	0.1856497103202394	0.2313203131370321
KSRNKEL	HK19	6.81292724609375	2	0.1681298572820159	0.1931776149807606	0.1806537361313883
NNEGKES	HK19	6.27618408203125	-1	0.0709055935867065	0.2321866858511849	0.1515461397189457
KSEGEDS	HK19	6.14593505859375	-2	0.7201499095513259	0.398770211572801	0.5594600605620634
NSKNEKL	HK19	6.59649658203125	1	0.6463121372255913	0.4720806919571801	0.5591964145913857
NNKGETL	HK19	6.42230224609375	0	0.0794669500878878	0.3415408641332639	0.2105039071105759
KSRSEEL	HK19	6.42401123046875	0	1.3301544876249531	1.7127919867742878	1.5214732371996205
NNKGKDS	HK19	6.59576416015625	1	0.2039651718922454	0.1445675615378895	0.1742663667150674
NNESKKS	HK19	6.59649658203125	1	0.6800955762658619	0.3686472819216182	0.52437142909374
KNEGETS	HK19	6.27618408203125	-1	0.8064273659429025	0.5304006811321241	0.6684140235375133
NDKSKKL	HK19	6.81219482421875	2	0.2063933287004864	0.3481668773704172	0.2772801030354518
KSRNKKL	HK19	7.43927001953125	4	0.1317478383036035	0.0844578912142407	0.1081028647589221
KDKGEEL	HK19	6.27691650390625	-1	0.4332554172720955	2.1113435237329043	1.2722994705025
NNKSKKL	HK19	7.09381103515625	3	0.1164601854736287	0.3940712323989712	0.2552657089362999
NSKGKDS	HK19	6.59576416015625	1	0.3249091756757945	0.4821968666485302	0.4035530211621623
NNRNKTS	HK19	6.81207275390625	2	0.1297960184768834	0.1272194541533427	0.1285077363151131
NDKGETL	HK19	6.27496337890625	-1	0.1531063238359972	0.2654260429835651	0.2092661834097811
NDKSEDS	HK19	6.14434814453125	-2	7.049125995616614	2.67032967032967	4.859727832973142
NDRNEDL	HK19	6.14447021484375	-2	2.8863946846556723	0.7049255342110943	1.7956601094333833
KDKGKKS	HK19	7.09381103515625	3	0.154907574704656	0.1494250316055625	0.1521663031551093
KSRSEDS	HK19	6.42303466796875	0	4.045309242529534	4.403286978508217	4.224298110518875
KNRSKKL	HK19	7.43927001953125	4	0.1740899679760429	0.0608077990798545	0.1174488835279487
KDKNKEL	HK19	6.59698486328125	1	0.4229774404039013	0.6784052216832335	0.5506913310435674
NSEGKES	HK19	6.27618408203125	-1	0.2567572510149592	0.1293499234812695	0.1930535872481144
NDEGETL	HK19	6.02581787109375	-3	1.381641291300777	1.0472934145500516	1.2144673529254142
KNRSKDS	HK19	6.81231689453125	2	0.378147217619073	0.9074394631916756	0.6427933404053744
KSRGEDL	HK19	6.42303466796875	0	0.249020857418266	0.1596905276526825	0.2043556925354742
KNRSEDL	HK19	6.42303466796875	0	0.4712574947072417	0.302919471966601	0.3870884833369213
KDKSEDL	HK19	6.27569580078125	-1	1.7710863804276626	0.8290154186754094	1.300050899551536
NDRNEKS	HK19	6.42303466796875	0	4.10299215725206	4.048800433447715	4.075896295349887
KDENEEL	HK19	6.02874755859375	-3	0.4593189715079916	1.5892793931731983	1.024299182340595
KNENETS	HK19	6.27618408203125	-1	0.43246495703317	1.604964385927045	1.0187146714801076
NNKNKES	HK19	6.59649658203125	1	0.1747482186012259	0.414498933901919	0.2946235762515725
NNKSEDL	HK19	6.27496337890625	-1	1.4233098381812768	0.5705255553548854	0.9969176967680812
NNRGKDS	HK19	6.59576416015625	1	0.3171767833942653	0.3237684823833343	0.3204726328887998
KDKGEKL	HK19	6.59698486328125	1	0.1947981978746164	0.1656841716501655	0.1802411847623909
NSKSEKS	HK19	6.59649658203125	1	0.6461008550623923	2.596559116143572	1.621329985602982
KSRGKES	HK19	6.81292724609375	2	0.1941631756195963	0.0985049417280437	0.14633405867382
KDRNKKL	HK19	7.09417724609375	3	0.1315387147507406	0.2173078714485328	0.1744232930996367
NDEGEDL	HK19	5.91473388671875	-4	0.0270187630298818	0.1238654867256637	0.0754421248777728
NDEGEDS	HK19	5.91473388671875	-4	0.2560844298161879	0.1944513135410733	0.2252678716786306
KNRGEKS	HK19	6.81292724609375	2	0.6383553902664396	0.1782470374126505	0.4083012138395451
KSKNEES	HK19	6.42401123046875	0	0.739799463913432	0.4774860032508579	0.6086427335821449
NNESKES	HK19	6.27618408203125	-1	0.1842188388401036	0.1279602135595699	0.1560895261998368
NSRGKDL	HK19	6.59576416015625	1	0.2792441989121868	0.1812344179279463	0.2302393084200666
NDEGKEL	HK19	6.14593505859375	-2	0.2030551209300937	0.0859423111228312	0.1444987160264624
KSRSKTS	HK19	7.09429931640625	3	0.1924723710462014	0.1347742751111292	0.1636233230786653
KNESEKL	HK19	6.42401123046875	0	0.5521225488714989	0.5770131369207937	0.5645678428961463
KDKSETS	HK19	6.42291259765625	0	2.186470989266506	5.842447918226973	4.014459453746739
KNRSEEL	HK19	6.42401123046875	0	0.5471299513551078	0.3096637168141593	0.4283968340846335
NDENEDL	HK19	5.91473388671875	-4	0.4410415729877774	0.316602959767978	0.3788222663778777
NNKSETL	HK19	6.42230224609375	0	0.8202124491214136	1.825681777135633	1.3229471131285233
KNKSKTL	HK19	7.09381103515625	3	0.0907346519660211	0.1137120969111459	0.1022233744385835
KDKNETL	HK19	6.42291259765625	0	1.137993663207736	1.1721733913304335	1.1550835272690847
KDKSKKL	HK19	7.09381103515625	3	0.1937600536007464	0.1233719987307407	0.1585660261657435
KDESKDS	HK19	6.27569580078125	-1	2.140926409623541	2.383495357251842	2.2622108834376915
KNKNKDS	HK19	6.81219482421875	2	0.2963076402965214	0.4383913622851676	0.3673495012908445
NDRGKDS	HK19	6.42193603515625	0	1.934818200021201	0.7560393408900983	1.3454287704556496
KSRGKKS	HK19	7.43927001953125	4	0.1010544286550699	0.1451367251659914	0.1230955769105306
NSKSKDL	HK19	6.59576416015625	1	0.4669909659485753	0.9011378002528446	0.68406438310071
KDRSEEL	HK19	6.27691650390625	-1	1.0073469453337458	3.021629166270836	2.014488055802291
NSKSKKS	HK19	7.09381103515625	3	0.2533009034051424	0.1351706700379266	0.1942357867215345
KDRNKTL	HK19	6.81231689453125	2	0.2065968322783808	0.3966356872735849	0.3016162597759828
NNKGEKS	HK19	6.59649658203125	1	0.1661868360964955	0.2282102221419541	0.1971985291192248
KNKNETL	HK19	6.59649658203125	1	0.4316412142578688	0.7804532700194259	0.6060472421386474
KSRSKKS	HK19	7.43927001953125	4	0.1839305464475525	0.103844304766653	0.1438874256071028
KSKSEKS	HK19	6.81280517578125	2	0.3704185254096706	0.4399983687451572	0.4052084470774139
NNRNKKS	HK19	7.09429931640625	3	0.1409674592863401	0.2211883691529709	0.1810779142196555
NDRNEKL	HK19	6.42303466796875	0	0.7103319957856037	5.222899555483055	2.966615775634329
NSKGKES	HK19	6.59649658203125	1	0.1234728418032235	0.1268463765751804	0.125159609189202
NNRNKTL	HK19	6.81207275390625	2	0.1204097048070822	0.240422140383664	0.1804159225953731
KDKNEDL	HK19	6.27569580078125	-1	6.58639206519679	2.755545339616136	4.670968702406463
NSRNKDL	HK19	6.59576416015625	1	1.671588841148333	1.305326951551255	1.488457896349794
KNKGKTL	HK19	7.09381103515625	3	0.1444399281471672	0.1205638909429191	0.1325019095450431
KSRGEKS	HK19	6.81292724609375	2	0.1553217660808716	0.3351338926560165	0.2452278293684441
KNRSETS	HK19	6.59661865234375	1	1.150029400759074	0.9944024117475446	1.0722159062533094
NSKNETL	HK19	6.42230224609375	0	2.293874847838964	0.9352259903783336	1.6145504191086486
NDRGEDL	HK19	6.14447021484375	-2	0.9391796053195236	0.4393467606463122	0.6892631829829179
NSRGKTL	HK19	6.81207275390625	2	0.1188010937243549	0.4149597545248366	0.2668804241245957
NDESEKS	HK19	6.14593505859375	-2	0.9915142396286922	1.562523341722822	1.2770187906757573
KSEGEKL	HK19	6.42401123046875	0	0.1182070882557331	0.2073640960809102	0.1627855921683217
NNKNETL	HK19	6.42230224609375	0	1.1856135525350258	0.6135528188625534	0.8995831856987896
NSRGKEL	HK19	6.59661865234375	1	0.1021057905199023	0.1843236409608091	0.1432147157403557
KDRGKDL	HK19	6.59625244140625	1	0.2416466834362673	0.207688609533306	0.2246676464847867
KSESEDS	HK19	6.14593505859375	-2	0.6785818364647749	1.3930450284595712	1.035813432462173
KDKNEES	HK19	6.27691650390625	-1	2.2515635858234884	1.5679797724399491	1.909771679131719
NNESKDL	HK19	6.27496337890625	-1	0.2882001389854065	0.122882427307206	0.2055412831463063
KDKGKEL	HK19	6.59698486328125	1	0.2495709034888686	0.1539731619271015	0.201772032707985
NSRGKKS	HK19	7.09429931640625	3	0.1063238359972203	0.163843236409608	0.1350835362034141
KDKNKTL	HK19	6.81219482421875	2	0.2153242031857397	0.3557687742562341	0.285546488720987
KNESKDS	HK19	6.42291259765625	0	1.333360889299932	0.7647032836887098	1.049032086494321
NSKGKTS	HK19	6.81195068359375	2	0.0637234977119855	0.173890227321518	0.1188068625167517
KSENEEL	HK19	6.14739990234375	-2	0.4125619504562799	0.3796846256917265	0.3961232880740032
NDRNKES	HK19	6.42303466796875	0	0.3779056062549555	0.2306075508055937	0.3042565785302746
NSENKKL	HK19	6.59649658203125	1	0.4463452042381365	0.4222391775313688	0.4342921908847527
NDESETL	HK19	6.02581787109375	-3	1.5960198515439064	0.7177203718827965	1.1568701117133515
NNKNEKS	HK19	6.59649658203125	1	0.4598938388064997	0.4392393146300131	0.4495665767182564
NDESKTS	HK19	6.27496337890625	-1	2.6305956467535734	2.0636837791994105	2.347139712976492
KSRNETL	HK19	6.59661865234375	1	2.084993830749812	2.2457390541551643	2.165366442452488
NNKSEEL	HK19	6.27618408203125	-1	0.190516918800449	0.2930273266556452	0.2417721227280471
KNESKDL	HK19	6.42291259765625	0	1.2665045170257123	0.2304045512010114	0.7484545341133618
KSKGKDL	HK19	6.81219482421875	2	0.0808253594910995	0.2772731693085675	0.1790492643998335
KDKSEES	HK19	6.27691650390625	-1	2.280154869452993	1.888098248148817	2.084126558800905
NNENKTS	HK19	6.42230224609375	0	0.1115730169760746	0.2501535127325267	0.1808632648543006
NDKGKES	HK19	6.42291259765625	0	0.2093559123660436	0.4009847627919356	0.3051703375789896
NDENEKL	HK19	6.14593505859375	-2	2.1791219748013413	1.3655977573792115	1.7723598660902766
KSRSKEL	HK19	6.81292724609375	2	0.1491833541527219	0.1854544608440042	0.1673189074983631
KNKNEDL	HK19	6.42291259765625	0	0.2665528191288793	0.5554506131195682	0.4110017161242237
NDKGEKS	HK19	6.42291259765625	0	0.893533895476408	1.0972336422548952	0.9953837688656516
NDKSKTL	HK19	6.59576416015625	1	0.5747780333996607	0.1648608962630839	0.3698194648313723
NDKGKTS	HK19	6.59576416015625	1	0.3977060913277002	1.054262320261824	0.7259842057947621
NSKNKDL	HK19	6.59576416015625	1	1.168975053537746	1.0863809695812583	1.1276780115595022
NDESEES	HK19	5.91680908203125	-4	0.8476474676041368	1.004744552688332	0.9261960101462344
KNESKTS	HK19	6.59649658203125	1	0.770727535147271	0.4946805406982398	0.6327040379227554
KNENEEL	HK19	6.14739990234375	-2	0.3218678146177201	0.6482254219024427	0.4850466182600814
KSKNKKL	HK19	7.43829345703125	4	0.1408144001557361	0.1008676602000518	0.120841030177894
NSRNKTS	HK19	6.81207275390625	2	0.587812783474529	0.1829165902664518	0.3853646868704904
NSESKEL	HK19	6.27618408203125	-1	0.1270112792002993	0.2205582028590878	0.1737847410296935
KSKGKKS	HK19	7.43829345703125	4	0.1260875608061153	0.1081365360303413	0.1171120484182283
NNRGEKS	HK19	6.59661865234375	1	0.2222511152458024	0.694483911749113	0.4583675134974577
NDRSKKL	HK19	6.81231689453125	2	0.1318963284003108	0.1134299328989594	0.1226631306496351
NDKNEES	HK19	6.14593505859375	-2	1.1347880472550382	1.494250316055626	1.314519181655332
KSKGKEL	HK19	6.81280517578125	2	0.1350938151494093	0.111590528581679	0.1233421718655441
NDRGKKL	HK19	6.81231689453125	2	0.1631567815814122	0.1389105699994503	0.1510336757904312
NNKSEKS	HK19	6.59649658203125	1	1.350938151494093	0.4820772148205777	0.9165076831573352
NSENEDS	HK19	6.02581787109375	-3	0.3949463994805135	0.2095044662286792	0.3022254328545963
NDRSKDL	HK19	6.42193603515625	0	1.4687525251709035	1.401716990562432	1.4352347578666678
KNRSKTL	HK19	7.09429931640625	3	0.2759981169719115	0.3052240936340279	0.2906111053029697
KNKNEKL	HK19	6.81280517578125	2	0.169652698094607	0.2640543321671125	0.2168535151308598
KNKGEES	HK19	6.42401123046875	0	0.3631134337830944	0.7543418369956811	0.5587276353893877
NNEGEEL	HK19	6.02752685546875	-3	0.3849447420924028	0.2378369560784633	0.3113908490854331
KNKNKKL	HK19	7.43829345703125	4	0.1011938690257747	0.1297859344592963	0.1154899017425355
NSEGKKL	HK19	6.59649658203125	1	0.1137632127573973	0.093131944906514	0.1034475788319557
KDKNKDL	HK19	6.59625244140625	1	1.7011813759555248	1.45031605562579	1.5757487157906571
NSEGEDS	HK19	6.02581787109375	-3	0.184949865978358	0.1711576666064656	0.1780537662924118
KSESEEL	HK19	6.14739990234375	-2	0.6375923051444085	3.245474201590321	1.9415332533673648
KNKNKTL	HK19	7.09381103515625	3	0.1460473677290911	0.1262035739911846	0.1361254708601378
NNENKKL	HK19	6.59649658203125	1	0.4052814454482279	0.1867812895069532	0.2960313674775905
KDRNETS	HK19	6.42303466796875	0	1.8743382730153648	2.539999073344762	2.2071686731800635
KSKGEDS	HK19	6.42291259765625	0	1.733807719774677	3.7510285644374792	2.7424181421060783
KSENKES	HK19	6.42401123046875	0	0.3245136129033854	1.2909214427433178	0.8077175278233516
NNRNKKL	HK19	7.09429931640625	3	0.2465998213044773	0.179447354162904	0.2130235877336906
KNKGEKL	HK19	6.81280517578125	2	0.1838011090468154	0.0802497484455223	0.1320254287461688
NDKSKDL	HK19	6.42193603515625	0	1.1130969276394993	0.6490269047915814	0.8810619162155404
KNENKES	HK19	6.42401123046875	0	0.1874771312277517	0.8035006063107923	0.495488868769272
KDESKTS	HK19	6.42291259765625	0	2.2410211476289974	3.2648093730048324	2.752915260316915
KNKGKTS	HK19	7.09381103515625	3	0.1895585153282225	0.1282251415379541	0.1588918284330883
NSEGETL	HK19	6.14483642578125	-2	0.1361019779490317	0.1430571541785384	0.139579566063785
NDENKDL	HK19	6.14434814453125	-2	2.6668918488658293	0.931164847562972	1.7990283482144007
NSENEKS	HK19	6.27618408203125	-1	1.8935902741448103	1.242631287376241	1.5681107807605257
KDENKTL	HK19	6.42291259765625	0	0.5861133011527062	1.6332893028634925	1.1097013020080992
KDRSEKS	HK19	6.59710693359375	1	1.5378397889580817	3.1102377474746232	2.3240387682163526
NSRNEDL	HK19	6.27496337890625	-1	1.5402415867353034	0.6104986834370748	1.075370135086189
NDEGETS	HK19	6.02581787109375	-3	0.6131180841396269	0.7826665370028202	0.6978923105712236
NNKSETS	HK19	6.42230224609375	0	1.8391484735686912	0.7883941870798964	1.3137713303242935
KDEGKEL	HK19	6.27691650390625	-1	0.1974793311154156	0.1763628192581828	0.1869210751867992
KSKNKES	HK19	6.81280517578125	2	0.3350326615705351	0.1445097345132743	0.2397711980419047
NSKSKEL	HK19	6.59649658203125	1	0.1546254510746251	0.1510121395823496	0.1528187953284873
KSRGETL	HK19	6.59661865234375	1	0.1799405324735984	0.2356925245072641	0.2078165284904313
KDRSEKL	HK19	6.59710693359375	1	0.603249111673463	1.4096701094864394	1.0064596105799513
KDENKKS	HK19	6.59698486328125	1	2.056396340540691	1.4293850212351962	1.7428906808879436
KDKGEDL	HK19	6.27569580078125	-1	0.4968326259627036	0.5880076480237382	0.5424201369932209
NDRNKDL	HK19	6.42193603515625	0	2.014388204541014	2.6212002465458832	2.317794225543449
KSRSETS	HK19	6.59661865234375	1	2.263844841746162	2.8732145730375818	2.568529707391872
NNRSKKS	HK19	7.09429931640625	3	0.1242863099374565	0.1828490518331226	0.1535676808852896
