test	H0000	0000000000	0.651979	0.828603	1.0	0.0	10	9
test	H0001	0000000001	0.546097	0.622802	0.0	0.0	10	9
test	H0002	0000000010	0.589352	0.706876	0.0	0.0	10	9
test	H0003	0000000011	0.543438	0.617634	0.0	0.0	10	9
test	H0004	0000000100	0.492583	0.518788	0.0	0.0	10	9
test	H0005	0000000101	0.526266	0.584257	0.0	0.0	10	9
test	H0006	0000000110	0.433408	0.403770	0.0	0.0	10	9
test	H0007	0000000111	0.293637	0.132100	0.0	0.0	10	9
test	H0008	0000001000	0.559912	0.649655	0.0	0.0	10	9
test	H0009	0000001001	0.418679	0.375142	0.0	0.0	10	9
test	H0010	0000001010	0.499333	0.531907	0.0	0.0	10	9
test	H0011	0000001011	0.430522	0.398161	0.0	0.0	10	9
test	H0012	0000001100	0.465618	0.466376	0.0	0.0	10	9
test	H0013	0000001101	0.620746	0.767896	1.0	0.0	10	9
test	H0014	0000001110	0.544471	0.619641	0.0	0.0	10	9
test	H0015	0000001111	0.488050	0.509976	0.0	0.0	10	9
test	H0016	0000010000	0.508643	0.550003	0.0	0.0	10	9
test	H0017	0000010001	0.503282	0.539583	0.0	0.0	10	9
test	H0018	0000010010	0.683721	0.890300	0.0	0.0	10	9
test	H0019	0000010011	0.451760	0.439441	0.0	0.0	10	9
test	H0020	0000010100	0.488078	0.510031	0.0	0.0	10	9
test	H0021	0000010101	0.618586	0.763697	0.0	0.0	10	9
test	H0022	0000010110	0.567436	0.664279	0.0	0.0	10	9
test	H0023	0000010111	0.496739	0.526865	0.0	0.0	10	9
test	H0024	0000011000	0.612196	0.751277	0.0	0.0	10	9
test	H0025	0000011001	0.660245	0.844670	1.0	0.0	10	9
test	H0026	0000011010	0.422324	0.382226	0.0	0.0	10	9
test	H0027	0000011011	0.539105	0.609211	0.0	0.0	10	9
test	H0028	0000011100	0.518770	0.569688	0.0	0.0	10	9
test	H0029	0000011101	0.432213	0.401447	0.0	0.0	10	9
test	H0030	0000011110	0.388939	0.317336	0.0	0.0	10	9
test	H0031	0000011111	0.499402	0.532042	0.0	0.0	10	9
test	H0032	0000100000	0.527451	0.586560	0.0	0.0	10	9
test	H0033	0000100001	0.551476	0.633256	0.0	0.0	10	9
test	H0034	0000100010	0.483962	0.502031	0.0	0.0	10	9
test	H0035	0000100011	0.648892	0.822603	1.0	0.0	10	9
test	H0036	0000100100	0.540709	0.612330	0.0	0.0	10	9
test	H0037	0000100101	0.373449	0.287229	0.0	0.0	10	9
test	H0038	0000100110	0.544330	0.619368	0.0	0.0	10	9
test	H0039	0000100111	0.647266	0.819443	0.0	0.0	10	9
test	H0040	0000101000	0.524558	0.580937	0.0	0.0	10	9
test	H0041	0000101001	0.478759	0.491918	0.0	0.0	10	9
test	H0042	0000101010	0.509046	0.550787	0.0	0.0	10	9
test	H0043	0000101011	0.462665	0.460636	0.0	0.0	10	9
test	H0044	0000101100	0.545797	0.622219	0.0	0.0	10	9
test	H0045	0000101101	0.600649	0.728834	0.0	0.0	10	9
test	H0046	0000101110	0.483883	0.501878	0.0	0.0	10	9
test	H0047	0000101111	0.586062	0.700480	0.0	0.0	10	9
test	H0048	0000110000	0.520581	0.573207	0.0	0.0	10	9
test	H0049	0000110001	0.558447	0.646806	0.0	0.0	10	9
test	H0050	0000110010	0.450925	0.437818	0.0	0.0	10	9
test	H0051	0000110011	0.415739	0.369426	0.0	0.0	10	9
test	H0052	0000110100	0.674351	0.872088	1.0	0.0	10	9
test	H0053	0000110101	0.586546	0.701422	0.0	0.0	10	9
test	H0054	0000110110	0.535124	0.601474	0.0	0.0	10	9
test	H0055	0000110111	0.404871	0.348304	0.0	0.0	10	9
test	H0056	0000111000	0.507156	0.547112	0.0	0.0	10	9
test	H0057	0000111001	0.621311	0.768994	0.0	0.0	10	9
test	H0058	0000111010	0.535015	0.601262	0.0	0.0	10	9
test	H0059	0000111011	0.455347	0.446413	0.0	0.0	10	9
test	H0060	0000111100	0.426099	0.389564	0.0	0.0	10	9
test	H0061	0000111101	0.543733	0.618206	0.0	0.0	10	9
test	H0062	0000111110	0.450000	0.436019	0.0	0.0	10	9
test	H0063	0000111111	0.423441	0.384397	0.0	0.0	10	9
test	H0064	0001000000	0.582821	0.694182	0.0	0.0	10	9
test	H0065	0001000001	0.425610	0.388613	0.0	0.0	10	9
test	H0066	0001000010	0.429999	0.397145	0.0	0.0	10	9
test	H0067	0001000011	0.574132	0.677293	0.0	0.0	10	9
test	H0068	0001000100	0.523234	0.578363	0.0	0.0	10	9
test	H0069	0001000101	0.577149	0.683156	0.0	0.0	10	9
test	H0070	0001000110	0.315638	0.174862	0.0	0.0	10	9
test	H0071	0001000111	0.638636	0.802669	0.0	0.0	10	9
test	H0072	0001001000	0.508314	0.549363	0.0	0.0	10	9
test	H0073	0001001001	0.596837	0.721424	1.0	0.0	10	9
test	H0074	0001001010	0.414514	0.367045	0.0	0.0	10	9
test	H0075	0001001011	0.391892	0.323075	0.0	0.0	10	9
test	H0076	0001001100	0.506371	0.545586	0.0	0.0	10	9
test	H0077	0001001101	0.543047	0.616874	0.0	0.0	10	9
test	H0078	0001001110	0.528858	0.589295	0.0	0.0	10	9
test	H0079	0001001111	0.586066	0.700489	0.0	0.0	10	9
test	H0080	0001010000	0.686717	0.896123	1.0	0.0	10	9
test	H0081	0001010001	0.551870	0.634023	0.0	0.0	10	9
test	H0082	0001010010	0.415479	0.368921	0.0	0.0	10	9
test	H0083	0001010011	0.405197	0.348936	0.0	0.0	10	9
test	H0084	0001010100	0.529241	0.590038	0.0	0.0	10	9
test	H0085	0001010101	0.497883	0.529089	0.0	0.0	10	9
test	H0086	0001010110	0.629090	0.784115	0.0	0.0	10	9
test	H0087	0001010111	0.665435	0.854758	1.0	0.0	10	9
test	H0088	0001011000	0.514391	0.561176	0.0	0.0	10	9
test	H0089	0001011001	0.521260	0.574527	0.0	0.0	10	9
test	H0090	0001011010	0.619238	0.764964	1.0	0.0	10	9
test	H0091	0001011011	0.440907	0.418346	0.0	0.0	10	9
test	H0092	0001011100	0.428706	0.394630	0.0	0.0	10	9
test	H0093	0001011101	0.391580	0.322470	0.0	0.0	10	9
test	H0094	0001011110	0.532785	0.596928	0.0	0.0	10	9
test	H0095	0001011111	0.483384	0.500908	0.0	0.0	10	9
test	H0096	0001100000	0.548629	0.627722	0.0	0.0	10	9
test	H0097	0001100001	0.672077	0.867668	1.0	0.0	10	9
test	H0098	0001100010	0.522103	0.576166	0.0	0.0	10	9
test	H0099	0001100011	0.406666	0.351791	0.0	0.0	10	9
test	H0100	0001100100	0.534530	0.600318	0.0	0.0	10	9
test	H0101	0001100101	0.545217	0.621092	0.0	0.0	10	9
test	H0102	0001100110	0.559255	0.648377	0.0	0.0	10	9
test	H0103	0001100111	0.518880	0.569901	0.0	0.0	10	9
test	H0104	0001101000	0.467604	0.470236	0.0	0.0	10	9
test	H0105	0001101001	0.563014	0.655683	0.0	0.0	10	9
test	H0106	0001101010	0.373330	0.286997	0.0	0.0	10	9
test	H0107	0001101011	0.430079	0.397299	0.0	0.0	10	9
test	H0108	0001101100	0.363309	0.267520	0.0	0.0	10	9
test	H0109	0001101101	0.577320	0.683489	0.0	0.0	10	9
test	H0110	0001101110	0.536318	0.603796	0.0	0.0	10	9
test	H0111	0001101111	0.561782	0.653289	0.0	0.0	10	9
test	H0112	0001110000	0.435604	0.408039	0.0	0.0	10	9
test	H0113	0001110001	0.513264	0.558985	0.0	0.0	10	9
test	H0114	0001110010	0.363749	0.268374	0.0	0.0	10	9
test	H0115	0001110011	0.299466	0.143429	0.0	0.0	10	9
test	H0116	0001110100	0.448491	0.433087	0.0	0.0	10	9
test	H0117	0001110101	0.509617	0.551896	0.0	0.0	10	9
test	H0118	0001110110	0.489391	0.512583	0.0	0.0	10	9
test	H0119	0001110111	0.460794	0.457000	0.0	0.0	10	9
test	H0120	0001111000	0.477051	0.488598	0.0	0.0	10	9
test	H0121	0001111001	0.577240	0.683335	0.0	0.0	10	9
test	H0122	0001111010	0.438225	0.413133	0.0	0.0	10	9
test	H0123	0001111011	0.565808	0.661115	0.0	0.0	10	9
test	H0124	0001111100	0.521175	0.574362	0.0	0.0	10	9
test	H0125	0001111101	0.532783	0.596923	0.0	0.0	10	9
test	H0126	0001111110	0.531968	0.595340	0.0	0.0	10	9
test	H0127	0001111111	0.495360	0.524186	0.0	0.0	10	9
test	H0128	0010000000	0.478041	0.490522	0.0	0.0	10	9
test	H0129	0010000001	0.463459	0.462180	0.0	0.0	10	9
test	H0130	0010000010	0.617680	0.761937	1.0	0.0	10	9
test	H0131	0010000011	0.383798	0.307344	0.0	0.0	10	9
test	H0132	0010000100	0.445811	0.427877	0.0	0.0	10	9
test	H0133	0010000101	0.364817	0.270451	0.0	0.0	10	9
test	H0134	0010000110	0.551373	0.633056	0.0	0.0	10	9
test	H0135	0010000111	0.579226	0.687193	0.0	0.0	10	9
test	H0136	0010001000	0.407085	0.352606	0.0	0.0	10	9
test	H0137	0010001001	0.435162	0.407180	0.0	0.0	10	9
test	H0138	0010001010	0.538093	0.607244	0.0	0.0	10	9
test	H0139	0010001011	0.506064	0.544990	0.0	0.0	10	9
test	H0140	0010001100	0.353957	0.249342	0.0	0.0	10	9
test	H0141	0010001101	0.356129	0.253564	0.0	0.0	10	9
test	H0142	0010001110	0.595993	0.719783	1.0	0.0	10	9
test	H0143	0010001111	0.562496	0.654676	0.0	0.0	10	9
test	H0144	0010010000	0.439117	0.414866	0.0	0.0	10	9
test	H0145	0010010001	0.470940	0.476720	0.0	0.0	10	9
test	H0146	0010010010	0.478772	0.491943	0.0	0.0	10	9
test	H0147	0010010011	0.403240	0.345133	0.0	0.0	10	9
test	H0148	0010010100	0.426358	0.390067	0.0	0.0	10	9
test	H0149	0010010101	0.503636	0.540270	0.0	0.0	10	9
test	H0150	0010010110	0.404795	0.348154	0.0	0.0	10	9
test	H0151	0010010111	0.475349	0.485290	0.0	0.0	10	9
test	H0152	0010011000	0.355817	0.252957	0.0	0.0	10	9
test	H0153	0010011001	0.463555	0.462367	0.0	0.0	10	9
test	H0154	0010011010	0.586308	0.700959	1.0	0.0	10	9
test	H0155	0010011011	0.521814	0.575603	0.0	0.0	10	9
test	H0156	0010011100	0.674918	0.873190	1.0	0.0	10	9
test	H0157	0010011101	0.541522	0.613910	0.0	0.0	10	9
test	H0158	0010011110	0.576704	0.682293	0.0	0.0	10	9
test	H0159	0010011111	0.507037	0.546881	0.0	0.0	10	9
test	H0160	0010100000	0.579064	0.686878	0.0	0.0	10	9
test	H0161	0010100001	0.427809	0.392887	0.0	0.0	10	9
test	H0162	0010100010	0.498885	0.531036	0.0	0.0	10	9
test	H0163	0010100011	0.577309	0.683468	0.0	0.0	10	9
test	H0164	0010100100	0.412986	0.364076	0.0	0.0	10	9
test	H0165	0010100101	0.414648	0.367305	0.0	0.0	10	9
test	H0166	0010100110	0.550978	0.632289	0.0	0.0	10	9
test	H0167	0010100111	0.595430	0.718690	0.0	0.0	10	9
test	H0168	0010101000	0.483571	0.501271	0.0	0.0	10	9
test	H0169	0010101001	0.570188	0.669628	0.0	0.0	10	9
test	H0170	0010101010	0.341666	0.225453	0.0	0.0	10	9
test	H0171	0010101011	0.576787	0.682453	0.0	0.0	10	9
test	H0172	0010101100	0.608306	0.743717	1.0	0.0	10	9
test	H0173	0010101101	0.482605	0.499394	0.0	0.0	10	9
test	H0174	0010101110	0.398516	0.335950	0.0	0.0	10	9
test	H0175	0010101111	0.366059	0.272864	0.0	0.0	10	9
test	H0176	0010110000	0.362079	0.265129	0.0	0.0	10	9
test	H0177	0010110001	0.544649	0.619987	0.0	0.0	10	9
test	H0178	0010110010	0.429433	0.396044	0.0	0.0	10	9
test	H0179	0010110011	0.406739	0.351934	0.0	0.0	10	9
test	H0180	0010110100	0.576084	0.681087	0.0	0.0	10	9
test	H0181	0010110101	0.540149	0.611240	0.0	0.0	10	9
test	H0182	0010110110	0.579159	0.687064	0.0	0.0	10	9
test	H0183	0010110111	0.531821	0.595053	0.0	0.0	10	9
test	H0184	0010111000	0.431397	0.399862	0.0	0.0	10	9
test	H0185	0010111001	0.459821	0.455108	0.0	0.0	10	9
test	H0186	0010111010	0.483571	0.501272	0.0	0.0	10	9
test	H0187	0010111011	0.514969	0.562300	0.0	0.0	10	9
test	H0188	0010111100	0.474373	0.483393	0.0	0.0	10	9
test	H0189	0010111101	0.589138	0.706459	0.0	0.0	10	9
test	H0190	0010111110	0.513459	0.559364	0.0	0.0	10	9
test	H0191	0010111111	0.517455	0.567131	0.0	0.0	10	9
test	H0192	0011000000	0.437536	0.411793	0.0	0.0	10	9
test	H0193	0011000001	0.430836	0.398771	0.0	0.0	10	9
test	H0194	0011000010	0.566161	0.661800	0.0	0.0	10	9
test	H0195	0011000011	0.539573	0.610121	0.0	0.0	10	9
test	H0196	0011000100	0.286238	0.117717	0.0	0.0	10	9
test	H0197	0011000101	0.657079	0.838517	1.0	0.0	10	9
test	H0198	0011000110	0.320120	0.183573	0.0	0.0	10	9
test	H0199	0011000111	0.644896	0.814836	0.0	0.0	10	9
test	H0200	0011001000	0.587010	0.702324	0.0	0.0	10	9
test	H0201	0011001001	0.472616	0.479978	0.0	0.0	10	9
test	H0202	0011001010	0.497843	0.529011	0.0	0.0	10	9
test	H0203	0011001011	0.471112	0.477055	0.0	0.0	10	9
test	H0204	0011001100	0.598996	0.725621	0.0	0.0	10	9
test	H0205	0011001101	0.612644	0.752149	0.0	0.0	10	9
test	H0206	0011001110	0.473223	0.481157	0.0	0.0	10	9
test	H0207	0011001111	0.483792	0.501700	0.0	0.0	10	9
test	H0208	0011010000	0.474513	0.483664	0.0	0.0	10	9
test	H0209	0011010001	0.625756	0.777635	0.0	0.0	10	9
test	H0210	0011010010	0.453971	0.443737	0.0	0.0	10	9
test	H0211	0011010011	0.487491	0.508890	0.0	0.0	10	9
test	H0212	0011010100	0.579328	0.687393	0.0	0.0	10	9
test	H0213	0011010101	0.507696	0.548163	0.0	0.0	10	9
test	H0214	0011010110	0.387748	0.315020	0.0	0.0	10	9
test	H0215	0011010111	0.377976	0.296027	0.0	0.0	10	9
test	H0216	0011011000	0.325342	0.193722	0.0	0.0	10	9
test	H0217	0011011001	0.485218	0.504472	0.0	0.0	10	9
test	H0218	0011011010	0.513957	0.560331	0.0	0.0	10	9
test	H0219	0011011011	0.396499	0.332030	0.0	0.0	10	9
test	H0220	0011011100	0.619732	0.765925	0.0	0.0	10	9
test	H0221	0011011101	0.473686	0.482057	0.0	0.0	10	9
test	H0222	0011011110	0.412716	0.363551	0.0	0.0	10	9
test	H0223	0011011111	0.519676	0.571447	0.0	0.0	10	9
test	H0224	0011100000	0.664300	0.852551	0.0	0.0	10	9
test	H0225	0011100001	0.500851	0.534857	0.0	0.0	10	9
test	H0226	0011100010	0.462181	0.459695	0.0	0.0	10	9
test	H0227	0011100011	0.337110	0.216597	0.0	0.0	10	9
test	H0228	0011100100	0.505532	0.543955	0.0	0.0	10	9
test	H0229	0011100101	0.448858	0.433800	0.0	0.0	10	9
test	H0230	0011100110	0.588147	0.704534	1.0	0.0	10	9
test	H0231	0011100111	0.414790	0.367583	0.0	0.0	10	9
test	H0232	0011101000	0.679476	0.882050	1.0	0.0	10	9
test	H0233	0011101001	0.496975	0.527324	0.0	0.0	10	9
test	H0234	0011101010	0.594118	0.716140	0.0	0.0	10	9
test	H0235	0011101011	0.350670	0.242953	0.0	0.0	10	9
test	H0236	0011101100	0.534634	0.600522	0.0	0.0	10	9
test	H0237	0011101101	0.446882	0.429959	0.0	0.0	10	9
test	H0238	0011101110	0.566586	0.662627	0.0	0.0	10	9
test	H0239	0011101111	0.427665	0.392607	0.0	0.0	10	9
test	H0240	0011110000	0.429016	0.395233	0.0	0.0	10	9
test	H0241	0011110001	0.455748	0.447193	0.0	0.0	10	9
test	H0242	0011110010	0.477857	0.490164	0.0	0.0	10	9
test	H0243	0011110011	0.524696	0.581206	0.0	0.0	10	9
test	H0244	0011110100	0.516997	0.566240	0.0	0.0	10	9
test	H0245	0011110101	0.292243	0.129389	0.0	0.0	10	9
test	H0246	0011110110	0.414090	0.366222	0.0	0.0	10	9
test	H0247	0011110111	0.644694	0.814443	0.0	0.0	10	9
test	H0248	0011111000	0.483202	0.500553	0.0	0.0	10	9
test	H0249	0011111001	0.419591	0.376913	0.0	0.0	10	9
test	H0250	0011111010	0.516779	0.565818	0.0	0.0	10	9
test	H0251	0011111011	0.466067	0.467249	0.0	0.0	10	9
test	H0252	0011111100	0.340272	0.222743	0.0	0.0	10	9
test	H0253	0011111101	0.551298	0.632911	0.0	0.0	10	9
test	H0254	0011111110	0.461346	0.458072	0.0	0.0	10	9
test	H0255	0011111111	0.653558	0.831673	1.0	0.0	10	9
test	H0256	0100000000	0.349832	0.241324	0.0	0.0	10	9
test	H0257	0100000001	0.392166	0.323609	0.0	0.0	10	9
test	H0258	0100000010	0.622344	0.771002	1.0	0.0	10	9
test	H0259	0100000011	0.452439	0.440759	0.0	0.0	10	9
test	H0260	0100000100	0.439054	0.414743	0.0	0.0	10	9
test	H0261	0100000101	0.506818	0.546455	0.0	0.0	10	9
test	H0262	0100000110	0.375619	0.291445	0.0	0.0	10	9
test	H0263	0100000111	0.445676	0.427614	0.0	0.0	10	9
test	H0264	0100001000	0.645827	0.816646	1.0	0.0	10	9
test	H0265	0100001001	0.399546	0.337952	0.0	0.0	10	9
test	H0266	0100001010	0.453420	0.442667	0.0	0.0	10	9
test	H0267	0100001011	0.604716	0.736739	1.0	0.0	10	9
test	H0268	0100001100	0.449090	0.434250	0.0	0.0	10	9
test	H0269	0100001101	0.561871	0.653462	0.0	0.0	10	9
test	H0270	0100001110	0.609194	0.745443	1.0	0.0	10	9
test	H0271	0100001111	0.534371	0.600010	0.0	0.0	10	9
test	H0272	0100010000	0.391241	0.321811	0.0	0.0	10	9
test	H0273	0100010001	0.352129	0.245790	0.0	0.0	10	9
test	H0274	0100010010	0.566832	0.663104	0.0	0.0	10	9
test	H0275	0100010011	0.432624	0.402246	0.0	0.0	10	9
test	H0276	0100010100	0.414025	0.366095	0.0	0.0	10	9
test	H0277	0100010101	0.580171	0.689032	0.0	0.0	10	9
test	H0278	0100010110	0.463602	0.462458	0.0	0.0	10	9
test	H0279	0100010111	0.400588	0.339978	0.0	0.0	10	9
test	H0280	0100011000	0.560961	0.651693	0.0	0.0	10	9
test	H0281	0100011001	0.623381	0.773018	0.0	0.0	10	9
test	H0282	0100011010	0.670663	0.864919	1.0	0.0	10	9
test	H0283	0100011011	0.527915	0.587463	0.0	0.0	10	9
test	H0284	0100011100	0.499287	0.531819	0.0	0.0	10	9
test	H0285	0100011101	0.614764	0.756270	0.0	0.0	10	9
test	H0286	0100011110	0.448043	0.432216	0.0	0.0	10	9
test	H0287	0100011111	0.477063	0.488622	0.0	0.0	10	9
test	H0288	0100100000	0.502974	0.538985	0.0	0.0	10	9
test	H0289	0100100001	0.469715	0.474340	0.0	0.0	10	9
test	H0290	0100100010	0.510883	0.554356	0.0	0.0	10	9
test	H0291	0100100011	0.491060	0.515826	0.0	0.0	10	9
test	H0292	0100100100	0.482017	0.498251	0.0	0.0	10	9
test	H0293	0100100101	0.535929	0.603038	0.0	0.0	10	9
test	H0294	0100100110	0.624375	0.774950	0.0	0.0	10	9
test	H0295	0100100111	0.474182	0.483023	0.0	0.0	10	9
test	H0296	0100101000	0.502764	0.538576	0.0	0.0	10	9
test	H0297	0100101001	0.361341	0.263694	0.0	0.0	10	9
test	H0298	0100101010	0.432508	0.402021	0.0	0.0	10	9
test	H0299	0100101011	0.504510	0.541970	0.0	0.0	10	9
test	H0300	0100101100	0.610529	0.748038	1.0	0.0	10	9
test	H0301	0100101101	0.609402	0.745847	0.0	0.0	10	9
test	H0302	0100101110	0.536620	0.604381	0.0	0.0	10	9
test	H0303	0100101111	0.489874	0.513521	0.0	0.0	10	9
test	H0304	0100110000	0.611919	0.750740	0.0	0.0	10	9
test	H0305	0100110001	0.555717	0.641501	0.0	0.0	10	9
test	H0306	0100110010	0.535116	0.601459	0.0	0.0	10	9
test	H0307	0100110011	0.555228	0.640550	0.0	0.0	10	9
test	H0308	0100110100	0.485208	0.504453	0.0	0.0	10	9
test	H0309	0100110101	0.337297	0.216961	0.0	0.0	10	9
test	H0310	0100110110	0.502149	0.537380	0.0	0.0	10	9
test	H0311	0100110111	0.417491	0.372832	0.0	0.0	10	9
test	H0312	0100111000	0.650952	0.826607	1.0	0.0	10	9
test	H0313	0100111001	0.366535	0.273789	0.0	0.0	10	9
test	H0314	0100111010	0.525755	0.583263	0.0	0.0	10	9
test	H0315	0100111011	0.421399	0.380428	0.0	0.0	10	9
test	H0316	0100111100	0.443149	0.422702	0.0	0.0	10	9
test	H0317	0100111101	0.438516	0.413698	0.0	0.0	10	9
test	H0318	0100111110	0.637641	0.800734	1.0	0.0	10	9
test	H0319	0100111111	0.357988	0.257176	0.0	0.0	10	9
test	H0320	0101000000	0.408363	0.355090	0.0	0.0	10	9
test	H0321	0101000001	0.439222	0.415071	0.0	0.0	10	9
test	H0322	0101000010	0.563853	0.657315	0.0	0.0	10	9
test	H0323	0101000011	0.625964	0.778038	0.0	0.0	10	9
test	H0324	0101000100	0.632552	0.790843	0.0	0.0	10	9
test	H0325	0101000101	0.423831	0.385155	0.0	0.0	10	9
test	H0326	0101000110	0.648532	0.821904	0.0	0.0	10	9
test	H0327	0101000111	0.665650	0.855175	0.0	0.0	10	9
test	H0328	0101001000	0.495825	0.525089	0.0	0.0	10	9
test	H0329	0101001001	0.539050	0.609106	0.0	0.0	10	9
test	H0330	0101001010	0.479094	0.492570	0.0	0.0	10	9
test	H0331	0101001011	0.600940	0.729400	0.0	0.0	10	9
test	H0332	0101001100	0.685788	0.894317	1.0	0.0	10	9
test	H0333	0101001101	0.598764	0.725170	0.0	0.0	10	9
test	H0334	0101001110	0.466031	0.467178	0.0	0.0	10	9
test	H0335	0101001111	0.695059	0.912338	1.0	0.0	10	9
test	H0336	0101010000	0.606897	0.740979	0.0	0.0	10	9
test	H0337	0101010001	0.457022	0.449668	0.0	0.0	10	9
test	H0338	0101010010	0.503763	0.540518	0.0	0.0	10	9
test	H0339	0101010011	0.449707	0.435450	0.0	0.0	10	9
test	H0340	0101010100	0.442314	0.421080	0.0	0.0	10	9
test	H0341	0101010101	0.566640	0.662731	0.0	0.0	10	9
test	H0342	0101010110	0.545263	0.621181	0.0	0.0	10	9
test	H0343	0101010111	0.639518	0.804382	0.0	0.0	10	9
test	H0344	0101011000	0.350395	0.242418	0.0	0.0	10	9
test	H0345	0101011001	0.550824	0.631990	0.0	0.0	10	9
test	H0346	0101011010	0.508022	0.548797	0.0	0.0	10	9
test	H0347	0101011011	0.540844	0.612592	0.0	0.0	10	9
test	H0348	0101011100	0.369282	0.279130	0.0	0.0	10	9
test	H0349	0101011101	0.501280	0.535692	0.0	0.0	10	9
test	H0350	0101011110	0.538919	0.608849	0.0	0.0	10	9
test	H0351	0101011111	0.412580	0.363287	0.0	0.0	10	9
test	H0352	0101100000	0.434929	0.406726	0.0	0.0	10	9
test	H0353	0101100001	0.342491	0.227056	0.0	0.0	10	9
test	H0354	0101100010	0.693304	0.908926	1.0	0.0	10	9
test	H0355	0101100011	0.569043	0.667402	0.0	0.0	10	9
test	H0356	0101100100	0.538652	0.608332	0.0	0.0	10	9
test	H0357	0101100101	0.361204	0.263427	0.0	0.0	10	9
test	H0358	0101100110	0.397571	0.334114	0.0	0.0	10	9
test	H0359	0101100111	0.481347	0.496949	0.0	0.0	10	9
test	H0360	0101101000	0.562628	0.654933	0.0	0.0	10	9
test	H0361	0101101001	0.533266	0.597862	0.0	0.0	10	9
test	H0362	0101101010	0.520430	0.572913	0.0	0.0	10	9
test	H0363	0101101011	0.590881	0.709848	0.0	0.0	10	9
test	H0364	0101101100	0.564360	0.658300	0.0	0.0	10	9
test	H0365	0101101101	0.678101	0.879376	1.0	0.0	10	9
test	H0366	0101101110	0.511136	0.554849	0.0	0.0	10	9
test	H0367	0101101111	0.623846	0.773921	0.0	0.0	10	9
test	H0368	0101110000	0.595333	0.718502	0.0	0.0	10	9
test	H0369	0101110001	0.530191	0.591886	0.0	0.0	10	9
test	H0370	0101110010	0.424552	0.386557	0.0	0.0	10	9
test	H0371	0101110011	0.414068	0.366180	0.0	0.0	10	9
test	H0372	0101110100	0.397252	0.333493	0.0	0.0	10	9
test	H0373	0101110101	0.496323	0.526056	0.0	0.0	10	9
test	H0374	0101110110	0.484992	0.504034	0.0	0.0	10	9
test	H0375	0101110111	0.686623	0.895940	1.0	0.0	10	9
test	H0376	0101111000	0.375524	0.291261	0.0	0.0	10	9
test	H0377	0101111001	0.552124	0.634516	0.0	0.0	10	9
test	H0378	0101111010	0.573795	0.676638	0.0	0.0	10	9
test	H0379	0101111011	0.342755	0.227568	0.0	0.0	10	9
test	H0380	0101111100	0.484718	0.503500	0.0	0.0	10	9
test	H0381	0101111101	0.385936	0.311499	0.0	0.0	10	9
test	H0382	0101111110	0.577964	0.684742	0.0	0.0	10	9
test	H0383	0101111111	0.429808	0.396773	0.0	0.0	10	9
test	H0384	0110000000	0.606696	0.740587	0.0	0.0	10	9
test	H0385	0110000001	0.518470	0.569103	0.0	0.0	10	9
test	H0386	0110000010	0.465148	0.465462	0.0	0.0	10	9
test	H0387	0110000011	0.423808	0.385111	0.0	0.0	10	9
test	H0388	0110000100	0.609195	0.745445	0.0	0.0	10	9
test	H0389	0110000101	0.493035	0.519665	0.0	0.0	10	9
test	H0390	0110000110	0.463005	0.461297	0.0	0.0	10	9
test	H0391	0110000111	0.616272	0.759201	1.0	0.0	10	9
test	H0392	0110001000	0.400122	0.339072	0.0	0.0	10	9
test	H0393	0110001001	0.535748	0.602687	0.0	0.0	10	9
test	H0394	0110001010	0.559855	0.649544	0.0	0.0	10	9
test	H0395	0110001011	0.471332	0.477482	0.0	0.0	10	9
test	H0396	0110001100	0.401969	0.342662	0.0	0.0	10	9
test	H0397	0110001101	0.518116	0.568416	0.0	0.0	10	9
test	H0398	0110001110	0.483535	0.501202	0.0	0.0	10	9
test	H0399	0110001111	0.533206	0.597746	0.0	0.0	10	9
test	H0400	0110010000	0.605523	0.738308	0.0	0.0	10	9
test	H0401	0110010001	0.640369	0.806037	1.0	0.0	10	9
test	H0402	0110010010	0.385697	0.311034	0.0	0.0	10	9
test	H0403	0110010011	0.423762	0.385020	0.0	0.0	10	9
test	H0404	0110010100	0.418179	0.374170	0.0	0.0	10	9
test	H0405	0110010101	0.435516	0.407866	0.0	0.0	10	9
test	H0406	0110010110	0.434233	0.405373	0.0	0.0	10	9
test	H0407	0110010111	0.401974	0.342673	0.0	0.0	10	9
test	H0408	0110011000	0.478332	0.491087	0.0	0.0	10	9
test	H0409	0110011001	0.568116	0.665600	0.0	0.0	10	9
test	H0410	0110011010	0.550590	0.631536	0.0	0.0	10	9
test	H0411	0110011011	0.434373	0.405645	0.0	0.0	10	9
test	H0412	0110011100	0.374555	0.289379	0.0	0.0	10	9
test	H0413	0110011101	0.683684	0.890227	1.0	0.0	10	9
test	H0414	0110011110	0.623102	0.772476	1.0	0.0	10	9
test	H0415	0110011111	0.581724	0.692049	0.0	0.0	10	9
test	H0416	0110100000	0.285970	0.117198	0.0	0.0	10	9
test	H0417	0110100001	0.530776	0.593022	0.0	0.0	10	9
test	H0418	0110100010	0.372781	0.285931	0.0	0.0	10	9
test	H0419	0110100011	0.377088	0.294301	0.0	0.0	10	9
test	H0420	0110100100	0.629576	0.785060	1.0	0.0	10	9
test	H0421	0110100101	0.374022	0.288342	0.0	0.0	10	9
test	H0422	0110100110	0.531449	0.594332	0.0	0.0	10	9
test	H0423	0110100111	0.536094	0.603359	0.0	0.0	10	9
test	H0424	0110101000	0.491097	0.515900	0.0	0.0	10	9
test	H0425	0110101001	0.541874	0.614595	0.0	0.0	10	9
test	H0426	0110101010	0.507347	0.547484	0.0	0.0	10	9
test	H0427	0110101011	0.589890	0.707922	1.0	0.0	10	9
test	H0428	0110101100	0.450296	0.436595	0.0	0.0	10	9
test	H0429	0110101101	0.358278	0.257740	0.0	0.0	10	9
test	H0430	0110101110	0.444732	0.425781	0.0	0.0	10	9
test	H0431	0110101111	0.458467	0.452477	0.0	0.0	10	9
test	H0432	0110110000	0.456237	0.448142	0.0	0.0	10	9
test	H0433	0110110001	0.345766	0.233422	0.0	0.0	10	9
test	H0434	0110110010	0.453520	0.442860	0.0	0.0	10	9
test	H0435	0110110011	0.342350	0.226782	0.0	0.0	10	9
test	H0436	0110110100	0.605262	0.737800	0.0	0.0	10	9
test	H0437	0110110101	0.440392	0.417345	0.0	0.0	10	9
test	H0438	0110110110	0.414737	0.367479	0.0	0.0	10	9
test	H0439	0110110111	0.626666	0.779403	1.0	0.0	10	9
test	H0440	0110111000	0.422285	0.382151	0.0	0.0	10	9
test	H0441	0110111001	0.310849	0.165553	0.0	0.0	10	9
test	H0442	0110111010	0.420114	0.377930	0.0	0.0	10	9
test	H0443	0110111011	0.387283	0.314118	0.0	0.0	10	9
test	H0444	0110111100	0.489269	0.512345	0.0	0.0	10	9
test	H0445	0110111101	0.594777	0.717420	0.0	0.0	10	9
test	H0446	0110111110	0.335227	0.212938	0.0	0.0	10	9
test	H0447	0110111111	0.465197	0.465557	0.0	0.0	10	9
test	H0448	0111000000	0.491436	0.516559	0.0	0.0	10	9
test	H0449	0111000001	0.572940	0.674977	0.0	0.0	10	9
test	H0450	0111000010	0.473898	0.482469	0.0	0.0	10	9
test	H0451	0111000011	0.610427	0.747840	0.0	0.0	10	9
test	H0452	0111000100	0.543448	0.617653	0.0	0.0	10	9
test	H0453	0111000101	0.295008	0.134763	0.0	0.0	10	9
test	H0454	0111000110	0.442079	0.420624	0.0	0.0	10	9
test	H0455	0111000111	0.465413	0.465977	0.0	0.0	10	9
test	H0456	0111001000	0.524130	0.580104	0.0	0.0	10	9
test	H0457	0111001001	0.595503	0.718832	0.0	0.0	10	9
test	H0458	0111001010	0.524321	0.580475	0.0	0.0	10	9
test	H0459	0111001011	0.310719	0.165302	0.0	0.0	10	9
test	H0460	0111001100	0.545263	0.621181	0.0	0.0	10	9
test	H0461	0111001101	0.573139	0.675363	0.0	0.0	10	9
test	H0462	0111001110	0.540036	0.611022	0.0	0.0	10	9
test	H0463	0111001111	0.409168	0.356654	0.0	0.0	10	9
test	H0464	0111010000	0.385572	0.310791	0.0	0.0	10	9
test	H0465	0111010001	0.521403	0.574805	0.0	0.0	10	9
test	H0466	0111010010	0.350445	0.242517	0.0	0.0	10	9
test	H0467	0111010011	0.480796	0.495878	0.0	0.0	10	9
test	H0468	0111010100	0.668425	0.860569	1.0	0.0	10	9
test	H0469	0111010101	0.466107	0.467326	0.0	0.0	10	9
test	H0470	0111010110	0.376866	0.293870	0.0	0.0	10	9
test	H0471	0111010111	0.485662	0.505335	0.0	0.0	10	9
test	H0472	0111011000	0.491365	0.516420	0.0	0.0	10	9
test	H0473	0111011001	0.626173	0.778444	1.0	0.0	10	9
test	H0474	0111011010	0.527952	0.587534	0.0	0.0	10	9
test	H0475	0111011011	0.356682	0.254638	0.0	0.0	10	9
test	H0476	0111011100	0.529787	0.591101	0.0	0.0	10	9
test	H0477	0111011101	0.510995	0.554574	0.0	0.0	10	9
test	H0478	0111011110	0.503107	0.539243	0.0	0.0	10	9
test	H0479	0111011111	0.669077	0.861836	1.0	0.0	10	9
test	H0480	0111100000	0.618624	0.763771	0.0	0.0	10	9
test	H0481	0111100001	0.492747	0.519105	0.0	0.0	10	9
test	H0482	0111100010	0.593819	0.715559	0.0	0.0	10	9
test	H0483	0111100011	0.536408	0.603969	0.0	0.0	10	9
test	H0484	0111100100	0.566347	0.662162	0.0	0.0	10	9
test	H0485	0111100101	0.493014	0.519624	0.0	0.0	10	9
test	H0486	0111100110	0.558975	0.647833	0.0	0.0	10	9
test	H0487	0111100111	0.642001	0.809210	1.0	0.0	10	9
test	H0488	0111101000	0.466695	0.468470	0.0	0.0	10	9
test	H0489	0111101001	0.595160	0.718165	0.0	0.0	10	9
test	H0490	0111101010	0.528790	0.589163	0.0	0.0	10	9
test	H0491	0111101011	0.458343	0.452235	0.0	0.0	10	9
test	H0492	0111101100	0.561994	0.653700	0.0	0.0	10	9
test	H0493	0111101101	0.563085	0.655822	0.0	0.0	10	9
test	H0494	0111101110	0.674857	0.873071	1.0	0.0	10	9
test	H0495	0111101111	0.473827	0.482332	0.0	0.0	10	9
test	H0496	0111110000	0.540916	0.612731	0.0	0.0	10	9
test	H0497	0111110001	0.539284	0.609559	0.0	0.0	10	9
test	H0498	0111110010	0.303064	0.150422	0.0	0.0	10	9
test	H0499	0111110011	0.433436	0.403825	0.0	0.0	10	9
test	H0500	0111110100	0.654199	0.832918	0.0	0.0	10	9
test	H0501	0111110101	0.581267	0.691161	0.0	0.0	10	9
test	H0502	0111110110	0.413655	0.365377	0.0	0.0	10	9
test	H0503	0111110111	0.608289	0.743684	0.0	0.0	10	9
test	H0504	0111111000	0.475703	0.485978	0.0	0.0	10	9
test	H0505	0111111001	0.307226	0.158511	0.0	0.0	10	9
test	H0506	0111111010	0.529984	0.591482	0.0	0.0	10	9
test	H0507	0111111011	0.593166	0.714290	1.0	0.0	10	9
test	H0508	0111111100	0.413059	0.364217	0.0	0.0	10	9
test	H0509	0111111101	0.524176	0.580194	0.0	0.0	10	9
test	H0510	0111111110	0.506159	0.545174	0.0	0.0	10	9
test	H0511	0111111111	0.338501	0.219300	0.0	0.0	10	9
test	H0512	1000000000	0.520630	0.573302	0.0	0.0	10	9
test	H0513	1000000001	0.475661	0.485896	0.0	0.0	10	9
test	H0514	1000000010	0.520927	0.573879	0.0	0.0	10	9
test	H0515	1000000011	0.559219	0.648306	0.0	0.0	10	9
test	H0516	1000000100	0.599663	0.726917	1.0	0.0	10	9
test	H0517	1000000101	0.561786	0.653297	0.0	0.0	10	9
test	H0518	1000000110	0.439091	0.414817	0.0	0.0	10	9
test	H0519	1000000111	0.475148	0.484900	0.0	0.0	10	9
test	H0520	1000001000	0.534598	0.600451	0.0	0.0	10	9
test	H0521	1000001001	0.479925	0.494185	0.0	0.0	10	9
test	H0522	1000001010	0.593514	0.714966	0.0	0.0	10	9
test	H0523	1000001011	0.677547	0.878300	1.0	0.0	10	9
test	H0524	1000001100	0.517098	0.566436	0.0	0.0	10	9
test	H0525	1000001101	0.395587	0.330258	0.0	0.0	10	9
test	H0526	1000001110	0.492007	0.517669	0.0	0.0	10	9
test	H0527	1000001111	0.583604	0.695703	0.0	0.0	10	9
test	H0528	1000010000	0.501641	0.536393	0.0	0.0	10	9
test	H0529	1000010001	0.454397	0.444565	0.0	0.0	10	9
test	H0530	1000010010	0.697684	0.917439	0.0	0.0	10	9
test	H0531	1000010011	0.502094	0.537273	0.0	0.0	10	9
test	H0532	1000010100	0.483101	0.500357	0.0	0.0	10	9
test	H0533	1000010101	0.638040	0.801510	1.0	0.0	10	9
test	H0534	1000010110	0.556286	0.642606	0.0	0.0	10	9
test	H0535	1000010111	0.402669	0.344024	0.0	0.0	10	9
test	H0536	1000011000	0.450588	0.437162	0.0	0.0	10	9
test	H0537	1000011001	0.515214	0.562776	0.0	0.0	10	9
test	H0538	1000011010	0.408443	0.355246	0.0	0.0	10	9
test	H0539	1000011011	0.627281	0.780597	0.0	0.0	10	9
test	H0540	1000011100	0.438909	0.414462	0.0	0.0	10	9
test	H0541	1000011101	0.637838	0.801118	0.0	0.0	10	9
test	H0542	1000011110	0.553260	0.636724	0.0	0.0	10	9
test	H0543	1000011111	0.417435	0.372723	0.0	0.0	10	9
test	H0544	1000100000	0.423875	0.385240	0.0	0.0	10	9
test	H0545	1000100001	0.478644	0.491694	0.0	0.0	10	9
test	H0546	1000100010	0.457111	0.449841	0.0	0.0	10	9
test	H0547	1000100011	0.621060	0.768506	0.0	0.0	10	9
test	H0548	1000100100	0.536605	0.604352	0.0	0.0	10	9
test	H0549	1000100101	0.691760	0.905924	1.0	0.0	10	9
test	H0550	1000100110	0.494437	0.522392	0.0	0.0	10	9
test	H0551	1000100111	0.493688	0.520935	0.0	0.0	10	9
test	H0552	1000101000	0.389258	0.317956	0.0	0.0	10	9
test	H0553	1000101001	0.444765	0.425845	0.0	0.0	10	9
test	H0554	1000101010	0.337155	0.216684	0.0	0.0	10	9
test	H0555	1000101011	0.590268	0.708657	0.0	0.0	10	9
test	H0556	1000101100	0.457304	0.450217	0.0	0.0	10	9
test	H0557	1000101101	0.478485	0.491386	0.0	0.0	10	9
test	H0558	1000101110	0.382201	0.304240	0.0	0.0	10	9
test	H0559	1000101111	0.502392	0.537852	0.0	0.0	10	9
test	H0560	1000110000	0.401898	0.342524	0.0	0.0	10	9
test	H0561	1000110001	0.573761	0.676572	1.0	0.0	10	9
test	H0562	1000110010	0.524767	0.581343	0.0	0.0	10	9
test	H0563	1000110011	0.515518	0.563365	0.0	0.0	10	9
test	H0564	1000110100	0.553179	0.636567	0.0	0.0	10	9
test	H0565	1000110101	0.456753	0.449145	0.0	0.0	10	9
test	H0566	1000110110	0.432237	0.401493	0.0	0.0	10	9
test	H0567	1000110111	0.493513	0.520596	0.0	0.0	10	9
test	H0568	1000111000	0.437152	0.411047	0.0	0.0	10	9
test	H0569	1000111001	0.342917	0.227884	0.0	0.0	10	9
test	H0570	1000111010	0.569629	0.668542	0.0	0.0	10	9
test	H0571	1000111011	0.544139	0.618996	0.0	0.0	10	9
test	H0572	1000111100	0.448099	0.432324	0.0	0.0	10	9
test	H0573	1000111101	0.292540	0.129967	0.0	0.0	10	9
test	H0574	1000111110	0.555695	0.641458	0.0	0.0	10	9
test	H0575	1000111111	0.476321	0.487178	0.0	0.0	10	9
test	H0576	1001000000	0.371612	0.283658	0.0	0.0	10	9
test	H0577	1001000001	0.460216	0.455877	0.0	0.0	10	9
test	H0578	1001000010	0.475907	0.486375	0.0	0.0	10	9
test	H0579	1001000011	0.379681	0.299341	0.0	0.0	10	9
test	H0580	1001000100	0.441602	0.419695	0.0	0.0	10	9
test	H0581	1001000101	0.587865	0.703986	0.0	0.0	10	9
test	H0582	1001000110	0.660511	0.845187	1.0	0.0	10	9
test	H0583	1001000111	0.484988	0.504026	0.0	0.0	10	9
test	H0584	1001001000	0.447821	0.431785	0.0	0.0	10	9
test	H0585	1001001001	0.478284	0.490995	0.0	0.0	10	9
test	H0586	1001001010	0.454576	0.444914	0.0	0.0	10	9
test	H0587	1001001011	0.449610	0.435262	0.0	0.0	10	9
test	H0588	1001001100	0.437384	0.411498	0.0	0.0	10	9
test	H0589	1001001101	0.499771	0.532760	0.0	0.0	10	9
test	H0590	1001001110	0.541432	0.613735	0.0	0.0	10	9
test	H0591	1001001111	0.410800	0.359827	0.0	0.0	10	9
test	H0592	1001010000	0.497532	0.528406	0.0	0.0	10	9
test	H0593	1001010001	0.514495	0.561377	0.0	0.0	10	9
test	H0594	1001010010	0.580759	0.690174	0.0	0.0	10	9
test	H0595	1001010011	0.647948	0.820768	0.0	0.0	10	9
test	H0596	1001010100	0.404324	0.347240	0.0	0.0	10	9
test	H0597	1001010101	0.628934	0.783810	0.0	0.0	10	9
test	H0598	1001010110	0.504040	0.541055	0.0	0.0	10	9
test	H0599	1001010111	0.445761	0.427780	0.0	0.0	10	9
test	H0600	1001011000	0.593687	0.715301	1.0	0.0	10	9
test	H0601	1001011001	0.381245	0.302382	0.0	0.0	10	9
test	H0602	1001011010	0.516185	0.564662	0.0	0.0	10	9
test	H0603	1001011011	0.554784	0.639686	0.0	0.0	10	9
test	H0604	1001011100	0.474995	0.484602	0.0	0.0	10	9
test	H0605	1001011101	0.418869	0.375511	0.0	0.0	10	9
test	H0606	1001011110	0.452420	0.440723	0.0	0.0	10	9
test	H0607	1001011111	0.424330	0.386125	0.0	0.0	10	9
test	H0608	1001100000	0.658855	0.841968	1.0	0.0	10	9
test	H0609	1001100001	0.514858	0.562082	0.0	0.0	10	9
test	H0610	1001100010	0.499042	0.531342	0.0	0.0	10	9
test	H0611	1001100011	0.528027	0.587680	0.0	0.0	10	9
test	H0612	1001100100	0.340327	0.222849	0.0	0.0	10	9
test	H0613	1001100101	0.439368	0.415354	0.0	0.0	10	9
test	H0614	1001100110	0.550352	0.631071	0.0	0.0	10	9
test	H0615	1001100111	0.422414	0.382401	0.0	0.0	10	9
test	H0616	1001101000	0.609801	0.746623	0.0	0.0	10	9
test	H0617	1001101001	0.364712	0.270246	0.0	0.0	10	9
test	H0618	1001101010	0.577045	0.682955	0.0	0.0	10	9
test	H0619	1001101011	0.569507	0.668303	0.0	0.0	10	9
test	H0620	1001101100	0.575527	0.680005	0.0	0.0	10	9
test	H0621	1001101101	0.551521	0.633344	0.0	0.0	10	9
test	H0622	1001101110	0.473953	0.482576	0.0	0.0	10	9
test	H0623	1001101111	0.627223	0.780485	1.0	0.0	10	9
test	H0624	1001110000	0.546410	0.623411	0.0	0.0	10	9
test	H0625	1001110001	0.529871	0.591263	0.0	0.0	10	9
test	H0626	1001110010	0.233216	0.014660	0.0	0.0	10	9
test	H0627	1001110011	0.407614	0.353634	0.0	0.0	10	9
test	H0628	1001110100	0.460393	0.456220	0.0	0.0	10	9
test	H0629	1001110101	0.348824	0.239364	0.0	0.0	10	9
test	H0630	1001110110	0.311731	0.167268	0.0	0.0	10	9
test	H0631	1001110111	0.402635	0.343956	0.0	0.0	10	9
test	H0632	1001111000	0.418204	0.374219	0.0	0.0	10	9
test	H0633	1001111001	0.516431	0.565140	0.0	0.0	10	9
test	H0634	1001111010	0.574213	0.677451	0.0	0.0	10	9
test	H0635	1001111011	0.515869	0.564049	0.0	0.0	10	9
test	H0636	1001111100	0.586964	0.702235	0.0	0.0	10	9
test	H0637	1001111101	0.463565	0.462386	0.0	0.0	10	9
test	H0638	1001111110	0.607364	0.741886	1.0	0.0	10	9
test	H0639	1001111111	0.502869	0.538781	0.0	0.0	10	9
test	H0640	1010000000	0.610132	0.747265	1.0	0.0	10	9
test	H0641	1010000001	0.566896	0.663229	0.0	0.0	10	9
test	H0642	1010000010	0.589178	0.706538	0.0	0.0	10	9
test	H0643	1010000011	0.588193	0.704624	0.0	0.0	10	9
test	H0644	1010000100	0.519689	0.571473	0.0	0.0	10	9
test	H0645	1010000101	0.574611	0.678225	0.0	0.0	10	9
test	H0646	1010000110	0.543904	0.618540	0.0	0.0	10	9
test	H0647	1010000111	0.456222	0.448114	0.0	0.0	10	9
test	H0648	1010001000	0.485129	0.504299	0.0	0.0	10	9
test	H0649	1010001001	0.382681	0.305172	0.0	0.0	10	9
test	H0650	1010001010	0.591458	0.710969	0.0	0.0	10	9
test	H0651	1010001011	0.388259	0.316015	0.0	0.0	10	9
test	H0652	1010001100	0.568198	0.665759	0.0	0.0	10	9
test	H0653	1010001101	0.494716	0.522933	0.0	0.0	10	9
test	H0654	1010001110	0.401756	0.342248	0.0	0.0	10	9
test	H0655	1010001111	0.609607	0.746246	1.0	0.0	10	9
test	H0656	1010010000	0.441905	0.420286	0.0	0.0	10	9
test	H0657	1010010001	0.427391	0.392075	0.0	0.0	10	9
test	H0658	1010010010	0.740160	1.000000	1.0	1.0	10	9
test	H0659	1010010011	0.514869	0.562104	0.0	0.0	10	9
test	H0660	1010010100	0.597617	0.722940	0.0	0.0	10	9
test	H0661	1010010101	0.630598	0.787045	0.0	0.0	10	9
test	H0662	1010010110	0.343393	0.228808	0.0	0.0	10	9
test	H0663	1010010111	0.568259	0.665878	0.0	0.0	10	9
test	H0664	1010011000	0.628324	0.782626	1.0	0.0	10	9
test	H0665	1010011001	0.468708	0.472382	0.0	0.0	10	9
test	H0666	1010011010	0.524391	0.580612	0.0	0.0	10	9
test	H0667	1010011011	0.633951	0.793563	1.0	0.0	10	9
test	H0668	1010011100	0.468650	0.472268	0.0	0.0	10	9
test	H0669	1010011101	0.445504	0.427280	0.0	0.0	10	9
test	H0670	1010011110	0.292954	0.130772	0.0	0.0	10	9
test	H0671	1010011111	0.430278	0.397686	0.0	0.0	10	9
test	H0672	1010100000	0.401883	0.342495	0.0	0.0	10	9
test	H0673	1010100001	0.467828	0.470672	0.0	0.0	10	9
test	H0674	1010100010	0.345620	0.233138	0.0	0.0	10	9
test	H0675	1010100011	0.452562	0.440999	0.0	0.0	10	9
test	H0676	1010100100	0.442399	0.421245	0.0	0.0	10	9
test	H0677	1010100101	0.454205	0.444193	0.0	0.0	10	9
test	H0678	1010100110	0.425354	0.388116	0.0	0.0	10	9
test	H0679	1010100111	0.686027	0.894783	1.0	0.0	10	9
test	H0680	1010101000	0.652394	0.829410	1.0	0.0	10	9
test	H0681	1010101001	0.471285	0.477391	0.0	0.0	10	9
test	H0682	1010101010	0.539233	0.609460	0.0	0.0	10	9
test	H0683	1010101011	0.534283	0.599840	0.0	0.0	10	9
test	H0684	1010101100	0.578235	0.685269	0.0	0.0	10	9
test	H0685	1010101101	0.684757	0.892313	1.0	0.0	10	9
test	H0686	1010101110	0.515811	0.563935	0.0	0.0	10	9
test	H0687	1010101111	0.318882	0.181166	0.0	0.0	10	9
test	H0688	1010110000	0.598773	0.725188	0.0	0.0	10	9
test	H0689	1010110001	0.472368	0.479496	0.0	0.0	10	9
test	H0690	1010110010	0.652519	0.829653	0.0	0.0	10	9
test	H0691	1010110011	0.482558	0.499301	0.0	0.0	10	9
test	H0692	1010110100	0.618076	0.762707	1.0	0.0	10	9
test	H0693	1010110101	0.383383	0.306537	0.0	0.0	10	9
test	H0694	1010110110	0.584097	0.696662	0.0	0.0	10	9
test	H0695	1010110111	0.411588	0.361359	0.0	0.0	10	9
test	H0696	1010111000	0.591106	0.710286	0.0	0.0	10	9
test	H0697	1010111001	0.457911	0.451396	0.0	0.0	10	9
test	H0698	1010111010	0.511536	0.555627	0.0	0.0	10	9
test	H0699	1010111011	0.478166	0.490765	0.0	0.0	10	9
test	H0700	1010111100	0.399300	0.337474	0.0	0.0	10	9
test	H0701	1010111101	0.492969	0.519538	0.0	0.0	10	9
test	H0702	1010111110	0.461060	0.457517	0.0	0.0	10	9
test	H0703	1010111111	0.576173	0.681259	1.0	0.0	10	9
test	H0704	1011000000	0.501185	0.535507	0.0	0.0	10	9
test	H0705	1011000001	0.569523	0.668335	0.0	0.0	10	9
test	H0706	1011000010	0.489431	0.512661	0.0	0.0	10	9
test	H0707	1011000011	0.632930	0.791579	0.0	0.0	10	9
test	H0708	1011000100	0.256299	0.059526	0.0	0.0	10	9
test	H0709	1011000101	0.366084	0.272914	0.0	0.0	10	9
test	H0710	1011000110	0.541643	0.614145	0.0	0.0	10	9
test	H0711	1011000111	0.598569	0.724790	0.0	0.0	10	9
test	H0712	1011001000	0.573910	0.676861	0.0	0.0	10	9
test	H0713	1011001001	0.523157	0.578213	0.0	0.0	10	9
test	H0714	1011001010	0.553305	0.636812	0.0	0.0	10	9
test	H0715	1011001011	0.532038	0.595476	0.0	0.0	10	9
test	H0716	1011001100	0.494548	0.522606	0.0	0.0	10	9
test	H0717	1011001101	0.507475	0.547733	0.0	0.0	10	9
test	H0718	1011001110	0.319574	0.182513	0.0	0.0	10	9
test	H0719	1011001111	0.521312	0.574627	0.0	0.0	10	9
test	H0720	1011010000	0.442827	0.422077	0.0	0.0	10	9
test	H0721	1011010001	0.640519	0.806328	0.0	0.0	10	9
test	H0722	1011010010	0.399780	0.338407	0.0	0.0	10	9
test	H0723	1011010011	0.652056	0.828752	1.0	0.0	10	9
test	H0724	1011010100	0.369770	0.280077	0.0	0.0	10	9
test	H0725	1011010101	0.539997	0.610946	0.0	0.0	10	9
test	H0726	1011010110	0.544140	0.618999	0.0	0.0	10	9
test	H0727	1011010111	0.622226	0.770773	0.0	0.0	10	9
test	H0728	1011011000	0.470559	0.475980	0.0	0.0	10	9
test	H0729	1011011001	0.501281	0.535693	0.0	0.0	10	9
test	H0730	1011011010	0.621337	0.769044	0.0	0.0	10	9
test	H0731	1011011011	0.373052	0.286457	0.0	0.0	10	9
test	H0732	1011011100	0.499377	0.531993	0.0	0.0	10	9
test	H0733	1011011101	0.455959	0.447601	0.0	0.0	10	9
test	H0734	1011011110	0.663020	0.850064	1.0	0.0	10	9
test	H0735	1011011111	0.499136	0.531525	0.0	0.0	10	9
test	H0736	1011100000	0.370934	0.282340	0.0	0.0	10	9
test	H0737	1011100001	0.431599	0.400254	0.0	0.0	10	9
test	H0738	1011100010	0.499974	0.533154	0.0	0.0	10	9
test	H0739	1011100011	0.524495	0.580814	0.0	0.0	10	9
test	H0740	1011100100	0.445774	0.427805	0.0	0.0	10	9
test	H0741	1011100101	0.453567	0.442953	0.0	0.0	10	9
test	H0742	1011100110	0.524935	0.581670	0.0	0.0	10	9
test	H0743	1011100111	0.482776	0.499726	0.0	0.0	10	9
test	H0744	1011101000	0.578516	0.685813	0.0	0.0	10	9
test	H0745	1011101001	0.552857	0.635942	0.0	0.0	10	9
test	H0746	1011101010	0.369427	0.279411	0.0	0.0	10	9
test	H0747	1011101011	0.620625	0.767661	1.0	0.0	10	9
test	H0748	1011101100	0.597473	0.722662	1.0	0.0	10	9
test	H0749	1011101101	0.416615	0.371129	0.0	0.0	10	9
test	H0750	1011101110	0.529515	0.590573	0.0	0.0	10	9
test	H0751	1011101111	0.572281	0.673696	0.0	0.0	10	9
test	H0752	1011110000	0.504303	0.541568	0.0	0.0	10	9
test	H0753	1011110001	0.637169	0.799817	0.0	0.0	10	9
test	H0754	1011110010	0.581306	0.691237	0.0	0.0	10	9
test	H0755	1011110011	0.602902	0.733213	0.0	0.0	10	9
test	H0756	1011110100	0.418609	0.375005	0.0	0.0	10	9
test	H0757	1011110101	0.549028	0.628499	0.0	0.0	10	9
test	H0758	1011110110	0.513931	0.560282	0.0	0.0	10	9
test	H0759	1011110111	0.472927	0.480582	0.0	0.0	10	9
test	H0760	1011111000	0.225674	0.000000	0.0	0.0	10	9
test	H0761	1011111001	0.335126	0.212740	0.0	0.0	10	9
test	H0762	1011111010	0.400302	0.339422	0.0	0.0	10	9
test	H0763	1011111011	0.595974	0.719748	0.0	0.0	10	9
test	H0764	1011111100	0.507136	0.547075	0.0	0.0	10	9
test	H0765	1011111101	0.360415	0.261894	0.0	0.0	10	9
test	H0766	1011111110	0.429177	0.395545	0.0	0.0	10	9
test	H0767	1011111111	0.537877	0.606825	0.0	0.0	10	9
test	H0768	1100000000	0.524529	0.580881	0.0	0.0	10	9
test	H0769	1100000001	0.633579	0.792839	0.0	0.0	10	9
test	H0770	1100000010	0.318750	0.180910	0.0	0.0	10	9
test	H0771	1100000011	0.530853	0.593171	0.0	0.0	10	9
test	H0772	1100000100	0.588313	0.704856	0.0	0.0	10	9
test	H0773	1100000101	0.547803	0.626117	0.0	0.0	10	9
test	H0774	1100000110	0.330579	0.203903	0.0	0.0	10	9
test	H0775	1100000111	0.599174	0.725967	1.0	0.0	10	9
test	H0776	1100001000	0.584515	0.697473	0.0	0.0	10	9
test	H0777	1100001001	0.552622	0.635485	0.0	0.0	10	9
test	H0778	1100001010	0.447534	0.431226	0.0	0.0	10	9
test	H0779	1100001011	0.457334	0.450274	0.0	0.0	10	9
test	H0780	1100001100	0.363607	0.268098	0.0	0.0	10	9
test	H0781	1100001101	0.381310	0.302508	0.0	0.0	10	9
test	H0782	1100001110	0.387098	0.313757	0.0	0.0	10	9
test	H0783	1100001111	0.473673	0.482032	0.0	0.0	10	9
test	H0784	1100010000	0.492083	0.517815	0.0	0.0	10	9
test	H0785	1100010001	0.498589	0.530461	0.0	0.0	10	9
test	H0786	1100010010	0.419743	0.377209	0.0	0.0	10	9
test	H0787	1100010011	0.564130	0.657853	0.0	0.0	10	9
test	H0788	1100010100	0.560123	0.650065	0.0	0.0	10	9
test	H0789	1100010101	0.393374	0.325956	0.0	0.0	10	9
test	H0790	1100010110	0.580484	0.689640	0.0	0.0	10	9
test	H0791	1100010111	0.257978	0.062789	0.0	0.0	10	9
test	H0792	1100011000	0.351592	0.244745	0.0	0.0	10	9
test	H0793	1100011001	0.473751	0.482183	0.0	0.0	10	9
test	H0794	1100011010	0.389552	0.318527	0.0	0.0	10	9
test	H0795	1100011011	0.574531	0.678068	0.0	0.0	10	9
test	H0796	1100011100	0.490519	0.514775	0.0	0.0	10	9
test	H0797	1100011101	0.528361	0.588329	0.0	0.0	10	9
test	H0798	1100011110	0.475862	0.486287	0.0	0.0	10	9
test	H0799	1100011111	0.535071	0.601371	0.0	0.0	10	9
test	H0800	1100100000	0.565237	0.660004	0.0	0.0	10	9
test	H0801	1100100001	0.526717	0.585134	0.0	0.0	10	9
test	H0802	1100100010	0.546029	0.622670	0.0	0.0	10	9
test	H0803	1100100011	0.367997	0.276630	0.0	0.0	10	9
test	H0804	1100100100	0.531691	0.594801	0.0	0.0	10	9
test	H0805	1100100101	0.354865	0.251107	0.0	0.0	10	9
test	H0806	1100100110	0.668467	0.860651	1.0	0.0	10	9
test	H0807	1100100111	0.564413	0.658403	0.0	0.0	10	9
test	H0808	1100101000	0.494443	0.522404	0.0	0.0	10	9
test	H0809	1100101001	0.546393	0.623377	0.0	0.0	10	9
test	H0810	1100101010	0.578328	0.685449	0.0	0.0	10	9
test	H0811	1100101011	0.542826	0.616445	0.0	0.0	10	9
test	H0812	1100101100	0.503441	0.539892	0.0	0.0	10	9
test	H0813	1100101101	0.572677	0.674465	0.0	0.0	10	9
test	H0814	1100101110	0.416778	0.371447	0.0	0.0	10	9
test	H0815	1100101111	0.611699	0.750312	0.0	0.0	10	9
test	H0816	1100110000	0.387850	0.315220	0.0	0.0	10	9
test	H0817	1100110001	0.531788	0.594990	0.0	0.0	10	9
test	H0818	1100110010	0.524460	0.580747	0.0	0.0	10	9
test	H0819	1100110011	0.497418	0.528186	0.0	0.0	10	9
test	H0820	1100110100	0.452336	0.440560	0.0	0.0	10	9
test	H0821	1100110101	0.376048	0.292280	0.0	0.0	10	9
test	H0822	1100110110	0.516238	0.564765	0.0	0.0	10	9
test	H0823	1100110111	0.539901	0.610760	0.0	0.0	10	9
test	H0824	1100111000	0.536457	0.604065	0.0	0.0	10	9
test	H0825	1100111001	0.598477	0.724611	1.0	0.0	10	9
test	H0826	1100111010	0.407514	0.353440	0.0	0.0	10	9
test	H0827	1100111011	0.406241	0.350965	0.0	0.0	10	9
test	H0828	1100111100	0.372483	0.285351	0.0	0.0	10	9
test	H0829	1100111101	0.549704	0.629812	0.0	0.0	10	9
test	H0830	1100111110	0.482533	0.499253	0.0	0.0	10	9
test	H0831	1100111111	0.513376	0.559203	0.0	0.0	10	9
test	H0832	1101000000	0.556387	0.642802	0.0	0.0	10	9
test	H0833	1101000001	0.673799	0.871015	1.0	0.0	10	9
test	H0834	1101000010	0.457688	0.450962	0.0	0.0	10	9
test	H0835	1101000011	0.461422	0.458221	0.0	0.0	10	9
test	H0836	1101000100	0.489758	0.513296	0.0	0.0	10	9
test	H0837	1101000101	0.443731	0.423835	0.0	0.0	10	9
test	H0838	1101000110	0.441061	0.418645	0.0	0.0	10	9
test	H0839	1101000111	0.486572	0.507104	0.0	0.0	10	9
test	H0840	1101001000	0.570414	0.670066	0.0	0.0	10	9
test	H0841	1101001001	0.404024	0.346656	0.0	0.0	10	9
test	H0842	1101001010	0.479293	0.492956	0.0	0.0	10	9
test	H0843	1101001011	0.566154	0.661787	0.0	0.0	10	9
test	H0844	1101001100	0.555484	0.641048	0.0	0.0	10	9
test	H0845	1101001101	0.677139	0.877507	1.0	0.0	10	9
test	H0846	1101001110	0.396167	0.331385	0.0	0.0	10	9
test	H0847	1101001111	0.383724	0.307200	0.0	0.0	10	9
test	H0848	1101010000	0.575554	0.680057	0.0	0.0	10	9
test	H0849	1101010001	0.399471	0.337807	0.0	0.0	10	9
test	H0850	1101010010	0.430458	0.398036	0.0	0.0	10	9
test	H0851	1101010011	0.488318	0.510498	0.0	0.0	10	9
test	H0852	1101010100	0.471889	0.478566	0.0	0.0	10	9
test	H0853	1101010101	0.331589	0.205866	0.0	0.0	10	9
test	H0854	1101010110	0.375766	0.291732	0.0	0.0	10	9
test	H0855	1101010111	0.435848	0.408513	0.0	0.0	10	9
test	H0856	1101011000	0.537386	0.605870	0.0	0.0	10	9
test	H0857	1101011001	0.567256	0.663928	1.0	0.0	10	9
test	H0858	1101011010	0.655513	0.835473	1.0	0.0	10	9
test	H0859	1101011011	0.354357	0.250120	0.0	0.0	10	9
test	H0860	1101011100	0.642465	0.810111	1.0	0.0	10	9
test	H0861	1101011101	0.540312	0.611558	0.0	0.0	10	9
test	H0862	1101011110	0.534063	0.599411	0.0	0.0	10	9
test	H0863	1101011111	0.433027	0.403030	0.0	0.0	10	9
test	H0864	1101100000	0.472873	0.480477	0.0	0.0	10	9
test	H0865	1101100001	0.630834	0.787504	0.0	0.0	10	9
test	H0866	1101100010	0.339641	0.221517	0.0	0.0	10	9
test	H0867	1101100011	0.377096	0.294318	0.0	0.0	10	9
test	H0868	1101100100	0.410856	0.359935	0.0	0.0	10	9
test	H0869	1101100101	0.478035	0.490512	0.0	0.0	10	9
test	H0870	1101100110	0.435334	0.407513	0.0	0.0	10	9
test	H0871	1101100111	0.506494	0.545826	0.0	0.0	10	9
test	H0872	1101101000	0.576153	0.681222	0.0	0.0	10	9
test	H0873	1101101001	0.363334	0.267568	0.0	0.0	10	9
test	H0874	1101101010	0.510827	0.554249	0.0	0.0	10	9
test	H0875	1101101011	0.309485	0.162902	0.0	0.0	10	9
test	H0876	1101101100	0.632852	0.791426	0.0	0.0	10	9
test	H0877	1101101101	0.642182	0.809561	0.0	0.0	10	9
test	H0878	1101101110	0.622563	0.771428	0.0	0.0	10	9
test	H0879	1101101111	0.622358	0.771029	0.0	0.0	10	9
test	H0880	1101110000	0.526126	0.583985	0.0	0.0	10	9
test	H0881	1101110001	0.476813	0.488136	0.0	0.0	10	9
test	H0882	1101110010	0.626118	0.778338	1.0	0.0	10	9
test	H0883	1101110011	0.433773	0.404479	0.0	0.0	10	9
test	H0884	1101110100	0.579037	0.686828	0.0	0.0	10	9
test	H0885	1101110101	0.556070	0.642186	0.0	0.0	10	9
test	H0886	1101110110	0.492494	0.518615	0.0	0.0	10	9
test	H0887	1101110111	0.580603	0.689871	0.0	0.0	10	9
test	H0888	1101111000	0.524519	0.580861	0.0	0.0	10	9
test	H0889	1101111001	0.332109	0.206876	0.0	0.0	10	9
test	H0890	1101111010	0.450249	0.436503	0.0	0.0	10	9
test	H0891	1101111011	0.476153	0.486853	0.0	0.0	10	9
test	H0892	1101111100	0.356464	0.254214	0.0	0.0	10	9
test	H0893	1101111101	0.424269	0.386006	0.0	0.0	10	9
test	H0894	1101111110	0.470064	0.475017	0.0	0.0	10	9
test	H0895	1101111111	0.503700	0.540396	0.0	0.0	10	9
test	H0896	1110000000	0.270880	0.087866	0.0	0.0	10	9
test	H0897	1110000001	0.481396	0.497044	0.0	0.0	10	9
test	H0898	1110000010	0.590455	0.709020	0.0	0.0	10	9
test	H0899	1110000011	0.597722	0.723145	1.0	0.0	10	9
test	H0900	1110000100	0.549442	0.629304	0.0	0.0	10	9
test	H0901	1110000101	0.398952	0.336799	0.0	0.0	10	9
test	H0902	1110000110	0.500139	0.533473	0.0	0.0	10	9
test	H0903	1110000111	0.526334	0.584389	0.0	0.0	10	9
test	H0904	1110001000	0.671711	0.866955	1.0	0.0	10	9
test	H0905	1110001001	0.361584	0.264167	0.0	0.0	10	9
test	H0906	1110001010	0.606498	0.740203	0.0	0.0	10	9
test	H0907	1110001011	0.559075	0.648027	0.0	0.0	10	9
test	H0908	1110001100	0.358650	0.258464	0.0	0.0	10	9
test	H0909	1110001101	0.409995	0.358262	0.0	0.0	10	9
test	H0910	1110001110	0.424161	0.385796	0.0	0.0	10	9
test	H0911	1110001111	0.444971	0.426246	0.0	0.0	10	9
test	H0912	1110010000	0.493515	0.520600	0.0	0.0	10	9
test	H0913	1110010001	0.628705	0.783365	0.0	0.0	10	9
test	H0914	1110010010	0.474333	0.483315	0.0	0.0	10	9
test	H0915	1110010011	0.417434	0.372722	0.0	0.0	10	9
test	H0916	1110010100	0.479214	0.492802	0.0	0.0	10	9
test	H0917	1110010101	0.614846	0.756427	0.0	0.0	10	9
test	H0918	1110010110	0.637159	0.799798	0.0	0.0	10	9
test	H0919	1110010111	0.639486	0.804320	1.0	0.0	10	9
test	H0920	1110011000	0.407465	0.353345	0.0	0.0	10	9
test	H0921	1110011001	0.448548	0.433197	0.0	0.0	10	9
test	H0922	1110011010	0.634025	0.793705	1.0	0.0	10	9
test	H0923	1110011011	0.561342	0.652434	0.0	0.0	10	9
test	H0924	1110011100	0.434313	0.405530	0.0	0.0	10	9
test	H0925	1110011101	0.476595	0.487711	0.0	0.0	10	9
test	H0926	1110011110	0.597221	0.722171	0.0	0.0	10	9
test	H0927	1110011111	0.483091	0.500337	0.0	0.0	10	9
test	H0928	1110100000	0.571296	0.671781	1.0	0.0	10	9
test	H0929	1110100001	0.479265	0.492901	0.0	0.0	10	9
test	H0930	1110100010	0.426476	0.390296	0.0	0.0	10	9
test	H0931	1110100011	0.401123	0.341018	0.0	0.0	10	9
test	H0932	1110100100	0.523696	0.579261	0.0	0.0	10	9
test	H0933	1110100101	0.483400	0.500938	0.0	0.0	10	9
test	H0934	1110100110	0.541037	0.612967	0.0	0.0	10	9
test	H0935	1110100111	0.399144	0.337170	0.0	0.0	10	9
test	H0936	1110101000	0.544399	0.619502	0.0	0.0	10	9
test	H0937	1110101001	0.671786	0.867102	1.0	0.0	10	9
test	H0938	1110101010	0.672761	0.868997	1.0	0.0	10	9
test	H0939	1110101011	0.544994	0.620658	0.0	0.0	10	9
test	H0940	1110101100	0.589744	0.707639	1.0	0.0	10	9
test	H0941	1110101101	0.462609	0.460528	0.0	0.0	10	9
test	H0942	1110101110	0.397036	0.333075	0.0	0.0	10	9
test	H0943	1110101111	0.666915	0.857635	1.0	0.0	10	9
test	H0944	1110110000	0.476679	0.487875	0.0	0.0	10	9
test	H0945	1110110001	0.457709	0.451004	0.0	0.0	10	9
test	H0946	1110110010	0.397420	0.333820	0.0	0.0	10	9
test	H0947	1110110011	0.516480	0.565235	1.0	0.0	10	9
test	H0948	1110110100	0.423014	0.383567	0.0	0.0	10	9
test	H0949	1110110101	0.671422	0.866394	1.0	0.0	10	9
test	H0950	1110110110	0.434955	0.406776	0.0	0.0	10	9
test	H0951	1110110111	0.325895	0.194798	0.0	0.0	10	9
test	H0952	1110111000	0.425094	0.387609	0.0	0.0	10	9
test	H0953	1110111001	0.585320	0.699040	0.0	0.0	10	9
test	H0954	1110111010	0.625674	0.777474	0.0	0.0	10	9
test	H0955	1110111011	0.311835	0.167470	0.0	0.0	10	9
test	H0956	1110111100	0.537607	0.606300	0.0	0.0	10	9
test	H0957	1110111101	0.533844	0.598986	0.0	0.0	10	9
test	H0958	1110111110	0.434461	0.405817	0.0	0.0	10	9
test	H0959	1110111111	0.348000	0.237763	0.0	0.0	10	9
test	H0960	1111000000	0.568886	0.667097	1.0	0.0	10	9
test	H0961	1111000001	0.519386	0.570884	0.0	0.0	10	9
test	H0962	1111000010	0.533114	0.597567	0.0	0.0	10	9
test	H0963	1111000011	0.502497	0.538057	0.0	0.0	10	9
test	H0964	1111000100	0.534348	0.599966	0.0	0.0	10	9
test	H0965	1111000101	0.448248	0.432614	0.0	0.0	10	9
test	H0966	1111000110	0.480322	0.494956	0.0	0.0	10	9
test	H0967	1111000111	0.481924	0.498069	0.0	0.0	10	9
test	H0968	1111001000	0.322287	0.187785	0.0	0.0	10	9
test	H0969	1111001001	0.369653	0.279851	0.0	0.0	10	9
test	H0970	1111001010	0.458028	0.451623	0.0	0.0	10	9
test	H0971	1111001011	0.508001	0.548756	0.0	0.0	10	9
test	H0972	1111001100	0.568828	0.666984	0.0	0.0	10	9
test	H0973	1111001101	0.527469	0.586594	0.0	0.0	10	9
test	H0974	1111001110	0.484847	0.503751	0.0	0.0	10	9
test	H0975	1111001111	0.488627	0.511098	0.0	0.0	10	9
test	H0976	1111010000	0.474938	0.484491	0.0	0.0	10	9
test	H0977	1111010001	0.457812	0.451203	0.0	0.0	10	9
test	H0978	1111010010	0.504790	0.542514	0.0	0.0	10	9
test	H0979	1111010011	0.547891	0.626289	0.0	0.0	10	9
test	H0980	1111010100	0.295292	0.135316	0.0	0.0	10	9
test	H0981	1111010101	0.471167	0.477161	0.0	0.0	10	9
test	H0982	1111010110	0.546899	0.624360	0.0	0.0	10	9
test	H0983	1111010111	0.405764	0.350039	0.0	0.0	10	9
test	H0984	1111011000	0.617657	0.761893	1.0	0.0	10	9
test	H0985	1111011001	0.531320	0.594079	0.0	0.0	10	9
test	H0986	1111011010	0.282353	0.110166	0.0	0.0	10	9
test	H0987	1111011011	0.410588	0.359415	0.0	0.0	10	9
test	H0988	1111011100	0.368418	0.277450	0.0	0.0	10	9
test	H0989	1111011101	0.534575	0.600406	0.0	0.0	10	9
test	H0990	1111011110	0.537400	0.605898	0.0	0.0	10	9
test	H0991	1111011111	0.424717	0.386877	0.0	0.0	10	9
test	H0992	1111100000	0.543118	0.617011	0.0	0.0	10	9
test	H0993	1111100001	0.465767	0.466667	0.0	0.0	10	9
test	H0994	1111100010	0.507362	0.547513	0.0	0.0	10	9
test	H0995	1111100011	0.537597	0.606280	1.0	0.0	10	9
test	H0996	1111100100	0.575332	0.679625	0.0	0.0	10	9
test	H0997	1111100101	0.617739	0.762052	1.0	0.0	10	9
test	H0998	1111100110	0.445199	0.426688	0.0	0.0	10	9
test	H0999	1111100111	0.407479	0.353372	0.0	0.0	10	9
test	H1000	1111101000	0.406510	0.351489	0.0	0.0	10	9
test	H1001	1111101001	0.592795	0.713568	0.0	0.0	10	9
test	H1002	1111101010	0.518440	0.569046	0.0	0.0	10	9
test	H1003	1111101011	0.497952	0.529223	0.0	0.0	10	9
test	H1004	1111101100	0.588036	0.704317	0.0	0.0	10	9
test	H1005	1111101101	0.396761	0.332540	0.0	0.0	10	9
test	H1006	1111101110	0.256283	0.059493	0.0	0.0	10	9
test	H1007	1111101111	0.599517	0.726634	0.0	0.0	10	9
test	H1008	1111110000	0.507734	0.548237	0.0	0.0	10	9
test	H1009	1111110001	0.270788	0.087687	0.0	0.0	10	9
test	H1010	1111110010	0.460514	0.456455	0.0	0.0	10	9
test	H1011	1111110011	0.457846	0.451270	0.0	0.0	10	9
test	H1012	1111110100	0.680627	0.884286	1.0	0.0	10	9
test	H1013	1111110101	0.583440	0.695385	0.0	0.0	10	9
test	H1014	1111110110	0.490631	0.514993	0.0	0.0	10	9
test	H1015	1111110111	0.541068	0.613028	0.0	0.0	10	9
test	H1016	1111111000	0.242185	0.032092	0.0	0.0	10	9
test	H1017	1111111001	0.351670	0.244897	0.0	0.0	10	9
test	H1018	1111111010	0.478648	0.491703	0.0	0.0	10	9
test	H1019	1111111011	0.477131	0.488754	0.0	0.0	10	9
test	H1020	1111111100	0.440102	0.416780	0.0	0.0	10	9
test	H1021	1111111101	0.558951	0.647786	0.0	0.0	10	9
test	H1022	1111111110	0.460868	0.457144	0.0	0.0	10	9
test	H1023	1111111111	0.463720	0.462687	0.0	0.0	10	9
