Variant	Fitness
N331	0
I332	0
T333	0
N334	0
L335	0
C336	0
P337	0
F338	0
G339	0
E340	0
V341	0
F342	0
N343	0
A344	0
T345	0
R346	0
F347	0
A348	0
S349	0
V350	0
Y351	0
A352	0
W353	0
N354	0
R355	0
K356	0
R357	0
I358	0
S359	0
N360	0
C361	0
V362	0
A363	0
D364	0
Y365	0
S366	0
V367	0
L368	0
Y369	0
N370	0
S371	0
A372	0
S373	0
F374	0
S375	0
T376	0
F377	0
K378	0
C379	0
Y380	0
G381	0
V382	0
S383	0
P384	0
T385	0
K386	0
L387	0
N388	0
D389	0
L390	0
C391	0
F392	0
T393	0
N394	0
V395	0
Y396	0
A397	0
D398	0
S399	0
F400	0
V401	0
I402	0
R403	0
G404	0
D405	0
E406	0
V407	0
R408	0
Q409	0
I410	0
A411	0
P412	0
G413	0
Q414	0
T415	0
G416	0
K417	0
I418	0
A419	0
D420	0
Y421	0
N422	0
Y423	0
K424	0
L425	0
P426	0
D427	0
D428	0
F429	0
T430	0
G431	0
C432	0
V433	0
I434	0
A435	0
W436	0
N437	0
S438	0
N439	0
N440	0
L441	0
D442	0
S443	0
K444	0
V445	0
G446	0
G447	0
N448	0
Y449	0
N450	0
Y451	0
L452	0
Y453	0
R454	0
L455	0
F456	0
R457	0
K458	0
S459	0
N460	0
L461	0
K462	0
P463	0
F464	0
E465	0
R466	0
D467	0
I468	0
S469	0
T470	0
E471	0
I472	0
Y473	0
Q474	0
A475	0
G476	0
S477	0
T478	0
P479	0
C480	0
N481	0
G482	0
V483	0
E484	0
G485	0
F486	0
N487	0
C488	0
Y489	0
F490	0
P491	0
L492	0
Q493	0
S494	0
Y495	0
G496	0
F497	0
Q498	0
P499	0
T500	0
N501	0
G502	0
V503	0
G504	0
Y505	0
Q506	0
P507	0
Y508	0
R509	0
V510	0
V511	0
V512	0
L513	0
S514	0
F515	0
E516	0
L517	0
L518	0
H519	0
A520	0
P521	0
A522	0
T523	0
V524	0
C525	0
G526	0
P527	0
K528	0
K529	0
S530	0
T531	0
331A	0.06027
331C	-0.15567
331D	-0.01751
331E	0.154
331F	-0.1147
331G	-0.03465
331H	0.08579
331I	-0.01564
331K	0.09311
331L	-0.13442
331M	-0.0009
331P	0.14642
331Q	0.02248
331R	-0.03778
331S	-0.07159
331T	-0.11159
331V	0.03281
331W	-0.13931
331Y	-0.13358
332C	-0.12153
332D	-0.07476
332E	-0.01559
332F	0.02127
332G	0.02762
332H	-0.01879
332K	0.06242
332L	-0.08383
332M	-0.00255
332N	-0.13789
332P	0.04542
332Q	-0.04695
332R	-0.03723
332S	-0.04313
332T	-0.06074
332V	0.02809
332W	0.02019
332Y	-0.03884
333A	-0.02454
333C	-0.33095
333D	0.05865
333E	0.05119
333F	-0.37864
333G	-0.05964
333H	0.02959
333I	-0.34358
333K	-0.03672
333L	-0.08687
333M	-0.12542
333N	-0.00905
333P	-0.07627
333Q	0.26729
333R	-0.15229
333S	-0.90837
333V	0.00461
333W	-0.21266
333Y	-0.25217
334A	0.01797
334C	-0.16001
334D	-0.0658
334E	-0.09946
334F	-0.2343
334G	-0.05235
334H	-0.09108
334I	-0.28169
334K	0.04882
334L	-0.28232
334M	-0.20501
334P	-0.01986
334Q	0.04799
334R	0.12116
334S	-0.24203
334T	-0.00914
334V	-0.15812
334W	-0.34576
334Y	-0.41303
335A	0.03934
335C	-0.18253
335D	0.03234
335E	0.0016
335F	-0.05628
335G	-0.13923
335H	-0.01583
335I	-0.04248
335K	-0.01329
335M	-0.07157
335N	-0.04116
335P	0.12262
335Q	0.05018
335R	-0.02956
335S	0.02344
335T	-0.02231
335V	0.00385
335W	-0.03016
335Y	0.00597
336A	-0.87125
336D	-0.58024
336E	-0.7665
336F	-0.67122
336G	-0.88967
336H	-0.67894
336I	-0.92177
336K	-1.01284
336L	-0.94617
336M	-0.7341
336N	-0.5989
336P	-0.97905
336Q	-0.91405
336R	-1.10309
336S	-0.66842
336T	-0.68737
336V	-0.76137
336W	-0.96964
336Y	-0.75431
337A	-0.10211
337C	-0.42975
337D	0.10552
337E	-0.04466
337F	-0.43904
337G	-0.23287
337H	-0.27252
337I	-0.66273
337K	-0.09451
337L	-0.31472
337M	-0.35956
337N	0.08707
337Q	-0.08367
337R	-0.1911
337S	-0.14182
337T	-0.28053
337V	-0.40826
337W	-0.39824
337Y	-0.33887
338A	-1.25796
338C	-1.2521
338D	-1.77174
338E	-1.73771
338G	-1.39524
338H	-1.21895
338I	-0.30307
338K	-1.83649
338L	-0.0467
338M	-0.32375
338N	-1.62437
338P	-1.15126
338Q	-1.74719
338R	-1.94748
338S	-1.56733
338T	-1.12593
338V	-0.66969
338W	0.08838
338Y	-0.12052
339A	-0.06898
339C	-0.36566
339D	0.17962
339E	0.01619
339F	-0.13878
339H	-0.00034
339I	-0.42983
339K	-0.15788
339L	-0.41737
339M	-0.19208
339N	0.03375
339P	-0.46223
339Q	-0.06485
339R	-0.21038
339S	0.04148
339T	-0.16309
339V	-0.36297
339W	-0.27445
339Y	-0.2286
340A	-0.15371
340C	-0.69293
340D	-0.04672
340F	-0.62751
340G	-0.31312
340H	-0.37711
340I	-0.35366
340K	-0.238
340L	-0.23733
340M	-0.35084
340N	-0.26218
340P	-0.31318
340Q	-0.19037
340R	-0.34342
340S	-0.19441
340T	-0.34423
340V	-0.33107
340W	-0.63078
340Y	-0.509
341A	-0.98386
341C	-1.46442
341D	-1.35597
341E	-1.45199
341F	-0.75816
341G	-1.98699
341H	-1.09427
341I	0.07876
341K	-1.77527
341L	-0.35956
341M	-0.51489
341N	-1.81046
341P	-1.22913
341Q	-1.65791
341R	-1.83544
341S	-0.95781
341T	-0.5877
341W	-0.54673
341Y	-0.77375
342A	-1.38653
342C	-1.52437
342D	-2.29181
342E	-2.12947
342G	-1.92125
342H	-2.06669
342I	-0.34516
342K	-1.90014
342L	-0.37467
342M	-0.37451
342N	-2.17475
342P	-2.50048
342Q	-1.76102
342R	-1.77741
342S	-2.03977
342T	-1.04511
342V	-0.55884
342W	-0.95213
342Y	-1.06698
343A	-0.38691
343C	-0.74512
343D	-0.41845
343E	-0.28705
343F	-0.369
343G	-0.25835
343H	-0.31694
343I	-1.39316
343K	-0.40084
343L	-0.48377
343M	-0.4772
343P	-2.07035
343Q	-0.32212
343R	-0.34923
343S	-0.32398
343T	-0.30158
343V	-1.05992
343W	-0.50185
343Y	-0.36513
344C	-0.49291
344D	-0.43119
344E	-0.37096
344F	-1.24797
344G	-0.33548
344H	-0.46321
344I	-0.4346
344K	-0.23425
344L	-0.66991
344M	-0.42306
344N	-0.12758
344P	-1.14799
344Q	-0.12837
344R	-0.26343
344S	-0.15907
344T	-0.41471
344V	-0.38557
344W	-1.65245
344Y	-0.97551
345A	-0.25635
345C	-0.74635
345D	-0.24156
345E	-0.24544
345F	-0.49216
345G	-0.27402
345H	-0.30897
345I	-0.33377
345K	-0.12101
345L	-0.30064
345M	-0.37711
345N	-0.28593
345P	-0.17738
345Q	-0.27089
345R	-0.19273
345S	0.00176
345V	-0.3609
345W	-0.68132
345Y	-0.49687
346A	0.02806
346C	-0.25744
346D	-0.08243
346E	0.00757
346F	-0.0808
346G	-0.19534
346H	0.05335
346I	-0.02334
346K	0.07397
346L	-0.12917
346M	-0.08163
346N	0.11011
346P	-0.46308
346Q	0.07756
346S	0.12297
346T	0.13867
346V	0.06926
346W	-0.11405
346Y	-0.0266
347A	-1.18437
347C	-1.66073
347D	-2.66266
347E	-2.27999
347G	-1.27649
347H	-1.52027
347I	-1.06674
347K	-2.07477
347L	-1.08472
347M	-0.49165
347N	-2.55914
347P	-0.90155
347Q	-1.6654
347R	-1.699
347S	-1.20256
347T	-1.61072
347V	-1.00656
347W	0.11062
347Y	-0.38526
348C	-0.32545
348D	-0.17108
348E	-0.19772
348F	-0.28751
348G	-0.08959
348H	-0.25119
348I	-1.38938
348K	-0.28668
348L	-0.67342
348M	-0.34859
348N	-0.05532
348P	-0.04141
348Q	-0.24601
348R	-0.20134
348S	0.09694
348T	-0.29005
348V	-0.47403
348W	-0.37224
348Y	-0.32047
349A	-0.47542
349C	-0.47146
349E	-1.51437
349F	-2.65588
349G	-0.50355
349H	-0.44418
349I	-2.82393
349K	-1.32715
349L	-2.36581
349M	-0.90496
349N	-0.34217
349P	-0.36889
349Q	-1.18565
349R	-1.75746
349T	-0.97427
349V	-2.53587
349W	-2.3901
349Y	-2.26485
350A	-0.42902
350C	-0.77296
350D	-3.33015
350E	-3.40276
350F	-3.12474
350G	-2.39209
350H	-3.26026
350I	-0.41215
350K	-3.37314
350L	-2.46211
350M	-3.19988
350N	-2.53303
350P	-0.46386
350Q	-3.45136
350R	-3.02618
350S	-1.23165
350T	-1.19795
350W	-3.08452
350Y	-3.37291
351A	-0.59515
351C	-0.53591
351D	-2.39705
351E	-2.39059
351F	-0.05668
351G	-2.33132
351H	-0.35058
351I	-1.01534
351K	-2.48227
351L	-1.15096
351M	-0.47378
351N	-0.55895
351P	-1.07063
351Q	-1.17291
351R	-2.5773
351S	-0.61373
351T	-0.60167
351V	-0.28991
351W	-0.31149
352C	-0.26298
352D	-0.10573
352E	-0.17639
352F	-0.27089
352G	-0.33548
352H	-0.15338
352I	-0.56054
352K	-0.15483
352L	-0.38636
352M	-0.16243
352N	-0.12484
352P	-2.76483
352Q	-0.13173
352R	-0.16921
352S	-0.05124
352T	-0.33271
352V	-0.46829
352W	-0.41706
352Y	-0.22898
353A	-1.57349
353C	-1.60917
353D	-2.31618
353E	-2.10761
353F	-0.22294
353G	-2.1595
353H	-1.04465
353I	-1.98828
353K	-2.00687
353L	-2.14458
353M	-1.80551
353N	-1.98275
353P	-0.73333
353Q	-2.19386
353R	-2.05341
353S	-1.56157
353T	-1.77063
353V	-1.72056
353Y	-0.21786
354A	-0.0861
354C	-0.36328
354D	0.01059
354E	0.06456
354F	-0.54204
354G	-0.11063
354H	-0.06811
354I	-0.37392
354K	0.08752
354L	-0.45657
354M	-0.33787
354P	-0.95126
354Q	0.03198
354R	0.14226
354S	0.02731
354T	-0.00044
354V	-0.2208
354W	-0.86742
354Y	-0.39951
355A	-2.507
355C	-2.64455
355D	-3.04627
355E	-2.17984
355F	-2.54687
355G	-2.62338
355H	-0.44743
355I	-2.94938
355K	-2.1698
355L	-3.02373
355M	-2.60818
355N	-2.13877
355P	-2.56183
355Q	-0.99871
355S	-0.83857
355T	-0.74729
355V	-2.19979
355W	-2.91441
355Y	-2.83078
356A	-0.28103
356C	-0.38489
356D	-0.7279
356E	-0.23576
356F	-0.49949
356G	-1.20427
356H	-0.29411
356I	-0.23115
356L	-0.15001
356M	-0.06923
356N	-0.47575
356P	-3.3318
356Q	-0.15583
356R	-0.013
356S	-0.25586
356T	0.04345
356V	-0.2012
356W	-0.47264
356Y	-0.52462
357A	-0.11078
357C	-0.24737
357D	-0.27792
357E	-0.13069
357F	-0.17854
357G	-0.24212
357H	-0.13973
357I	-0.10311
357K	0.03266
357L	-0.18696
357M	-0.13582
357N	-0.18059
357P	-0.27452
357Q	-0.09117
357S	-0.13583
357T	-0.05507
357V	-0.02731
357W	-0.26482
357Y	-0.2355
358A	-0.72306
358C	-0.46636
358D	-2.55466
358E	-2.0484
358F	0.0526
358G	-0.93039
358H	-0.80309
358K	-1.99416
358L	0.08622
358M	0.03731
358N	-1.32828
358P	-2.82669
358Q	-1.46096
358R	-2.07519
358S	-1.00554
358T	-1.359
358V	-0.30721
358W	0.05295
358Y	-0.16704
359A	-0.02737
359C	-0.24822
359D	-0.1409
359E	-0.03447
359F	-0.23005
359G	-0.14482
359H	-0.05656
359I	-0.29152
359K	-0.12119
359L	-0.35813
359M	-0.26847
359N	-0.03333
359P	-0.3024
359Q	-0.02415
359R	-0.08854
359T	0.0457
359V	-0.1772
359W	-0.25405
359Y	-0.30011
360A	-0.2368
360C	-0.33923
360D	0.0114
360E	-0.20343
360F	-0.35573
360G	-0.13196
360H	-0.06861
360I	-0.87855
360K	-0.27542
360L	-0.47043
360M	-0.33772
360P	-0.21392
360Q	-0.31064
360R	-0.26424
360S	-0.15267
360T	-0.3853
360V	-0.96875
360W	-0.33695
360Y	-0.28094
361A	-0.5098
361D	-0.70506
361E	-0.71315
361F	-0.57644
361G	-0.68195
361H	-0.70109
361I	-0.95629
361K	-0.74555
361L	-0.66856
361M	-0.90837
361N	-0.62053
361P	-0.47099
361Q	-0.68858
361R	-0.79833
361S	-0.99585
361T	-0.83807
361V	-0.68862
361W	-0.76729
361Y	-0.99044
362A	-0.24486
362C	-0.20255
362D	-0.29706
362E	-0.17353
362F	-0.0769
362G	-0.34533
362H	-0.01475
362I	0.12929
362K	-0.02417
362L	-0.10553
362M	-0.04094
362N	-0.1005
362P	-0.72159
362Q	-0.08951
362R	-0.01662
362S	-0.18014
362T	-0.02974
362W	-0.01663
362Y	-0.04485
363C	-0.42909
363D	-0.93813
363E	-0.66869
363F	-0.14002
363G	-0.27555
363H	-0.32983
363I	-0.2503
363K	-0.59606
363L	-0.12755
363M	-0.20134
363N	-0.52403
363P	-0.33454
363Q	-0.21616
363R	-0.70133
363S	-0.31317
363T	-0.32938
363V	-0.29051
363W	0.0473
363Y	-0.28697
364A	-0.61251
364C	-0.50241
364E	-0.31254
364F	-0.9122
364G	-0.58348
364H	-0.42957
364I	-1.05949
364K	-0.73954
364L	-1.0418
364M	-1.24658
364N	-0.26091
364P	-0.58724
364Q	-0.54017
364R	-0.56858
364S	-0.4508
364T	-0.54944
364V	-0.7841
364W	-0.68363
364Y	-0.78847
365A	-0.41333
365C	-0.52397
365D	-0.62816
365E	-0.58221
365F	-0.1466
365G	-0.40295
365H	-0.50538
365I	-0.09447
365K	-0.58325
365L	-0.05736
365M	-0.04708
365N	-0.57255
365P	-0.44209
365Q	-0.54481
365R	-0.60788
365S	-0.45228
365T	-0.37372
365V	-0.19432
365W	0.16127
366A	-0.00765
366C	-0.4443
366D	0.12783
366E	0.20092
366F	-0.33975
366G	-0.05538
366H	-0.08929
366I	-0.15704
366K	-0.01296
366L	-0.09693
366M	-0.05908
366N	0.00344
366P	-0.41281
366Q	0.09462
366R	-0.09197
366T	-0.01731
366V	-0.01415
366W	-0.17214
366Y	-0.29377
367A	0.19531
367C	-0.19156
367D	0.08338
367E	0.04918
367F	0.185
367G	0.00504
367H	0.02582
367I	0.04533
367K	0.08924
367L	0.1038
367M	0.11205
367N	0.02855
367P	-0.05645
367Q	0.10251
367R	0.01719
367S	0.14943
367T	0.07239
367W	0.19312
367Y	-0.04167
368A	-1.03469
368C	-1.33369
368D	-1.36258
368E	-1.43236
368F	-0.17826
368G	-1.76582
368H	-1.39178
368I	-0.0902
368K	-1.25242
368M	-0.30764
368N	-1.34697
368P	-1.34264
368Q	-1.22043
368R	-1.48541
368S	-1.37099
368T	-1.07642
368V	-0.27643
368W	-0.36012
368Y	-0.475
369A	-0.00108
369C	-0.15753
369D	-0.39183
369E	-0.11406
369F	0.05351
369G	-0.18967
369H	-0.06425
369I	0.07832
369K	-0.01723
369L	0.1679
369M	0.07201
369N	-0.34502
369P	-0.25692
369Q	0.07587
369R	0.05523
369S	-0.11343
369T	0.0602
369V	0.07054
369W	0.04388
370A	-0.06305
370C	-0.50971
370D	-0.00575
370E	-0.00067
370F	-0.30587
370G	-0.16711
370H	-0.0661
370I	-0.47048
370K	-0.07158
370L	-0.21237
370M	-0.16946
370P	-0.21045
370Q	0.02639
370R	-0.02708
370S	0.01196
370T	-0.01966
370V	-0.38432
370W	-0.21343
370Y	-0.19929
371A	-0.19886
371C	-0.27829
371D	-0.14619
371E	-0.20772
371F	-0.27168
371G	-0.23904
371H	-0.18603
371I	-0.259
371K	-0.33187
371L	-0.28048
371M	-0.16284
371N	-0.01533
371P	-0.2799
371Q	-0.12842
371R	-0.15648
371T	-0.11402
371V	-0.21779
371W	-0.17826
371Y	-0.14208
372C	-0.28625
372D	-0.16476
372E	-0.21556
372F	-0.25584
372G	-0.0294
372H	-0.02163
372I	-0.23786
372K	-0.16234
372L	-0.27298
372M	-0.02667
372N	-0.19081
372P	-0.20041
372Q	-0.18194
372R	-0.05183
372S	-0.38182
372T	-0.38462
372V	-0.1398
372W	-0.10642
372Y	-0.14174
373A	0.04696
373C	-0.22826
373D	-0.14448
373E	-0.12116
373F	-0.06339
373G	-0.057
373H	0.07277
373I	-0.14138
373K	0.09847
373L	-0.05331
373M	0.00342
373N	-0.45188
373P	-0.02339
373Q	0.06467
373R	0.07078
373T	0.0023
373V	-0.08286
373W	-0.1164
373Y	0.00676
374A	-0.41467
374C	-0.78898
374D	-0.33126
374E	-0.48589
374G	-0.28157
374H	-0.27283
374I	-0.29803
374K	-0.32543
374L	-0.29016
374M	-0.35199
374N	-1.73505
374P	-0.37853
374Q	-0.41656
374R	-0.37564
374S	-0.4187
374T	-0.30726
374V	-0.36299
374W	0.03226
374Y	0.03926
375A	-0.19425
375C	-0.4821
375D	-0.06138
375E	-0.17207
375F	-0.50468
375G	-0.26598
375H	-0.2325
375I	-0.82268
375K	-0.34379
375L	-0.62403
375M	-0.38518
375N	-0.18024
375P	-0.43406
375Q	-0.12085
375R	-0.36133
375T	-0.15307
375V	-0.50533
375W	-0.5281
375Y	-0.38811
376A	-0.37231
376C	-0.34863
376D	-0.22216
376E	-0.23884
376F	-0.21417
376G	-0.72763
376H	-0.02305
376I	-0.0865
376K	-0.23055
376L	0.03518
376M	-0.08434
376N	-0.27886
376P	-1.4569
376Q	0.03998
376R	-0.1224
376S	-0.10569
376V	-0.04074
376W	-0.2017
376Y	-0.1175
377A	-0.70746
377C	-0.44778
377D	-3.15156
377E	-2.91435
377G	-2.09762
377H	-0.73482
377I	-0.183
377K	-0.7576
377L	-0.28369
377M	-0.24631
377N	-1.09347
377P	-1.60016
377Q	-1.11558
377R	-0.87503
377S	-1.00186
377T	-0.36081
377V	-0.23692
377W	-0.12493
377Y	-0.36663
378A	-0.17627
378C	-0.29829
378D	-0.17121
378E	-0.15931
378F	-0.43507
378G	-1.12062
378H	-0.20913
378I	-0.26299
378L	-0.22898
378M	-0.22295
378N	-0.14487
378P	-3.07405
378Q	-0.06283
378R	0.06903
378S	-0.23701
378T	-0.17393
378V	-0.25402
378W	-0.67946
378Y	-0.50451
379A	-2.38496
379D	-3.18706
379E	-2.90768
379F	-0.75537
379G	-2.76542
379H	-2.71234
379I	-1.82442
379K	-2.81241
379L	-1.74168
379M	-1.76916
379N	-2.875
379P	-3.31448
379Q	-2.57529
379R	-2.93655
379S	-2.1274
379T	-1.79163
379V	-1.36781
379W	-0.60881
379Y	-1.75222
380A	-2.71224
380C	-2.15315
380D	-2.83617
380E	-2.45137
380F	-0.18263
380G	-2.75994
380H	-0.51521
380I	-1.16247
380K	-2.41316
380L	-2.39134
380M	-1.68616
380N	-2.31888
380P	-2.99309
380Q	-2.13433
380R	-2.06091
380S	-1.92552
380T	-1.52266
380V	-1.55586
380W	-0.07224
381A	-0.50886
381C	-0.96994
381D	-0.61281
381E	-0.65253
381F	-0.94415
381H	-0.20361
381I	-1.2724
381K	-0.15482
381L	-0.68596
381M	-0.41906
381N	0.04234
381P	-1.55445
381Q	-0.22892
381R	-0.00067
381S	-0.3187
381T	-0.45938
381V	-0.93522
381W	-1.4839
381Y	-1.02965
382A	-0.30716
382C	-0.20012
382D	-0.84222
382E	-0.70739
382F	-0.15816
382G	-0.89444
382H	-0.32734
382I	-0.0566
382K	-0.83661
382L	-0.11799
382M	-0.24793
382N	-0.49314
382P	-0.3365
382Q	-0.65997
382R	-0.80739
382S	-0.49292
382T	-0.19472
382W	-0.27563
382Y	-0.20558
383A	-0.02739
383C	-0.34875
383D	0.04373
383E	0.04615
383F	-0.28195
383G	-0.20219
383H	-0.10888
383I	-0.09468
383K	-0.03891
383L	-0.10922
383M	-0.0985
383N	0.0072
383P	-0.15598
383Q	0.01336
383R	-0.15047
383T	-0.02414
383V	0.01797
383W	-0.30273
383Y	-0.28432
384A	-0.05458
384C	-0.3376
384D	-0.23006
384E	-0.08553
384F	0.0475
384G	-0.24514
384H	-0.10012
384I	0.11496
384K	0.1373
384L	0.0594
384M	0.07886
384N	-0.22947
384Q	0.02359
384R	0.13716
384S	-0.20141
384T	-0.06851
384V	0.06736
384W	-0.00303
384Y	-0.05467
385A	0.06447
385C	-0.46701
385D	0.0109
385E	0.03323
385F	-0.12212
385G	0.01136
385H	-0.03678
385I	-0.07319
385K	-0.00037
385L	0.00472
385M	-0.02685
385N	-0.03144
385P	-0.14084
385Q	0.09006
385R	0.00419
385S	-0.0018
385V	-0.0954
385W	-0.10208
385Y	-0.12244
386A	0.01672
386C	-0.32887
386D	-0.00073
386E	0.08386
386F	-0.30278
386G	-0.06808
386H	-0.09255
386I	-0.21154
386L	-0.1077
386M	-0.07721
386N	-0.08841
386P	-0.5114
386Q	0.0106
386R	-0.01931
386S	-0.04548
386T	-0.02932
386V	-0.12655
386W	-0.38433
386Y	-0.25752
387A	-0.45985
387C	-0.82526
387D	-0.45969
387E	-0.59349
387F	-0.49726
387G	-0.458
387H	-0.63754
387I	-0.20071
387K	-0.6154
387M	-0.2421
387N	-0.53071
387P	-0.74631
387Q	-0.53861
387R	-0.82705
387S	-0.55046
387T	-0.55205
387V	-0.39834
387W	-0.39714
387Y	-0.64663
388A	-0.21929
388C	-0.35845
388D	-0.0758
388E	-0.11887
388F	-0.4501
388G	-0.196
388H	-0.19485
388I	-0.38634
388K	-0.18616
388L	-0.3621
388M	-0.14658
388P	-0.08834
388Q	-0.05631
388R	-0.2903
388S	-0.16989
388T	-0.26226
388V	-0.28978
388W	-0.45731
388Y	-0.37336
389A	-0.14966
389C	-0.33293
389E	0.00698
389F	-0.2658
389G	-0.0887
389H	-0.07635
389I	-0.42708
389K	-0.09933
389L	-0.3134
389M	-0.19724
389N	-0.04759
389P	-0.47636
389Q	-0.04967
389R	-0.1736
389S	-0.04106
389T	-0.09078
389V	-0.35276
389W	-0.23086
389Y	-0.16332
390A	-0.18492
390C	-0.08979
390D	-0.3661
390E	-0.10285
390F	-0.11732
390G	-0.26995
390H	-0.09905
390I	-0.16108
390K	-0.20036
390M	0.02981
390N	-0.27787
390P	-0.47517
390Q	-0.02836
390R	-0.11682
390S	-0.29993
390T	-0.28732
390V	-0.1701
390W	-0.25404
390Y	0.07499
391A	-0.184
391D	-0.28015
391E	-0.25068
391F	-0.28507
391G	-0.26474
391H	-0.21299
391I	-0.23886
391K	-0.1836
391L	-0.29479
391M	-0.25592
391N	-0.2404
391P	-0.29301
391Q	-0.17831
391R	-0.20388
391S	-0.23167
391T	-0.22356
391V	-0.20116
391W	-0.31573
391Y	-0.31301
392A	-0.04523
392C	-0.09507
392D	-0.44868
392E	-0.4346
392G	-0.3859
392H	-0.20994
392I	-0.11189
392K	-0.30726
392L	-0.17579
392M	-0.067
392N	-0.35092
392P	-0.15682
392Q	-0.35778
392R	-0.40869
392S	-0.27269
392T	-0.06207
392V	-0.01462
392W	0.07817
392Y	-0.11503
393A	-0.02838
393C	-0.23874
393D	-0.13464
393E	-0.05799
393F	-0.342
393G	-0.11872
393H	-0.19575
393I	-0.25517
393K	-0.06618
393L	-0.24792
393M	-0.24087
393N	-0.11
393P	-0.28228
393Q	-0.09381
393R	-0.20906
393S	-0.02438
393V	-0.17611
393W	-0.42674
393Y	-0.18076
394A	0.03779
394C	-0.14794
394D	-0.16223
394E	-0.08845
394F	-0.11318
394G	-0.13303
394H	-0.00813
394I	-0.20575
394K	-0.1255
394L	-0.23632
394M	-0.17478
394P	-0.26601
394Q	-0.08306
394R	-0.15237
394S	0.00844
394T	-0.02371
394V	-0.1159
394W	-0.19549
394Y	-0.07475
395A	-0.29149
395C	-0.21408
395D	-3.20096
395E	-1.92217
395F	-0.25938
395G	-0.32948
395H	-0.80017
395I	-0.01011
395K	-1.12158
395L	0.00601
395M	-0.07484
395N	-1.82338
395P	-2.31331
395Q	-0.63253
395R	-0.5056
395S	-0.56079
395T	-0.44312
395W	-0.91278
395Y	-0.62443
396A	-0.38338
396C	-0.33858
396D	-0.40231
396E	-0.3373
396F	-0.07458
396G	-2.00971
396H	-0.2617
396I	-0.08763
396K	-0.44614
396L	-0.16574
396M	-0.16495
396N	-0.11953
396P	-3.24846
396Q	-0.34237
396R	-0.66218
396S	-0.36094
396T	-0.11799
396V	-0.12136
396W	-0.04592
397C	-0.2779
397D	-2.91096
397E	-1.82659
397F	-0.40904
397G	-1.75599
397H	-2.57518
397I	-0.39636
397K	-2.94782
397L	-0.1707
397M	-0.25778
397N	-3.07446
397P	-3.16877
397Q	-1.1711
397R	-2.69641
397S	-0.84891
397T	-0.5562
397V	-0.30754
397W	-0.68165
397Y	-0.86009
398A	-2.30562
398C	-2.85224
398E	-1.97215
398F	-2.0503
398G	-2.98937
398H	-1.09096
398I	-2.6599
398K	-2.4571
398L	-2.7004
398M	-1.95307
398N	-2.64445
398P	-3.00561
398Q	-2.27078
398R	-2.64563
398T	-1.69586
398V	-2.46003
398W	-2.16687
398Y	-1.56109
399A	-0.45308
399C	-0.63136
399D	-1.86663
399E	-2.33846
399F	-0.54215
399G	-1.72367
399H	-0.99105
399I	-1.93064
399K	-1.6111
399L	-1.35354
399M	-0.47185
399N	-0.6024
399P	-3.09726
399Q	-0.79256
399R	-0.66216
399T	-0.25847
399V	-1.97673
399W	-0.53185
399Y	-0.35409
400A	-2.65798
400C	-3.14902
400D	-2.95188
400E	-3.22109
400G	-2.99278
400H	-3.08942
400I	-2.70448
400K	-2.79361
400L	-1.93215
400M	-0.89398
400N	-2.69851
400P	-3.13065
400Q	-3.1455
400R	-2.78702
400S	-2.89041
400T	-2.95349
400V	-3.06723
400W	-3.0091
400Y	-1.60359
401A	-0.90814
401C	-0.60711
401D	-3.07722
401E	-2.83235
401F	-2.13966
401G	-2.97585
401H	-2.96073
401I	-0.0986
401K	-2.37842
401L	-0.21518
401M	-0.79592
401N	-2.82633
401P	-2.86803
401Q	-2.76933
401R	-2.87494
401S	-2.28966
401T	-0.40361
401W	-3.23647
401Y	-3.02475
402A	-1.23984
402C	-0.2913
402D	-3.44005
402E	-2.98552
402F	-2.78333
402G	-2.85112
402H	-2.96829
402K	-2.82331
402L	-0.17437
402M	-1.06793
402N	-3.17402
402P	-2.88723
402Q	-3.12432
402R	-2.64433
402S	-2.78804
402T	-0.65207
402V	-0.00026
402W	-2.56718
402Y	-3.07225
403A	-1.68009
403C	-2.07998
403D	-3.35284
403E	-3.22493
403F	-2.53775
403G	-2.78072
403H	-3.22199
403I	-2.89919
403K	-0.16912
403L	-1.81291
403M	-0.88318
403N	-2.39432
403P	-1.6898
403Q	-1.21552
403S	-1.16192
403T	-1.09406
403V	-2.95587
403W	-3.24879
403Y	-3.24866
404A	-1.48036
404C	-1.73012
404D	-3.52158
404E	-2.09791
404F	-2.33423
404H	-1.61087
404I	-2.93399
404K	-1.52161
404L	-3.0991
404M	-1.69579
404N	-2.09076
404P	-3.28885
404Q	-1.02426
404R	-1.85444
404S	-1.33496
404T	-2.80532
404V	-3.00479
404W	-2.77806
404Y	-1.78094
405A	0.04043
405C	-0.77164
405E	-0.50533
405F	-0.17516
405G	-0.52819
405H	-0.31275
405I	-1.02956
405K	-0.38876
405L	-0.60157
405M	-0.18169
405N	-0.32414
405P	-2.09946
405Q	-0.22031
405R	-0.33221
405S	0.01371
405T	-0.46984
405V	-0.98896
405W	-0.41043
405Y	-0.37663
406A	-0.13816
406C	-0.326
406D	-0.09838
406F	-1.19013
406G	-0.29137
406H	0.47413
406I	-2.60994
406K	-1.31929
406L	-1.12383
406M	-0.34463
406N	-0.52246
406P	-2.46753
406Q	-0.11529
406R	-2.32413
406S	-0.37364
406T	-0.86932
406V	-0.64892
406W	-0.97736
406Y	-0.9601
407A	-1.20084
407C	-0.82646
407D	-3.16585
407E	-2.69769
407F	-1.77289
407G	-2.63025
407H	-2.28761
407I	-0.20066
407K	-1.95792
407L	-0.12871
407M	-0.38296
407N	-2.67323
407P	-2.7942
407Q	-0.9806
407R	-0.771
407S	-2.40281
407T	-0.62252
407W	-2.32121
407Y	-2.22662
408A	-0.22225
408C	-0.37564
408D	-0.38337
408E	-0.40033
408F	-0.3713
408G	-0.25639
408H	-0.13308
408I	-0.36336
408K	-0.07724
408L	-0.3716
408M	-0.3028
408N	-0.27876
408P	-0.27162
408Q	-0.23702
408S	-0.24497
408T	-0.31322
408V	-0.27904
408W	-0.36064
408Y	-0.29661
409A	-0.79371
409C	-0.4985
409D	-1.04433
409E	-0.28332
409F	-0.53089
409G	-1.31458
409H	-0.88944
409I	-2.69614
409K	-0.6984
409L	-1.01846
409M	-0.70307
409N	-0.87218
409P	-2.78488
409R	-1.06534
409S	-0.69411
409T	-0.87212
409V	-2.18846
409W	-1.5622
409Y	-0.54852
410A	-2.71045
410C	-2.01816
410D	-3.22585
410E	-3.16541
410F	-2.82023
410G	-3.20406
410H	-2.90528
410K	-3.00231
410L	-0.37046
410M	-0.83398
410N	-3.1238
410P	-2.96933
410Q	-2.93561
410R	-2.91095
410S	-3.20533
410T	-3.15379
410V	-0.19228
410W	-2.99917
410Y	-2.91956
411C	-0.33115
411D	-0.6349
411E	-0.35291
411F	-1.11572
411G	-0.17392
411H	-0.51047
411I	-1.10394
411K	-0.39594
411L	-1.06842
411M	-0.37349
411N	-0.71146
411P	-2.98424
411Q	-0.29836
411R	-0.23814
411S	-0.26396
411T	-0.35441
411V	-0.42745
411W	-0.29762
411Y	-1.38099
412A	-1.94799
412C	-2.63077
412D	-3.03174
412E	-2.67941
412F	-2.97122
412G	-2.34282
412H	-2.45211
412I	-0.88826
412K	-1.4794
412L	-2.08129
412M	-2.09631
412N	-2.73559
412Q	-2.64695
412R	-2.12377
412S	-2.12175
412T	-1.66099
412V	-0.79247
412W	-2.82682
412Y	-2.79639
413A	-0.25819
413C	-0.21904
413D	-0.36498
413E	-0.31876
413F	-0.10531
413H	-0.10643
413I	-0.75571
413K	-0.10721
413L	-0.21488
413M	-0.14378
413N	-0.24009
413P	-2.93239
413Q	-0.2136
413R	-0.0396
413S	-0.28922
413T	-0.42573
413V	-0.56821
413W	-0.3982
413Y	-0.26615
414A	0.07732
414C	-0.21299
414D	-1.33499
414E	-0.20552
414F	-0.38958
414G	0.03109
414H	-0.32326
414I	-0.16437
414K	-0.07903
414L	-0.33425
414M	0.01764
414N	-0.34757
414P	-1.79623
414R	-0.04913
414S	-0.09445
414T	-0.08526
414V	-0.15129
414W	-1.04451
414Y	-0.3685
415A	-0.09474
415C	-0.38961
415D	-0.37134
415E	-0.27131
415F	-0.22308
415G	-0.02502
415H	0.31141
415I	-0.29981
415K	-0.08281
415L	-0.35065
415M	-0.2729
415N	-0.03444
415P	-0.42335
415Q	-0.06218
415R	0.10884
415S	0.00808
415V	-0.16331
415W	-0.27901
415Y	-0.17524
416A	-1.95638
416C	-2.44294
416D	-2.19637
416E	-2.74111
416F	-3.35857
416H	-2.20118
416I	-3.19513
416K	-2.645
416L	-2.94036
416M	-2.61504
416N	-2.07821
416P	-3.41452
416Q	-2.4837
416R	-2.22897
416S	-1.75774
416T	-2.83397
416V	-3.41328
416W	-2.90039
416Y	-2.67245
417A	-0.61637
417C	-0.53595
417D	-1.3923
417E	-1.10436
417F	-0.11017
417G	-0.9359
417H	-0.42746
417I	-0.34963
417L	-0.51001
417M	-0.61102
417N	-0.68626
417P	-0.5205
417Q	-0.98915
417R	-0.37582
417S	-0.73126
417T	-0.46268
417V	-0.58586
417W	-0.62597
417Y	-0.25591
418A	-2.46201
418C	-2.08805
418D	-3.32602
418E	-2.97212
418F	-2.87929
418G	-3.09247
418H	-3.08646
418K	-3.17209
418L	-0.75327
418M	-0.95356
418N	-3.07925
418P	-2.69501
418Q	-2.41431
418R	-2.63316
418S	-2.65814
418T	-1.56252
418V	-0.26971
418W	-3.18574
418Y	-2.99379
419C	-0.47686
419D	-3.29864
419E	-2.65812
419F	-1.79263
419G	-0.85204
419H	-0.81234
419I	-0.81733
419K	-3.11913
419L	-1.3242
419M	-1.24517
419N	-1.02583
419P	-0.33711
419Q	-2.16801
419R	-1.25823
419S	-0.223
419T	-0.35329
419V	-0.50509
419W	-2.36561
419Y	-1.22567
420A	-0.10224
420C	-0.4534
420E	-0.21848
420F	-0.33964
420G	-0.48029
420H	-0.36819
420I	-0.917
420K	-0.24119
420L	-0.38104
420M	-0.33645
420N	-0.00438
420P	-2.78398
420Q	-0.01223
420R	-0.18727
420S	-0.19875
420T	-0.4281
420V	-0.74922
420W	-0.36126
420Y	-0.38261
421A	-0.85961
421C	-0.42282
421D	-2.28779
421E	-3.24811
421F	-0.01566
421G	-0.84239
421H	-0.6413
421I	-0.46055
421K	-0.53108
421L	-0.23154
421M	-0.56663
421N	-0.20117
421P	-3.26664
421Q	-0.95627
421R	-0.43614
421S	-1.07732
421T	-1.78072
421V	-0.85794
421W	-0.85029
422A	-1.992
422C	-1.9572
422D	-2.98934
422E	-3.27432
422F	-3.45885
422G	-1.80766
422H	-3.31424
422I	-3.49444
422K	-3.25019
422L	-3.27158
422M	-2.87591
422P	-2.46103
422Q	-2.7413
422R	-2.89749
422S	-0.97804
422T	-3.34043
422V	-3.43886
422W	-3.56173
422Y	-3.17567
423A	-3.23494
423C	-3.02655
423D	-3.16336
423E	-3.27667
423F	-0.64237
423G	-3.2324
423H	-2.94368
423I	-2.82465
423K	-2.65596
423L	-2.92488
423M	-2.41879
423N	-2.56955
423P	-3.09677
423Q	-3.33537
423R	-3.20263
423S	-2.14259
423T	-3.26166
423V	-2.97573
423W	-3.42767
424A	-0.33226
424C	-0.44097
424D	-2.44827
424E	-2.68466
424F	-1.54086
424G	-1.02876
424H	-0.17748
424I	-2.57884
424L	-1.96578
424M	-0.77333
424N	-0.27599
424P	-2.70959
424Q	-0.52931
424R	-0.13608
424S	-0.67469
424T	-3.41445
424V	-0.97236
424W	-2.95425
424Y	-1.19642
425A	-0.60555
425C	-0.7781
425D	-2.34875
425E	-2.25486
425F	-2.26282
425G	-2.63282
425H	-2.63499
425I	-0.16971
425K	-2.81272
425M	-0.25633
425N	-2.09082
425P	-2.9318
425Q	-3.05081
425R	-2.00053
425S	-3.15387
425T	-1.3442
425V	-0.16878
425W	-3.55478
425Y	-2.83357
426A	-0.25288
426C	-1.1374
426D	-0.4055
426E	-0.8192
426F	-2.3031
426G	-0.3098
426H	-0.75132
426I	-2.34629
426K	-0.27447
426L	-2.20928
426M	-1.68118
426N	-0.34621
426Q	-0.88313
426R	-0.75648
426S	-0.17312
426T	-0.64533
426V	-2.00092
426W	-2.33714
426Y	-1.90346
427A	0.03595
427C	-0.41067
427E	-0.07867
427F	-0.07029
427G	-0.08568
427H	-0.06704
427I	-0.06419
427K	-0.14902
427L	-0.11066
427M	-0.01926
427N	0.04725
427P	-0.05437
427Q	-0.02128
427R	-0.02098
427S	-0.12256
427T	-0.07593
427V	0.01723
427W	-0.19207
427Y	-0.2287
428A	-0.15191
428C	-0.30508
428E	-0.14638
428F	-0.28093
428G	-0.26146
428H	-0.2884
428I	-0.27654
428K	-0.09295
428L	-0.54592
428M	-0.29351
428N	0.01549
428P	-0.96853
428Q	-0.31942
428S	-0.03418
428T	-0.16023
428V	-0.29594
428W	-0.37083
428Y	-0.25007
429A	-2.96588
429C	-3.02741
429D	-2.8567
429E	-1.11161
429G	-3.49164
429H	-1.36542
429I	-1.30307
429K	-3.06459
429L	-0.79563
429M	-0.90413
429N	-3.53666
429P	-2.31507
429Q	-2.21944
429R	-2.72673
429S	-3.08293
429T	-3.05779
429V	-1.64595
429W	-0.21941
430A	-0.36115
430C	-0.05653
430D	-0.41905
430E	-0.26975
430F	-0.10418
430G	-0.76815
430H	-0.09827
430I	0.08325
430K	-0.00991
430L	0.12343
430M	-0.09998
430N	-0.16086
430P	-1.52545
430Q	-0.05415
430R	-0.01713
430S	-0.15341
430V	0.09413
430W	-0.19315
430Y	-0.01959
431A	-3.75193
431C	-2.87063
431D	-3.71382
431E	-2.92748
431F	-2.49827
431K	-2.80739
431L	-3.32512
431M	-3.35539
431N	-3.2744
431P	-3.29829
431Q	-2.5035
431R	-3.01909
431S	-2.94801
431T	-3.84102
431V	-3.42048
431W	-3.26443
431Y	-3.19818
432A	-1.82809
432D	-2.92004
432E	-2.18178
432F	-1.29191
432G	-2.01782
432H	-2.36255
432I	-0.62963
432K	-2.5471
432L	-0.81305
432M	-0.87223
432N	-2.93014
432P	-3.19288
432Q	-2.69673
432R	-1.45005
432S	-2.84521
432T	-2.802
432V	-0.96382
432W	-2.83037
432Y	-2.42695
433A	-1.55723
433C	-1.84529
433D	-2.80858
433E	-2.98042
433F	-3.01134
433G	-2.55049
433I	-0.26484
433K	-3.11225
433L	-1.1949
433M	-2.659
433N	-3.04109
433P	-2.59857
433Q	-2.34311
433R	-3.27921
433S	-3.42738
433T	-1.07896
433W	-2.12349
433Y	-2.83031
434A	-0.32792
434C	-0.29379
434D	-3.11942
434E	-2.4751
434F	0.16343
434G	-1.4144
434H	-0.68849
434K	-2.62037
434L	-0.10805
434M	-0.16181
434N	-2.77792
434P	-2.6015
434Q	-2.65078
434R	-2.91687
434S	-0.82361
434T	-0.36872
434V	-0.14518
434W	-0.06303
434Y	-0.05374
435C	-0.74344
435D	-2.89378
435E	-3.16123
435F	-0.93216
435G	-0.39773
435H	-1.355
435I	-1.11393
435K	-2.15118
435L	-2.30464
435M	-0.80239
435N	-1.49204
435P	-2.50694
435Q	-2.22582
435R	-3.02569
435S	-0.15571
435T	-0.13543
435V	-0.57751
435W	-0.51336
435Y	-0.58685
436A	-0.5478
436C	-1.57351
436D	-3.06176
436E	-2.05527
436F	-0.354
436G	-1.69996
436H	-1.67527
436I	-0.82287
436K	-0.60167
436L	-1.00417
436M	-0.47514
436N	-2.63299
436P	-2.80592
436Q	-0.72422
436R	-0.64387
436S	-1.18985
436T	-0.77251
436V	-0.98895
436Y	-0.43981
437A	-0.52515
437C	-0.19695
437D	-1.8503
437E	-1.38208
437F	-1.81155
437G	-0.52529
437H	-2.91713
437I	-2.59961
437K	-1.05448
437L	-2.79881
437M	-1.88377
437P	-0.55143
437Q	-0.75245
437R	-0.98451
437S	-0.53641
437T	-1.65509
437V	-1.72945
437W	-2.06681
437Y	-3.10224
438A	0.18239
438C	-0.35914
438D	-3.31952
438E	-2.57758
438F	-3.30699
438G	-0.53805
438H	-3.08576
438I	-3.6075
438K	-2.78846
438L	-2.74595
438M	-2.47343
438N	-1.13986
438P	-3.4834
438Q	-1.54668
438R	-1.21878
438T	-0.07115
438V	-1.03194
438W	-3.17748
438Y	-1.3111
439A	-0.39289
439C	-0.15389
439D	-1.19454
439E	-3.15091
439F	-1.63
439G	-0.69457
439H	-1.05768
439I	-0.35975
439K	0.36196
439L	-0.09779
439M	-0.40763
439P	-2.86439
439Q	-0.95065
439R	0.35571
439S	-1.46675
439T	-1.74058
439V	0.53936
439W	-0.62804
439Y	-2.02978
440A	-0.02953
440C	-0.38435
440D	-0.12627
440E	-0.16631
440F	-0.07054
440G	-0.00447
440H	0.14776
440I	-0.21041
440K	0.26963
440L	-0.0649
440M	-0.18974
440P	-0.16873
440Q	-0.06535
440R	0.10191
440S	0.00445
440T	-0.15758
440V	-0.03531
440W	-0.27753
440Y	-0.05494
441A	-0.05446
441D	0.12286
441E	-0.11106
441F	-0.10858
441G	-0.3945
441H	-0.11371
441I	0.01244
441K	0.18602
441M	0.07217
441N	-0.3199
441P	-0.49949
441Q	0.1033
441R	0.09528
441S	-0.87018
441T	-1.60037
441V	0.17304
441W	-0.39653
441Y	-0.10587
442A	-3.11606
442C	-3.12368
442E	-1.92111
442F	-3.13148
442G	-3.28769
442H	-2.94045
442I	-0.54455
442K	-3.27179
442L	-2.04843
442M	-3.15468
442N	-3.04425
442P	-3.33401
442Q	-3.26935
442R	-2.91901
442S	-2.80697
442T	-2.74233
442V	-2.04023
442W	-3.19965
442Y	-2.73821
443A	-0.17809
443C	-2.38386
443D	-2.76353
443E	-2.83705
443F	-3.28321
443G	-1.09992
443H	-3.38107
443I	-3.54536
443K	-2.87636
443L	-3.01498
443M	-3.59207
443N	-3.50305
443P	-3.55702
443Q	-3.32817
443R	-3.28708
443T	-2.08456
443V	-3.10538
443W	-2.95267
443Y	-3.49769
444A	-0.15003
444C	-0.27027
444D	-0.51208
444E	-0.31565
444F	-0.24102
444G	-1.28934
444H	-0.2006
444I	-0.30345
444L	-0.34079
444M	-0.25489
444N	-0.28543
444P	-1.99631
444Q	-0.26036
444R	0.02593
444S	-0.57095
444T	-0.32495
444V	-0.19629
444W	-0.07325
444Y	-0.20247
445A	-0.28511
445C	-1.3362
445D	-0.28987
445E	-0.35608
445F	-0.27166
445G	-0.545
445H	-0.20582
445I	-0.03671
445K	0.06772
445L	-0.14998
445M	-0.32
445N	-0.28145
445P	-0.09004
445Q	-0.17548
445R	-0.07569
445S	-0.29242
445T	-0.22424
445W	-0.27912
445Y	-0.24015
446A	-0.51824
446C	-1.37587
446D	-0.47957
446E	-0.32714
446F	-0.80998
446H	-0.10046
446I	-0.53013
446K	-0.18824
446L	-0.4611
446M	-0.58955
446N	-0.10618
446P	-0.02202
446Q	-0.30923
446R	-0.44646
446S	-0.33354
446T	-0.33357
446V	-0.38806
446W	-0.82186
446Y	-0.37067
447A	-2.26396
447C	-1.82514
447D	-3.41887
447E	-3.13874
447H	-2.9707
447I	-2.74939
447K	-2.9527
447L	-2.37438
447M	-3.03261
447N	-3.34763
447P	-2.13723
447Q	-2.84501
447R	-2.85918
447S	-2.52742
447T	-2.44968
447V	-2.75567
447W	-3.02965
447Y	-3.10877
448A	-0.74196
448C	-1.2078
448D	-1.04355
448E	-1.20159
448F	-2.04462
448G	-1.70961
448H	-1.40783
448I	-2.33022
448K	-2.38358
448L	-1.918
448M	-0.88808
448P	-3.31122
448Q	-0.76593
448R	-1.65608
448S	-1.64102
448T	-1.31836
448V	-0.7553
448W	-2.27536
448Y	-0.92051
449A	-2.88872
449C	-2.40409
449D	-3.35683
449E	-3.00649
449F	-1.7692
449G	-2.83189
449H	-2.345
449I	-2.83111
449K	-2.02191
449L	-2.87003
449M	-2.76655
449N	-2.55829
449P	-2.97992
449Q	-2.17212
449R	-1.05539
449S	-2.59443
449T	-2.28637
449V	-2.72333
449W	-2.54707
450A	-0.07
450C	-0.44133
450D	-0.15584
450E	-0.06561
450F	-0.33668
450G	-0.0712
450H	-0.23772
450I	-0.30963
450K	-0.13324
450L	-0.28908
450M	-0.04912
450P	-2.95785
450Q	0.07198
450R	-0.17491
450S	-0.15512
450T	-1.44713
450V	-0.28198
450W	-0.36479
450Y	-0.31692
451A	-1.1512
451C	-0.81302
451D	-3.17638
451E	-2.31601
451F	-0.31037
451G	-3.12461
451H	-0.3151
451I	-0.70821
451K	-1.07663
451L	-0.47552
451M	-0.4666
451N	-0.67774
451P	-1.55997
451Q	-0.30764
451R	-1.80169
451S	-0.98206
451T	-1.79398
451V	-1.03706
451W	-1.03791
452A	0.16403
452C	-0.20388
452D	-0.48253
452E	-0.16088
452F	-0.13777
452G	0.36917
452H	-0.11296
452I	0.32816
452K	0.47701
452M	0.07229
452N	-0.1771
452P	-1.79889
452Q	0.34975
452R	0.16701
452S	0.2706
452T	0.16023
452V	0.07574
452W	-0.27946
452Y	-0.25644
453A	-0.48142
453C	-0.28615
453D	-3.34299
453E	-1.43892
453F	1.3987
453G	-1.26042
453H	-0.00383
453I	0.01414
453K	0.51757
453L	0.49927
453M	0.18447
453N	-1.31259
453P	-3.27158
453Q	-0.34182
453R	-0.83566
453S	-0.32487
453T	-0.6609
453V	-0.00903
453W	0.08936
454A	-3.17235
454C	-3.4215
454D	-3.41466
454E	-3.35448
454F	-3.77483
454G	-3.41861
454H	-3.32081
454I	-3.61415
454K	-1.37318
454L	-3.57698
454M	-3.07055
454N	-3.21169
454P	-2.91683
454Q	-3.0554
454S	-3.44635
454T	-2.97874
454V	-3.46866
454W	-2.52069
454Y	-3.50047
455A	-0.81119
455C	-1.04228
455D	-3.73333
455E	-1.51596
455F	-0.6145
455G	-1.05705
455H	-2.37878
455I	-0.07662
455K	-3.06943
455M	-0.16302
455N	-2.78287
455P	-1.46728
455Q	-1.34815
455R	-3.3377
455T	-1.5806
455V	-1.26707
455W	-0.54503
455Y	-3.18411
456A	-3.44214
456C	-1.54587
456D	-3.84817
456E	-2.63209
456G	-3.73333
456H	-1.19556
456I	-1.87939
456K	-2.39083
456L	-0.28383
456M	-0.47682
456N	-3.77161
456P	-3.13405
456Q	-3.34981
456R	-2.72547
456S	-3.64772
456T	-3.08992
456V	-1.04161
456W	-1.85105
456Y	-2.4917
457A	-0.43623
457C	-2.58973
457D	-2.55878
457E	-3.23956
457F	-3.08177
457G	-0.67834
457H	-0.81622
457I	-3.43464
457K	-0.29141
457L	-2.002
457M	-1.91307
457N	-1.19396
457P	-2.93059
457Q	-1.92927
457S	-0.53051
457T	-2.67117
457V	-3.11904
457W	-2.70626
457Y	-2.60574
458A	-0.04936
458C	-0.19911
458D	0.08481
458E	0.16719
458F	-0.2207
458G	-0.0915
458H	0.15493
458I	-0.21156
458L	-0.18045
458M	-0.09431
458N	-0.07417
458P	0.044
458Q	-0.00657
458R	-0.14516
458S	0.01735
458T	-0.05858
458V	-0.0512
458W	-0.23075
458Y	-0.04416
459A	-0.00164
459C	-0.20053
459D	-0.03486
459E	-0.06524
459F	-0.23452
459G	0.01864
459H	-0.13647
459I	-0.19439
459K	-0.00311
459L	-0.20958
459M	-0.2438
459N	0.1691
459P	-0.36833
459Q	0.09651
459R	-0.0479
459T	-0.03282
459V	-0.01573
459W	-0.38065
459Y	-0.23763
460A	0.19202
460C	0.01759
460D	-0.21656
460E	0.0925
460F	-0.22184
460G	-0.25658
460H	-0.088
460I	0.01888
460K	0.35306
460L	-0.13891
460M	-0.2305
460P	0.07915
460Q	0.08466
460R	0.14981
460S	-0.03295
460T	-0.09095
460V	0.092
460W	-0.34906
460Y	-0.09527
461A	-1.39414
461C	-0.73012
461D	-3.46133
461E	-2.92721
461F	-0.60812
461G	-2.12245
461H	-2.12111
461I	-0.10667
461K	-2.59115
461M	-0.22178
461N	-1.5107
461P	-3.3308
461Q	-1.72327
461R	-2.90824
461S	-1.89206
461T	-1.00792
461V	-0.19088
461W	-2.86827
461Y	-1.42808
462A	-0.08725
462C	-0.21067
462D	-0.27708
462E	-0.11608
462F	-0.17131
462G	-0.22591
462H	-0.12571
462I	-0.1676
462L	-0.08378
462M	-0.04661
462N	-0.05604
462P	-0.31552
462Q	-0.07217
462R	-0.0315
462S	-0.02069
462T	-0.0934
462V	-0.29522
462W	-0.34846
462Y	-0.25472
463A	-0.12371
463C	-0.48935
463D	-0.42999
463E	-0.26694
463F	-0.47958
463G	-0.1913
463H	-0.41745
463I	-0.70727
463K	-0.44873
463L	-1.00738
463M	-0.70075
463N	-0.63222
463Q	-0.42644
463R	-0.77461
463S	-0.2868
463T	-0.58994
463V	-0.56171
463W	-0.64427
463Y	-0.46171
464A	-0.32192
464C	-0.25394
464D	-0.51267
464E	-0.35406
464G	-0.06979
464H	-0.10512
464I	-0.59512
464K	-0.48501
464L	-0.13772
464M	-0.25504
464N	-0.32393
464P	-2.89105
464Q	-0.1997
464R	-0.37107
464S	-0.11068
464T	-0.43236
464V	-0.40707
464W	-0.5109
464Y	0.0553
465A	-0.13232
465C	-0.27981
465D	-0.24328
465F	-0.46663
465G	-0.14535
465H	-0.31621
465I	-0.64247
465K	-0.24325
465L	-0.69066
465M	-0.35885
465N	-0.51422
465P	-2.972
465Q	-0.01826
465R	-0.42167
465S	-0.21493
465T	-0.29638
465V	-0.48614
465Y	-0.48122
466A	-0.62949
466C	-0.58195
466D	-1.99144
466E	-1.12163
466F	-0.71762
466G	-1.40517
466H	-0.28413
466I	-0.36817
466K	-0.06221
466L	-0.32401
466M	-0.37074
466N	-0.70168
466P	-1.81581
466Q	-0.14883
466S	-0.40773
466T	-0.69522
466V	-0.60162
466W	-0.61474
466Y	-0.51386
467A	-1.54077
467C	-1.26286
467E	-0.812
467F	-1.67235
467G	-2.41129
467H	-1.5198
467I	-2.16637
467K	-2.72164
467L	-2.88033
467N	-1.56776
467P	-2.62547
467Q	-2.2371
467R	-2.40052
467S	-0.78546
467T	-1.94022
467V	-1.96038
467W	-1.68812
467Y	-1.99622
468A	-0.41372
468C	-0.2488
468D	-0.32673
468E	-0.10651
468F	-0.2974
468G	-0.44642
468H	-0.19615
468K	-0.11803
468L	0.0316
468M	0.04664
468N	-0.21388
468P	-0.39453
468Q	0.0971
468R	-0.20976
468S	-0.17338
468T	-0.3859
468V	0.08399
468W	-0.25457
468Y	-0.21278
469A	-0.10192
469C	-0.34241
469D	-0.0862
469E	-0.21157
469F	-0.60304
469G	-0.11831
469H	-0.18194
469I	-0.78284
469K	-0.21736
469L	-0.29669
469M	-0.32662
469N	-0.09183
469P	-2.30201
469Q	-0.19457
469R	-0.15794
469T	0.08164
469V	-0.44189
469W	-0.85714
469Y	-0.53394
470A	0.07943
470C	-0.08117
470D	0.1027
470E	0.07912
470F	-0.14993
470G	-0.04055
470H	-0.0762
470I	-0.31767
470K	-0.04647
470L	-0.36557
470M	-0.05985
470N	0.15233
470P	-0.1569
470Q	0.09431
470R	0.08968
470S	0.04172
470V	-0.2723
470W	-0.20541
470Y	-0.12508
471A	-0.20917
471C	-0.34676
471D	0.025
471F	-0.31144
471G	-0.13245
471H	-0.06502
471I	-0.02838
471K	-0.0733
471L	-0.23137
471M	-0.15261
471N	-0.08
471P	-0.30696
471Q	-0.18028
471R	-0.14104
471S	-0.17003
471T	-0.02777
471V	0.02771
471W	-0.30431
471Y	-0.20671
472A	-0.82934
472C	-1.24927
472D	-2.60981
472E	-1.56852
472F	-0.38519
472G	-2.89436
472H	-0.26628
472K	-1.05812
472L	-0.22261
472M	0.02597
472N	-1.38419
472P	-0.91696
472Q	-0.79124
472R	-1.88997
472S	-1.24901
472T	-0.26926
472V	-0.09379
472W	-0.88437
472Y	-0.40628
473A	-2.65231
473C	-2.29655
473D	-2.73765
473E	-3.13397
473F	-0.09216
473G	-3.5542
473H	-0.36391
473I	-1.94244
473K	-3.42554
473L	-0.93608
473M	-0.91685
473N	-3.11729
473P	-3.56031
473Q	-2.92479
473R	-3.09121
473S	-2.8032
473T	-2.33971
473V	-1.53951
473W	-1.35227
474A	-0.10694
474C	-1.16686
474D	-0.0704
474E	0.17933
474F	-0.6875
474G	-0.17447
474H	-0.26243
474I	-0.34961
474K	-0.26033
474L	-0.77293
474M	-0.34263
474N	0.27271
474P	-0.3391
474R	-0.20707
474S	-0.2249
474T	-0.254
474V	-0.2447
474W	-0.34985
474Y	-0.54672
475C	-0.94395
475D	-3.06622
475E	-0.63287
475F	-2.95387
475G	-0.2607
475H	-3.48845
475I	-0.6821
475K	-1.87225
475L	-2.45909
475M	-0.55548
475N	-2.87372
475P	-1.81655
475R	-1.32862
475S	-0.24746
475T	-0.48904
475V	-0.42046
475W	-3.63386
475Y	-3.16382
476A	-0.22243
476C	-1.91277
476D	-0.75292
476E	-2.50896
476F	-1.65348
476H	-0.3412
476I	-3.36068
476K	-2.8347
476L	-3.07241
476M	-2.19085
476N	-1.01373
476P	-3.3351
476Q	-1.73196
476R	-1.33501
476S	-0.00057
476T	-1.65847
476V	-2.63485
476W	-0.9836
476Y	-1.33479
477A	-0.07506
477C	-0.3437
477D	0.08404
477E	-0.13249
477F	-0.0948
477G	0.02772
477H	-0.05255
477I	-0.12936
477K	-0.27656
477L	-0.24581
477M	-0.06304
477N	0.6677
477P	0.55279
477Q	-0.039
477R	-0.03746
477T	0.08674
477V	-0.07405
477W	0.39705
477Y	-0.11317
478A	-0.08797
478C	-0.24644
478D	-0.07005
478E	-0.15208
478F	-0.29617
478G	-0.1112
478H	-0.2086
478I	-0.18483
478K	0.05094
478L	0.02441
478M	-0.16585
478N	-0.05895
478P	-0.37111
478Q	0.00855
478R	-0.01227
478S	-0.09215
478V	-0.09751
478W	-0.32068
478Y	-0.16649
479A	-0.08982
479C	-0.32106
479D	0.11382
479E	-0.14223
479F	-0.17422
479G	0.09032
479H	0.01421
479K	0.00399
479L	-0.14472
479M	-0.14414
479N	0.08113
479Q	-0.08183
479R	-0.06168
479S	-0.06915
479T	-0.13597
479V	-0.15817
479W	-0.26819
479Y	-0.07523
480D	-3.20819
480E	-2.75576
480G	-3.47235
480I	-3.43705
480L	-3.35634
480N	-3.55755
480P	-3.48984
480R	-3.18219
480T	-3.35177
480W	-3.35919
481A	-0.13428
481C	-0.16242
481D	-0.1653
481E	-0.10663
481F	-0.20817
481G	-0.02849
481H	-0.1937
481I	-0.32998
481K	0.00286
481L	-0.08894
481M	-0.11343
481P	-0.44959
481Q	-0.03562
481R	-0.05337
481S	-0.1371
481T	-0.23274
481V	-0.17836
481W	-0.19427
481Y	-0.06743
482A	-0.16839
482C	-0.56589
482D	-0.1372
482E	-0.17454
482F	-0.31803
482H	-0.26031
482I	-0.62603
482K	-0.04727
482L	-0.34879
482M	-0.25031
482N	-0.1105
482P	-0.58371
482Q	-0.27113
482R	-0.15115
482S	-0.20318
482T	-0.31938
482V	-0.49406
482W	-0.49774
482Y	-0.27077
483A	0.031
483C	-0.04507
483D	-0.34829
483E	-0.07327
483F	0.02118
483G	0.09507
483H	0.0125
483I	-0.02247
483K	0.39746
483L	0.05765
483M	-0.05246
483N	0.009
483P	-0.51301
483Q	0.13468
483R	-0.00582
483S	-0.20109
483T	-0.12575
483W	-0.26083
483Y	-0.03172
484A	-0.27638
484C	-0.52498
484D	-0.3568
484F	-1.99476
484G	-0.21659
484H	-1.08381
484I	-0.9568
484K	0.24095
484L	-1.16148
484M	-0.48351
484N	-0.36675
484P	-0.55396
484Q	-0.03599
484R	0.05703
484S	-0.02766
484T	-0.03133
484V	-1.09099
484W	-1.1527
484Y	-1.62823
485A	-0.36947
485C	-0.58668
485D	-1.0399
485E	-0.39559
485F	-1.0198
485H	-0.5516
485I	-1.06577
485K	-0.12776
485L	-0.69037
485M	-0.31089
485N	-0.60883
485P	-2.20462
485Q	-0.21535
485R	-0.316
485S	-0.44696
485T	-0.41036
485V	-0.77825
485W	-0.6526
485Y	-0.62569
486A	-0.50303
486C	-1.24519
486D	-2.39054
486E	-2.67109
486G	-1.49458
486H	-0.8444
486I	-0.57151
486K	-0.75583
486L	-0.89239
486M	-0.90165
486N	-1.24145
486P	-0.57882
486Q	-1.0723
486R	-0.53916
486S	-1.14173
486T	-1.26967
486V	-1.02479
486W	-0.42749
486Y	-0.59148
487A	-3.08319
487C	-3.18257
487D	-1.372
487E	-3.42756
487F	-3.16467
487G	-3.13376
487H	-3.28952
487I	-3.47446
487K	-3.66995
487L	-3.19585
487M	-3.50956
487P	-2.54766
487Q	-3.31254
487R	-2.78067
487S	-2.97112
487T	-3.26725
487V	-3.45658
487W	-3.56804
487Y	-2.89743
488A	-3.51317
488D	-3.47513
488E	-3.22444
488F	-2.63634
488G	-3.27501
488H	-3.15023
488I	-3.25029
488K	-2.69706
488L	-3.32053
488M	-2.94421
488N	-3.24197
488P	-3.70583
488Q	-2.51655
488R	-2.91797
488S	-3.08826
488T	-2.71228
488V	-3.31376
488W	-3.17199
488Y	-3.21962
489A	-3.10606
489C	-3.51278
489D	-3.77161
489E	-3.55248
489F	-2.25944
489G	-3.62611
489H	-1.06404
489I	-3.25849
489K	-3.45868
489L	-3.53804
489M	-3.29203
489N	-3.22388
489P	-2.93906
489Q	-3.50648
489R	-2.82952
489S	-2.94643
489T	-3.24106
489V	-2.53778
489W	-1.77281
490A	0.02243
490C	-0.09263
490D	-0.25956
490E	-0.24686
490G	-0.03323
490H	0.01665
490I	-0.37243
490K	0.13927
490L	-0.25563
490M	-0.08605
490N	-0.02438
490P	-0.2524
490Q	-0.15965
490R	0.09962
490S	-0.09267
490T	-0.19157
490V	-0.35212
490W	-0.16
490Y	0.02408
491A	-0.46359
491C	-1.77903
491D	-1.95655
491E	-0.08704
491F	-2.75261
491G	-0.65364
491H	-3.38017
491I	-2.21085
491L	-2.6673
491M	-3.05682
491N	-2.50286
491Q	-1.33913
491R	-2.26216
491S	-0.52765
491T	-2.1736
491V	-2.16171
491W	-2.97423
492A	-2.4723
492C	-0.71833
492D	-2.35897
492E	-2.50295
492F	-1.03446
492G	-2.92351
492H	-1.61851
492I	0.47753
492K	-1.89157
492M	-0.53945
492N	-1.48889
492P	-2.577
492R	-1.25206
492S	-2.59119
492T	-1.17041
492V	0.11521
492W	-2.34441
492Y	-1.51495
493A	0.76801
493C	0.46914
493D	-2.48963
493E	-0.9779
493F	1.48074
493G	0.22925
493H	0.1466
493I	0.05262
493K	-0.09628
493L	0.46479
493M	0.64591
493N	-0.44862
493P	-0.32014
493R	-0.29555
493S	-0.19097
493T	0.2985
493V	1.86324
493W	-0.24219
493Y	1.03962
494A	0.02037
494C	0.09253
494D	-1.31008
494E	-0.34217
494F	-0.26101
494G	-1.15689
494H	0.6125
494I	-1.01463
494K	0.67261
494L	-0.40293
494M	0.27699
494N	-0.00084
494P	0.33065
494Q	0.42797
494R	0.58957
494T	0.14813
494V	-0.34891
494W	-0.42253
494Y	-0.18875
495A	-3.2138
495C	-3.29442
495D	-2.61131
495E	-3.34746
495F	-0.4499
495G	-3.5662
495H	-1.22002
495I	-2.57569
495K	-2.79278
495L	-1.92815
495M	-1.13607
495N	-2.13306
495P	-3.16125
495Q	-2.71908
495R	-2.32377
495S	-3.19149
495T	-2.84432
495V	-2.7853
495W	-1.56179
496A	-0.89866
496C	-2.23784
496D	-3.07738
496E	-3.1692
496F	-3.34349
496H	-2.90575
496I	-2.3343
496K	-3.00493
496L	-3.05068
496M	-2.61572
496N	-0.69839
496P	-3.0824
496Q	-2.01155
496R	-3.04758
496S	-0.92165
496T	-2.41767
496V	-1.67928
496W	-3.09593
496Y	-2.90394
497A	-2.82948
497C	-2.37371
497D	-2.54199
497E	-2.33492
497G	-3.02877
497H	-2.83245
497I	-2.38306
497K	-2.58855
497L	-2.8385
497M	-2.11841
497N	-2.99868
497P	-3.06408
497Q	-1.81453
497R	-3.29996
497S	-3.3875
497T	-2.66504
497V	-3.30137
497W	-2.93506
497Y	-0.36262
498A	-0.16009
498C	-2.14363
498D	-2.78945
498E	-1.61978
498F	-0.0376
498G	-1.00413
498H	0.55026
498I	-3.03613
498K	-3.55559
498L	-3.20229
498M	-1.02826
498N	-0.93694
498P	-3.4832
498R	-0.26827
498S	-0.35243
498T	-1.17038
498V	-2.79439
498W	0.47742
498Y	0.34805
499A	-0.58283
499C	-1.50917
499D	-1.10949
499E	-1.96493
499F	-0.53356
499G	-1.64473
499H	-0.82021
499I	-0.67723
499K	-0.40038
499L	-0.66495
499M	-0.81653
499N	-0.51192
499Q	-0.92765
499R	-0.32569
499S	-0.55035
499T	-0.29981
499V	-0.81833
499W	-1.41817
499Y	-0.35073
500A	-0.75126
500C	-2.07139
500D	-3.03398
500E	-1.92553
500F	-1.88283
500G	-1.62194
500H	-1.57441
500I	-3.29855
500K	-0.9446
500L	-2.7004
500M	-1.13039
500N	-2.65034
500P	-1.29998
500Q	-0.75997
500R	-1.89001
500S	-0.68503
500V	-3.23485
500W	-0.62012
500Y	-1.51771
501A	-0.36265
501C	-0.41401
501D	-3.49014
501E	-1.46217
501F	1.46449
501G	-1.71392
501H	0.01376
501I	-0.20464
501K	-3.47379
501L	-2.27746
501M	0.59807
501P	-2.88838
501Q	-0.3228
501R	-2.99021
501S	-0.37523
501T	0.8128
501V	0.41147
501W	0.44344
501Y	1.04213
502A	-3.35118
502C	-3.40108
502D	-3.6107
502E	-3.36314
502F	-3.41862
502H	-3.35961
502I	-3.60989
502K	-3.57623
502L	-3.17082
502M	-3.53315
502N	-3.75428
502P	-3.4866
502Q	-3.30537
502R	-3.31092
502S	-3.60861
502V	-3.63619
502W	-3.6129
502Y	-3.73645
503A	-0.14265
503C	-0.2883
503D	-0.24809
503E	-0.2262
503F	0.15707
503G	-0.38415
503H	-0.13828
503I	0.00606
503K	0.20418
503L	0.15047
503M	0.15999
503N	-0.22883
503P	-1.39153
503Q	0.02018
503R	-0.06527
503S	-0.77771
503T	-2.25779
503W	-0.27374
503Y	-0.06843
504A	-0.45102
504C	-1.58863
504D	-0.69319
504E	-1.15057
504F	-0.56658
504H	-0.73606
504I	-3.05013
504K	-0.7029
504L	-0.70457
504M	-0.59024
504N	-0.26111
504P	-0.46716
504Q	-0.66436
504R	-0.66608
504S	-0.21597
504T	-0.59931
504V	-2.91815
504W	-0.79596
504Y	-0.844
505A	-3.38174
505C	-3.33942
505D	-2.9172
505E	-3.72805
505F	-0.42927
505G	-3.5475
505H	-1.20626
505I	-3.65046
505K	-3.59865
505L	-3.77473
505M	-3.70105
505N	-3.47805
505P	-3.43784
505Q	-3.52845
505R	-3.53511
505S	-3.77161
505T	-3.39104
505V	-3.57576
505W	0.54611
506A	-2.47058
506C	-2.75521
506D	-3.7491
506E	-3.41351
506F	-3.28171
506G	-3.37385
506H	-1.18049
506I	-3.0377
506K	-2.19089
506L	-2.18493
506M	-0.78237
506N	-0.24653
506P	-3.51054
506R	-2.57035
506S	-2.71498
506T	-3.21955
506V	-3.23784
506W	-3.1186
506Y	-3.53729
507A	-1.05796
507C	-2.7789
507D	-3.84817
507E	-3.84817
507F	-3.63434
507G	-1.78634
507H	-3.6546
507I	-3.61236
507K	-3.49582
507L	-3.60528
507M	-3.10892
507N	-3.26432
507Q	-3.38611
507R	-2.71702
507S	-1.2083
507T	-3.58013
507W	-3.3003
507Y	-3.50943
508A	-0.52422
508C	-0.47205
508D	-2.06903
508E	-1.77526
508F	-0.20503
508G	-3.1389
508H	0.35684
508I	-0.65138
508K	-1.85148
508L	-0.65742
508M	-0.28119
508N	-0.2796
508P	-2.79329
508Q	-0.34965
508R	-0.81037
508S	-0.59792
508T	-0.28759
508V	-0.41498
508W	-0.34299
509A	-3.1248
509C	-3.37394
509D	-3.10208
509E	-3.35635
509F	-3.07874
509G	-3.13313
509H	-1.00344
509I	-3.64252
509K	-1.10249
509L	-2.54112
509M	-3.32731
509N	-3.10013
509P	-3.13718
509Q	-3.71678
509S	-3.3783
509T	-3.34555
509V	-2.52455
509W	-3.42489
509Y	-3.70578
510A	-1.15057
510C	-0.39949
510D	-1.83665
510E	-3.41032
510F	-2.93675
510G	-3.67099
510H	-3.47042
510I	-0.2611
510K	-0.03709
510L	-0.79041
510M	-0.59997
510N	-3.10498
510P	-2.81164
510R	-2.6201
510S	-1.84419
510T	-0.54444
510W	-2.0168
510Y	-3.4197
511A	-1.00165
511C	-0.83317
511D	-3.05948
511E	-2.72048
511F	-2.88486
511G	-2.84512
511K	-3.56458
511L	-0.7556
511M	-0.88248
511N	-2.42356
511P	-2.63526
511Q	-3.11897
511R	-2.73927
511S	-3.3204
511T	-1.34258
511W	-2.50692
511Y	-2.80982
512A	-1.11787
512D	-2.31294
512E	-2.82907
512F	-3.278
512G	-3.49432
512H	-3.36806
512I	-0.27777
512K	-1.61386
512L	-2.8733
512M	-2.98142
512N	-3.10123
512P	-3.07417
512Q	-2.03741
512R	-2.73361
512S	-2.39864
512T	-1.04957
512W	-3.23022
512Y	-3.55129
513A	-2.77405
513C	-3.11841
513D	-3.60047
513E	-3.20523
513F	-0.3848
513G	-2.883
513H	-2.75358
513I	-0.29711
513K	-2.73988
513M	-0.25883
513N	-2.98837
513P	-3.04768
513Q	-2.63408
513R	-3.67875
513S	-3.04627
513T	-2.18401
513V	-0.40827
513W	-1.45603
513Y	-3.03754
514A	-0.1526
514C	-0.15345
514D	-0.2357
514E	-0.32592
514F	-0.21149
514G	-0.11431
514H	-0.09578
514I	-0.23037
514K	-0.28157
514L	-0.26466
514M	-0.20374
514N	-0.13158
514P	-2.82901
514Q	-0.08731
514R	-0.34488
514T	0.12999
514V	-0.23762
514W	-0.13434
514Y	-0.24671
515A	-1.05055
515C	-0.83677
515D	-2.13924
515E	-1.60361
515G	-0.67736
515H	-0.85711
515I	-0.47538
515K	-1.10296
515L	-0.28537
515M	-0.16448
515N	-1.54671
515P	-1.25526
515Q	-1.52341
515R	-1.18652
515S	-1.80126
515T	-0.75761
515V	-0.62951
515W	-0.33322
515Y	-0.21036
516A	-0.32385
516C	-0.40619
516D	-0.03667
516F	-0.72671
516G	-0.18012
516H	-0.17745
516I	-0.46791
516K	-0.23119
516L	-0.35101
516M	-0.33291
516N	-0.14726
516P	-0.32504
516Q	0.04021
516R	-0.31048
516S	-0.23352
516T	-0.13985
516V	-0.33315
516W	-0.27792
516Y	-0.48642
517A	-0.22513
517C	-0.09313
517D	-0.05007
517E	-0.06741
517F	-0.11131
517G	-0.06035
517H	-0.02232
517I	-0.06643
517K	0.07851
517M	0.19304
517N	0.0457
517P	-0.34529
517Q	-0.01544
517R	-0.03248
517S	0.01306
517T	0.08388
517V	-0.0398
517W	-0.01648
517Y	-0.1756
518A	0.04717
518C	-0.10694
518D	0.10105
518E	0.00804
518F	-0.0625
518G	0.21046
518H	-0.11638
518I	-0.21793
518K	-0.01742
518M	-0.05262
518N	0.0881
518P	-0.12837
518Q	0.00842
518R	-0.04569
518S	0.07854
518T	-0.01311
518V	-0.17387
518W	-0.22203
518Y	-0.10326
519A	0.10131
519C	-0.24925
519D	0.04636
519E	0.02375
519F	-0.17026
519G	0.02335
519I	-0.19803
519K	0.26887
519L	-0.16275
519M	-0.05827
519N	0.09088
519P	0.18378
519Q	0.13983
519R	-0.0054
519S	0.03161
519T	-0.11431
519V	-0.12572
519W	-0.24467
519Y	-0.13336
520C	-0.31685
520D	-0.20342
520E	0.03847
520F	-0.20376
520G	-0.02759
520H	-0.0137
520I	-0.12722
520K	0.06855
520L	-0.1265
520M	-0.10412
520N	-0.02377
520P	0.09613
520Q	-0.09126
520R	-0.09794
520S	0.02854
520T	0.03289
520V	-0.08613
520W	-0.1036
520Y	-0.0966
521A	-0.43485
521C	-0.21129
521D	0.0187
521E	-0.06474
521F	-0.23754
521G	0.05267
521H	-0.00253
521I	-0.30696
521K	0.15984
521L	-0.24828
521M	-0.20909
521N	-0.12288
521Q	-0.07571
521R	-0.00865
521S	-0.06759
521T	-0.09055
521V	-0.17996
521W	-0.36215
521Y	-0.21195
522C	-0.03985
522D	0.0307
522E	-0.10584
522F	0.0026
522G	-0.09067
522H	0.03354
522I	-0.10053
522K	0.1339
522L	-0.1538
522M	-0.09808
522N	-0.0362
522P	-0.04604
522Q	-0.11041
522S	-0.00099
522T	-0.06006
522V	-0.06008
522W	-0.09838
522Y	-0.01314
523A	-0.11208
523C	-0.46317
523D	0.0087
523E	-0.06347
523G	-0.11895
523H	-0.08323
523I	-0.20902
523K	0.01899
523L	-0.17554
523M	-0.10426
523N	-0.12729
523P	-0.26689
523Q	-0.08752
523R	-0.14043
523S	-0.00873
523V	-0.23865
523W	-0.28563
523Y	-0.23177
524A	-0.1485
524D	0.10197
524E	-0.05381
524F	-0.27301
524G	0.05602
524H	0.03134
524I	-0.09815
524K	-0.19701
524L	-0.1612
524M	-0.12114
524N	-0.31564
524P	0.01451
524Q	0.18829
524R	-0.05341
524S	-0.17765
524W	-0.5218
525A	-0.12951
525D	-0.10563
525E	-0.17261
525F	-0.1267
525G	-0.08834
525H	-0.2013
525I	-0.11619
525K	-0.08684
525L	-0.16288
525M	-0.18438
525N	-0.2263
525P	-0.21724
525Q	-0.22797
525R	-0.1672
525S	-0.1404
525T	-0.15917
525V	-0.19685
525W	-0.21648
525Y	-0.13635
526A	-0.18805
526C	-0.23258
526D	-0.04545
526E	-0.16619
526F	-0.17313
526H	-0.02729
526I	-0.07345
526K	-0.1509
526L	-0.1459
526M	-0.1257
526N	-0.19421
526P	0.00349
526Q	-0.09926
526R	-0.15197
526S	-0.01243
526T	-0.05736
526V	-0.26145
526W	-0.18351
526Y	-0.21758
527A	0.22172
527C	0.02127
527D	-0.08202
527E	0.00289
527F	0.06896
527G	-0.13678
527H	0.0639
527I	0.21861
527K	0.18574
527M	0.08659
527N	-0.13617
527Q	-0.01631
527R	0.15381
527S	0.0859
527T	0.13466
527V	0.10718
527W	0.17803
527Y	0.13084
528A	-0.02105
528C	-0.17525
528D	-0.02764
528E	-0.07717
528F	-0.02473
528G	0.02185
528H	-0.05792
528I	-0.12018
528L	-0.06438
528M	0.02182
528N	0.05902
528P	-0.07658
528Q	-0.01913
528R	0.01968
528S	-0.22359
528T	-0.04796
528V	-0.00915
528W	-0.1214
528Y	-0.03761
529A	0.17307
529C	-0.12137
529D	0.02201
529E	-0.03732
529F	0.13705
529G	0.06246
529H	0.02517
529I	0.01895
529L	0.01965
529M	0.05947
529N	-0.16343
529P	-0.04568
529Q	-0.03688
529R	0.06321
529S	-0.01705
529T	0.094
529V	0.02281
529W	0.09833
529Y	0.09861
530A	0.06771
530C	-0.1042
530D	0.08959
530E	0.00597
530F	0.01699
530G	0.00347
530H	-0.00172
530I	0.00546
530K	0.0475
530L	0.0107
530M	0.37319
530N	-0.01092
530P	-0.254
530Q	-0.02049
530R	0.00861
530T	0.34635
530V	0.01011
530W	0.00438
530Y	0.04656
531A	0.04568
531F	0.02575
531G	0.03514
531I	0.07538
531K	0.02525
531M	-0.00449
531N	0.24903
531P	0.15458
531Q	-0.20152
531V	-0.01541
531W	-0.00779
